ISO-10303-21;
HEADER;
FILE_DESCRIPTION( ( 'Unknown' ), '1' );
FILE_NAME( '//Ntcw022/edgesv/fsw/ユーザ提出用データ/ﾃﾞｨﾃｸﾀｰｽｲｯﾁ/ESE11/ese11mv9-std-sk.stp', 'Unknown', ( 'Unknown' ), ( 'Unknown' ), 'PSStep 10.0', 'Unknown', '  ' );
FILE_SCHEMA( ( 'AUTOMOTIVE_DESIGN { 1 0 10303 214 1 1 1 1 }' ) );
ENDSEC;
DATA;
#1 = MECHANICAL_DESIGN_GEOMETRIC_PRESENTATION_REPRESENTATION( ' ', ( #38, #39, #40, #41, #42, #43, #44, #45, #46, #47, #48, #49, #50, #51, #52, #53, #54, #55, #56, #57, #58, #59, #60, #61, #62, #63, #64, #65, #66, #67, #68, #69, #70, #71, #72, #73, #74, #75, #76, #77, #78, #79, #80, #81, #82, #83, #84, #85, #86, #87, #88, #89, #90, #91, #92, #93, #94, #95, #96, #97, #98, #99, #100, #101, #102, #103, #104, #105, #106, #107, #108, #109, #110, #111, #112, #113, #114, #115, #116, #117, #118, #119, #120, #121, #122, #123, #124, #125, #126, #127, #128, #129, #130, #131, #132, #133, #134, #135, #136, #137, #138, #139, #140, #141, #142, #143, #144, #145, #146, #147, #148, #149, #150, #151, #152, #153, #154, #155, #156, #157, #158, #159, #160, #161, #162, #163, #164, #165, #166, #167, #168, #169, #170, #171, #172, #173, #174, #175, #176, #177, #178, #179, #180, #181, #182, #183, #184, #185, #186 ), #34 );
#2 = PRODUCT_DEFINITION_CONTEXT( '', #187, 'design' );
#3 = APPLICATION_PROTOCOL_DEFINITION( 'INTERNATIONAL STANDARD', 'automotive_design', 2001, #187 );
#4 = PRODUCT_CATEGORY_RELATIONSHIP( 'NONE', 'NONE', #188, #189 );
#5 = SHAPE_DEFINITION_REPRESENTATION( #190, #191 );
#6 = PRODUCT_DEFINITION_CONTEXT( '', #192, 'design' );
#7 = APPLICATION_PROTOCOL_DEFINITION( 'INTERNATIONAL STANDARD', 'automotive_design', 2001, #192 );
#8 = PRODUCT_CATEGORY_RELATIONSHIP( 'NONE', 'NONE', #193, #194 );
#9 = SHAPE_DEFINITION_REPRESENTATION( #195, #196 );
#10 = PRODUCT_DEFINITION_CONTEXT( '', #197, 'design' );
#11 = APPLICATION_PROTOCOL_DEFINITION( 'INTERNATIONAL STANDARD', 'automotive_design', 2001, #197 );
#12 = PRODUCT_CATEGORY_RELATIONSHIP( 'NONE', 'NONE', #198, #199 );
#13 = SHAPE_DEFINITION_REPRESENTATION( #200, #201 );
#14 = PRODUCT_DEFINITION_CONTEXT( '', #202, 'design' );
#15 = APPLICATION_PROTOCOL_DEFINITION( 'INTERNATIONAL STANDARD', 'automotive_design', 2001, #202 );
#16 = PRODUCT_CATEGORY_RELATIONSHIP( 'NONE', 'NONE', #203, #204 );
#17 = SHAPE_DEFINITION_REPRESENTATION( #205, #206 );
#18 = PRODUCT_DEFINITION_CONTEXT( '', #207, 'design' );
#19 = APPLICATION_PROTOCOL_DEFINITION( 'INTERNATIONAL STANDARD', 'automotive_design', 2001, #207 );
#20 = PRODUCT_CATEGORY_RELATIONSHIP( 'NONE', 'NONE', #208, #209 );
#21 = SHAPE_DEFINITION_REPRESENTATION( #210, #211 );
#22 = PRODUCT_DEFINITION_CONTEXT( '', #212, 'design' );
#23 = APPLICATION_PROTOCOL_DEFINITION( 'INTERNATIONAL STANDARD', 'automotive_design', 2001, #212 );
#24 = PRODUCT_CATEGORY_RELATIONSHIP( 'NONE', 'NONE', #213, #214 );
#25 = SHAPE_DEFINITION_REPRESENTATION( #215, #216 );
#26 = PRODUCT_DEFINITION_CONTEXT( '', #217, 'design' );
#27 = APPLICATION_PROTOCOL_DEFINITION( 'INTERNATIONAL STANDARD', 'automotive_design', 2001, #217 );
#28 = PRODUCT_CATEGORY_RELATIONSHIP( 'NONE', 'NONE', #218, #219 );
#29 = SHAPE_DEFINITION_REPRESENTATION( #220, #221 );
#30 = PRODUCT_DEFINITION_CONTEXT( '', #222, 'design' );
#31 = APPLICATION_PROTOCOL_DEFINITION( 'INTERNATIONAL STANDARD', 'automotive_design', 2001, #222 );
#32 = PRODUCT_CATEGORY_RELATIONSHIP( 'NONE', 'NONE', #223, #224 );
#33 = SHAPE_DEFINITION_REPRESENTATION( #225, #226 );
#34 =  ( GEOMETRIC_REPRESENTATION_CONTEXT( 3 )GLOBAL_UNCERTAINTY_ASSIGNED_CONTEXT( ( #229 ) )GLOBAL_UNIT_ASSIGNED_CONTEXT( ( #231, #232, #233 ) )REPRESENTATION_CONTEXT( 'NONE', 'WORKSPACE' ) );
#38 = STYLED_ITEM( '', ( #235 ), #236 );
#39 = STYLED_ITEM( '', ( #237 ), #238 );
#40 = STYLED_ITEM( '', ( #239 ), #240 );
#41 = STYLED_ITEM( '', ( #241 ), #242 );
#42 = STYLED_ITEM( '', ( #243 ), #244 );
#43 = STYLED_ITEM( '', ( #245 ), #246 );
#44 = STYLED_ITEM( '', ( #247 ), #248 );
#45 = STYLED_ITEM( '', ( #249 ), #250 );
#46 = STYLED_ITEM( '', ( #251 ), #252 );
#47 = STYLED_ITEM( '', ( #253 ), #254 );
#48 = STYLED_ITEM( '', ( #255 ), #256 );
#49 = STYLED_ITEM( '', ( #257 ), #258 );
#50 = STYLED_ITEM( '', ( #259 ), #260 );
#51 = STYLED_ITEM( '', ( #261 ), #262 );
#52 = STYLED_ITEM( '', ( #263 ), #264 );
#53 = STYLED_ITEM( '', ( #265 ), #266 );
#54 = STYLED_ITEM( '', ( #267 ), #268 );
#55 = STYLED_ITEM( '', ( #269 ), #270 );
#56 = STYLED_ITEM( '', ( #271 ), #272 );
#57 = STYLED_ITEM( '', ( #273 ), #274 );
#58 = STYLED_ITEM( '', ( #275 ), #276 );
#59 = STYLED_ITEM( '', ( #277 ), #278 );
#60 = STYLED_ITEM( '', ( #279 ), #280 );
#61 = STYLED_ITEM( '', ( #281 ), #282 );
#62 = STYLED_ITEM( '', ( #283 ), #284 );
#63 = STYLED_ITEM( '', ( #285 ), #286 );
#64 = STYLED_ITEM( '', ( #287 ), #288 );
#65 = STYLED_ITEM( '', ( #289 ), #290 );
#66 = STYLED_ITEM( '', ( #291 ), #292 );
#67 = STYLED_ITEM( '', ( #293 ), #294 );
#68 = STYLED_ITEM( '', ( #295 ), #296 );
#69 = STYLED_ITEM( '', ( #297 ), #298 );
#70 = STYLED_ITEM( '', ( #299 ), #300 );
#71 = STYLED_ITEM( '', ( #301 ), #302 );
#72 = STYLED_ITEM( '', ( #303 ), #304 );
#73 = STYLED_ITEM( '', ( #305 ), #306 );
#74 = STYLED_ITEM( '', ( #307 ), #308 );
#75 = STYLED_ITEM( '', ( #309 ), #310 );
#76 = STYLED_ITEM( '', ( #311 ), #312 );
#77 = STYLED_ITEM( '', ( #313 ), #314 );
#78 = STYLED_ITEM( '', ( #315 ), #316 );
#79 = STYLED_ITEM( '', ( #317 ), #318 );
#80 = STYLED_ITEM( '', ( #319 ), #320 );
#81 = STYLED_ITEM( '', ( #321 ), #322 );
#82 = STYLED_ITEM( '', ( #323 ), #324 );
#83 = STYLED_ITEM( '', ( #325 ), #326 );
#84 = STYLED_ITEM( '', ( #327 ), #328 );
#85 = STYLED_ITEM( '', ( #329 ), #330 );
#86 = STYLED_ITEM( '', ( #331 ), #332 );
#87 = STYLED_ITEM( '', ( #333 ), #334 );
#88 = STYLED_ITEM( '', ( #335 ), #336 );
#89 = STYLED_ITEM( '', ( #337 ), #338 );
#90 = STYLED_ITEM( '', ( #339 ), #340 );
#91 = STYLED_ITEM( '', ( #341 ), #342 );
#92 = STYLED_ITEM( '', ( #343 ), #344 );
#93 = STYLED_ITEM( '', ( #345 ), #346 );
#94 = STYLED_ITEM( '', ( #347 ), #348 );
#95 = STYLED_ITEM( '', ( #349 ), #350 );
#96 = STYLED_ITEM( '', ( #351 ), #352 );
#97 = STYLED_ITEM( '', ( #353 ), #354 );
#98 = STYLED_ITEM( '', ( #355 ), #356 );
#99 = STYLED_ITEM( '', ( #357 ), #358 );
#100 = STYLED_ITEM( '', ( #359 ), #360 );
#101 = STYLED_ITEM( '', ( #361 ), #362 );
#102 = STYLED_ITEM( '', ( #363 ), #364 );
#103 = STYLED_ITEM( '', ( #365 ), #366 );
#104 = STYLED_ITEM( '', ( #367 ), #368 );
#105 = STYLED_ITEM( '', ( #369 ), #370 );
#106 = STYLED_ITEM( '', ( #371 ), #372 );
#107 = STYLED_ITEM( '', ( #373 ), #374 );
#108 = STYLED_ITEM( '', ( #375 ), #376 );
#109 = STYLED_ITEM( '', ( #377 ), #378 );
#110 = STYLED_ITEM( '', ( #379 ), #380 );
#111 = STYLED_ITEM( '', ( #381 ), #382 );
#112 = STYLED_ITEM( '', ( #383 ), #384 );
#113 = STYLED_ITEM( '', ( #385 ), #386 );
#114 = STYLED_ITEM( '', ( #387 ), #388 );
#115 = STYLED_ITEM( '', ( #389 ), #390 );
#116 = STYLED_ITEM( '', ( #391 ), #392 );
#117 = STYLED_ITEM( '', ( #393 ), #394 );
#118 = STYLED_ITEM( '', ( #395 ), #396 );
#119 = STYLED_ITEM( '', ( #397 ), #398 );
#120 = STYLED_ITEM( '', ( #399 ), #400 );
#121 = STYLED_ITEM( '', ( #401 ), #402 );
#122 = STYLED_ITEM( '', ( #403 ), #404 );
#123 = STYLED_ITEM( '', ( #405 ), #406 );
#124 = STYLED_ITEM( '', ( #407 ), #408 );
#125 = STYLED_ITEM( '', ( #409 ), #410 );
#126 = STYLED_ITEM( '', ( #411 ), #412 );
#127 = STYLED_ITEM( '', ( #413 ), #414 );
#128 = STYLED_ITEM( '', ( #415 ), #416 );
#129 = STYLED_ITEM( '', ( #417 ), #418 );
#130 = STYLED_ITEM( '', ( #419 ), #420 );
#131 = STYLED_ITEM( '', ( #421 ), #422 );
#132 = STYLED_ITEM( '', ( #423 ), #424 );
#133 = STYLED_ITEM( '', ( #425 ), #426 );
#134 = STYLED_ITEM( '', ( #427 ), #428 );
#135 = STYLED_ITEM( '', ( #429 ), #430 );
#136 = STYLED_ITEM( '', ( #431 ), #432 );
#137 = STYLED_ITEM( '', ( #433 ), #434 );
#138 = STYLED_ITEM( '', ( #435 ), #436 );
#139 = STYLED_ITEM( '', ( #437 ), #438 );
#140 = STYLED_ITEM( '', ( #439 ), #440 );
#141 = STYLED_ITEM( '', ( #441 ), #442 );
#142 = STYLED_ITEM( '', ( #443 ), #444 );
#143 = STYLED_ITEM( '', ( #445 ), #446 );
#144 = STYLED_ITEM( '', ( #447 ), #448 );
#145 = STYLED_ITEM( '', ( #449 ), #450 );
#146 = STYLED_ITEM( '', ( #451 ), #452 );
#147 = STYLED_ITEM( '', ( #453 ), #454 );
#148 = STYLED_ITEM( '', ( #455 ), #456 );
#149 = STYLED_ITEM( '', ( #457 ), #458 );
#150 = STYLED_ITEM( '', ( #459 ), #460 );
#151 = STYLED_ITEM( '', ( #461 ), #462 );
#152 = STYLED_ITEM( '', ( #463 ), #464 );
#153 = STYLED_ITEM( '', ( #465 ), #466 );
#154 = STYLED_ITEM( '', ( #467 ), #468 );
#155 = STYLED_ITEM( '', ( #469 ), #470 );
#156 = STYLED_ITEM( '', ( #471 ), #472 );
#157 = STYLED_ITEM( '', ( #473 ), #474 );
#158 = STYLED_ITEM( '', ( #475 ), #476 );
#159 = STYLED_ITEM( '', ( #477 ), #478 );
#160 = STYLED_ITEM( '', ( #479 ), #480 );
#161 = STYLED_ITEM( '', ( #481 ), #482 );
#162 = STYLED_ITEM( '', ( #483 ), #484 );
#163 = STYLED_ITEM( '', ( #485 ), #486 );
#164 = STYLED_ITEM( '', ( #487 ), #488 );
#165 = STYLED_ITEM( '', ( #489 ), #490 );
#166 = STYLED_ITEM( '', ( #491 ), #492 );
#167 = STYLED_ITEM( '', ( #493 ), #494 );
#168 = STYLED_ITEM( '', ( #495 ), #496 );
#169 = STYLED_ITEM( '', ( #497 ), #498 );
#170 = STYLED_ITEM( '', ( #499 ), #500 );
#171 = STYLED_ITEM( '', ( #501 ), #502 );
#172 = STYLED_ITEM( '', ( #503 ), #504 );
#173 = STYLED_ITEM( '', ( #505 ), #506 );
#174 = STYLED_ITEM( '', ( #507 ), #508 );
#175 = STYLED_ITEM( '', ( #509 ), #510 );
#176 = STYLED_ITEM( '', ( #511 ), #512 );
#177 = STYLED_ITEM( '', ( #513 ), #514 );
#178 = STYLED_ITEM( '', ( #515 ), #516 );
#179 = STYLED_ITEM( '', ( #517 ), #518 );
#180 = STYLED_ITEM( '', ( #519 ), #520 );
#181 = STYLED_ITEM( '', ( #521 ), #522 );
#182 = STYLED_ITEM( '', ( #523 ), #524 );
#183 = STYLED_ITEM( '', ( #525 ), #526 );
#184 = STYLED_ITEM( '', ( #527 ), #528 );
#185 = STYLED_ITEM( '', ( #529 ), #530 );
#186 = STYLED_ITEM( '', ( #531 ), #532 );
#187 = APPLICATION_CONTEXT( 'core data for automotive mechanical design processes' );
#188 = PRODUCT_CATEGORY( 'part', 'NONE' );
#189 = PRODUCT_RELATED_PRODUCT_CATEGORY( 'detail', ' ', ( #533 ) );
#190 = PRODUCT_DEFINITION_SHAPE( 'NONE', 'NONE', #534 );
#191 = ADVANCED_BREP_SHAPE_REPRESENTATION( 'Assem1', ( #535, #536, #537, #538, #539, #540, #541, #542 ), #34 );
#192 = APPLICATION_CONTEXT( 'core data for automotive mechanical design processes' );
#193 = PRODUCT_CATEGORY( 'part', 'NONE' );
#194 = PRODUCT_RELATED_PRODUCT_CATEGORY( 'detail', ' ', ( #543 ) );
#195 = PRODUCT_DEFINITION_SHAPE( 'NONE', 'NONE', #544 );
#196 = ADVANCED_BREP_SHAPE_REPRESENTATION( 'sw-3d-131-e11cs2-mvA-sk-r00', ( #545 ), #34 );
#197 = APPLICATION_CONTEXT( 'core data for automotive mechanical design processes' );
#198 = PRODUCT_CATEGORY( 'part', 'NONE' );
#199 = PRODUCT_RELATED_PRODUCT_CATEGORY( 'detail', ' ', ( #546 ) );
#200 = PRODUCT_DEFINITION_SHAPE( 'NONE', 'NONE', #547 );
#201 = ADVANCED_BREP_SHAPE_REPRESENTATION( 'sw-3d-131-e11cv4ab-sk-r17', ( #548 ), #34 );
#202 = APPLICATION_CONTEXT( 'core data for automotive mechanical design processes' );
#203 = PRODUCT_CATEGORY( 'part', 'NONE' );
#204 = PRODUCT_RELATED_PRODUCT_CATEGORY( 'detail', ' ', ( #549 ) );
#205 = PRODUCT_DEFINITION_SHAPE( 'NONE', 'NONE', #550 );
#206 = ADVANCED_BREP_SHAPE_REPRESENTATION( 'sw-3d-131-e11lv4ab-sk-r00', ( #551 ), #34 );
#207 = APPLICATION_CONTEXT( 'core data for automotive mechanical design processes' );
#208 = PRODUCT_CATEGORY( 'part', 'NONE' );
#209 = PRODUCT_RELATED_PRODUCT_CATEGORY( 'detail', ' ', ( #552 ) );
#210 = PRODUCT_DEFINITION_SHAPE( 'NONE', 'NONE', #553 );
#211 = ADVANCED_BREP_SHAPE_REPRESENTATION( 'sw-3d-131-e11ts1-mv-4-sk-r00', ( #554 ), #34 );
#212 = APPLICATION_CONTEXT( 'core data for automotive mechanical design processes' );
#213 = PRODUCT_CATEGORY( 'part', 'NONE' );
#214 = PRODUCT_RELATED_PRODUCT_CATEGORY( 'detail', ' ', ( #555 ) );
#215 = PRODUCT_DEFINITION_SHAPE( 'NONE', 'NONE', #556 );
#216 = ADVANCED_BREP_SHAPE_REPRESENTATION( 'sw-3d-131-e11ts1-mv-4-sk-r00', ( #557 ), #34 );
#217 = APPLICATION_CONTEXT( 'core data for automotive mechanical design processes' );
#218 = PRODUCT_CATEGORY( 'part', 'NONE' );
#219 = PRODUCT_RELATED_PRODUCT_CATEGORY( 'detail', ' ', ( #558 ) );
#220 = PRODUCT_DEFINITION_SHAPE( 'NONE', 'NONE', #559 );
#221 = ADVANCED_BREP_SHAPE_REPRESENTATION( 'sw-3d-131-e11ts1-mv-4-sk-r00', ( #560 ), #34 );
#222 = APPLICATION_CONTEXT( 'core data for automotive mechanical design processes' );
#223 = PRODUCT_CATEGORY( 'part', 'NONE' );
#224 = PRODUCT_RELATED_PRODUCT_CATEGORY( 'detail', ' ', ( #561 ) );
#225 = PRODUCT_DEFINITION_SHAPE( 'NONE', 'NONE', #562 );
#226 = ADVANCED_BREP_SHAPE_REPRESENTATION( 'sw-3d-131-e11ts1-mv-4-sk-r00', ( #563 ), #34 );
#229 = UNCERTAINTY_MEASURE_WITH_UNIT( LENGTH_MEASURE( 0.00100000000000000 ), #231, '', '' );
#231 =  ( CONVERSION_BASED_UNIT( 'MILLIMETRE', #566 )LENGTH_UNIT(  )NAMED_UNIT( #569 ) );
#232 =  ( NAMED_UNIT( #571 )PLANE_ANGLE_UNIT(  )SI_UNIT( $, .RADIAN. ) );
#233 =  ( NAMED_UNIT( #571 )SI_UNIT( $, .STERADIAN. )SOLID_ANGLE_UNIT(  ) );
#235 = PRESENTATION_STYLE_ASSIGNMENT( ( #577 ) );
#236 = ADVANCED_FACE( '', ( #578 ), #579, .F. );
#237 = PRESENTATION_STYLE_ASSIGNMENT( ( #580 ) );
#238 = ADVANCED_FACE( '', ( #581 ), #582, .F. );
#239 = PRESENTATION_STYLE_ASSIGNMENT( ( #583 ) );
#240 = ADVANCED_FACE( '', ( #584 ), #585, .T. );
#241 = PRESENTATION_STYLE_ASSIGNMENT( ( #586 ) );
#242 = ADVANCED_FACE( '', ( #587 ), #588, .F. );
#243 = PRESENTATION_STYLE_ASSIGNMENT( ( #589 ) );
#244 = ADVANCED_FACE( '', ( #590 ), #591, .T. );
#245 = PRESENTATION_STYLE_ASSIGNMENT( ( #592 ) );
#246 = ADVANCED_FACE( '', ( #593 ), #594, .F. );
#247 = PRESENTATION_STYLE_ASSIGNMENT( ( #595 ) );
#248 = ADVANCED_FACE( '', ( #596 ), #597, .T. );
#249 = PRESENTATION_STYLE_ASSIGNMENT( ( #598 ) );
#250 = ADVANCED_FACE( '', ( #599 ), #600, .T. );
#251 = PRESENTATION_STYLE_ASSIGNMENT( ( #601 ) );
#252 = ADVANCED_FACE( '', ( #602 ), #603, .F. );
#253 = PRESENTATION_STYLE_ASSIGNMENT( ( #604 ) );
#254 = ADVANCED_FACE( '', ( #605 ), #606, .T. );
#255 = PRESENTATION_STYLE_ASSIGNMENT( ( #607 ) );
#256 = ADVANCED_FACE( '', ( #608 ), #609, .F. );
#257 = PRESENTATION_STYLE_ASSIGNMENT( ( #610 ) );
#258 = ADVANCED_FACE( '', ( #611 ), #612, .T. );
#259 = PRESENTATION_STYLE_ASSIGNMENT( ( #613 ) );
#260 = ADVANCED_FACE( '', ( #614 ), #615, .T. );
#261 = PRESENTATION_STYLE_ASSIGNMENT( ( #616 ) );
#262 = ADVANCED_FACE( '', ( #617 ), #618, .T. );
#263 = PRESENTATION_STYLE_ASSIGNMENT( ( #619 ) );
#264 = ADVANCED_FACE( '', ( #620 ), #621, .F. );
#265 = PRESENTATION_STYLE_ASSIGNMENT( ( #622 ) );
#266 = ADVANCED_FACE( '', ( #623 ), #624, .T. );
#267 = PRESENTATION_STYLE_ASSIGNMENT( ( #625 ) );
#268 = ADVANCED_FACE( '', ( #626 ), #627, .F. );
#269 = PRESENTATION_STYLE_ASSIGNMENT( ( #628 ) );
#270 = ADVANCED_FACE( '', ( #629 ), #630, .T. );
#271 = PRESENTATION_STYLE_ASSIGNMENT( ( #631 ) );
#272 = ADVANCED_FACE( '', ( #632 ), #633, .F. );
#273 = PRESENTATION_STYLE_ASSIGNMENT( ( #634 ) );
#274 = ADVANCED_FACE( '', ( #635 ), #636, .T. );
#275 = PRESENTATION_STYLE_ASSIGNMENT( ( #637 ) );
#276 = ADVANCED_FACE( '', ( #638 ), #639, .F. );
#277 = PRESENTATION_STYLE_ASSIGNMENT( ( #640 ) );
#278 = ADVANCED_FACE( '', ( #641 ), #642, .F. );
#279 = PRESENTATION_STYLE_ASSIGNMENT( ( #643 ) );
#280 = ADVANCED_FACE( '', ( #644 ), #645, .T. );
#281 = PRESENTATION_STYLE_ASSIGNMENT( ( #646 ) );
#282 = ADVANCED_FACE( '', ( #647 ), #648, .T. );
#283 = PRESENTATION_STYLE_ASSIGNMENT( ( #649 ) );
#284 = ADVANCED_FACE( '', ( #650 ), #651, .F. );
#285 = PRESENTATION_STYLE_ASSIGNMENT( ( #652 ) );
#286 = ADVANCED_FACE( '', ( #653, #654 ), #655, .T. );
#287 = PRESENTATION_STYLE_ASSIGNMENT( ( #656 ) );
#288 = ADVANCED_FACE( '', ( #657 ), #658, .T. );
#289 = PRESENTATION_STYLE_ASSIGNMENT( ( #659 ) );
#290 = ADVANCED_FACE( '', ( #660 ), #661, .F. );
#291 = PRESENTATION_STYLE_ASSIGNMENT( ( #662 ) );
#292 = ADVANCED_FACE( '', ( #663 ), #664, .F. );
#293 = PRESENTATION_STYLE_ASSIGNMENT( ( #665 ) );
#294 = ADVANCED_FACE( '', ( #666 ), #667, .T. );
#295 = PRESENTATION_STYLE_ASSIGNMENT( ( #668 ) );
#296 = ADVANCED_FACE( '', ( #669 ), #670, .F. );
#297 = PRESENTATION_STYLE_ASSIGNMENT( ( #671 ) );
#298 = ADVANCED_FACE( '', ( #672, #673, #674 ), #675, .F. );
#299 = PRESENTATION_STYLE_ASSIGNMENT( ( #676 ) );
#300 = ADVANCED_FACE( '', ( #677, #678 ), #679, .T. );
#301 = PRESENTATION_STYLE_ASSIGNMENT( ( #680 ) );
#302 = ADVANCED_FACE( '', ( #681 ), #682, .T. );
#303 = PRESENTATION_STYLE_ASSIGNMENT( ( #683 ) );
#304 = ADVANCED_FACE( '', ( #684 ), #685, .F. );
#305 = PRESENTATION_STYLE_ASSIGNMENT( ( #686 ) );
#306 = ADVANCED_FACE( '', ( #687 ), #688, .F. );
#307 = PRESENTATION_STYLE_ASSIGNMENT( ( #689 ) );
#308 = ADVANCED_FACE( '', ( #690 ), #691, .F. );
#309 = PRESENTATION_STYLE_ASSIGNMENT( ( #692 ) );
#310 = ADVANCED_FACE( '', ( #693 ), #694, .T. );
#311 = PRESENTATION_STYLE_ASSIGNMENT( ( #695 ) );
#312 = ADVANCED_FACE( '', ( #696 ), #697, .F. );
#313 = PRESENTATION_STYLE_ASSIGNMENT( ( #698 ) );
#314 = ADVANCED_FACE( '', ( #699 ), #700, .T. );
#315 = PRESENTATION_STYLE_ASSIGNMENT( ( #701 ) );
#316 = ADVANCED_FACE( '', ( #702, #703 ), #704, .F. );
#317 = PRESENTATION_STYLE_ASSIGNMENT( ( #705 ) );
#318 = ADVANCED_FACE( '', ( #706 ), #707, .T. );
#319 = PRESENTATION_STYLE_ASSIGNMENT( ( #708 ) );
#320 = ADVANCED_FACE( '', ( #709 ), #710, .F. );
#321 = PRESENTATION_STYLE_ASSIGNMENT( ( #711 ) );
#322 = ADVANCED_FACE( '', ( #712 ), #713, .F. );
#323 = PRESENTATION_STYLE_ASSIGNMENT( ( #714 ) );
#324 = ADVANCED_FACE( '', ( #715 ), #716, .F. );
#325 = PRESENTATION_STYLE_ASSIGNMENT( ( #717 ) );
#326 = ADVANCED_FACE( '', ( #718 ), #719, .T. );
#327 = PRESENTATION_STYLE_ASSIGNMENT( ( #720 ) );
#328 = ADVANCED_FACE( '', ( #721, #722 ), #723, .T. );
#329 = PRESENTATION_STYLE_ASSIGNMENT( ( #724 ) );
#330 = ADVANCED_FACE( '', ( #725 ), #726, .F. );
#331 = PRESENTATION_STYLE_ASSIGNMENT( ( #727 ) );
#332 = ADVANCED_FACE( '', ( #728 ), #729, .T. );
#333 = PRESENTATION_STYLE_ASSIGNMENT( ( #730 ) );
#334 = ADVANCED_FACE( '', ( #731 ), #732, .F. );
#335 = PRESENTATION_STYLE_ASSIGNMENT( ( #733 ) );
#336 = ADVANCED_FACE( '', ( #734 ), #735, .T. );
#337 = PRESENTATION_STYLE_ASSIGNMENT( ( #736 ) );
#338 = ADVANCED_FACE( '', ( #737 ), #738, .T. );
#339 = PRESENTATION_STYLE_ASSIGNMENT( ( #739 ) );
#340 = ADVANCED_FACE( '', ( #740 ), #741, .T. );
#341 = PRESENTATION_STYLE_ASSIGNMENT( ( #742 ) );
#342 = ADVANCED_FACE( '', ( #743 ), #744, .T. );
#343 = PRESENTATION_STYLE_ASSIGNMENT( ( #745 ) );
#344 = ADVANCED_FACE( '', ( #746 ), #747, .F. );
#345 = PRESENTATION_STYLE_ASSIGNMENT( ( #748 ) );
#346 = ADVANCED_FACE( '', ( #749 ), #750, .T. );
#347 = PRESENTATION_STYLE_ASSIGNMENT( ( #751 ) );
#348 = ADVANCED_FACE( '', ( #752 ), #753, .F. );
#349 = PRESENTATION_STYLE_ASSIGNMENT( ( #754 ) );
#350 = ADVANCED_FACE( '', ( #755 ), #756, .T. );
#351 = PRESENTATION_STYLE_ASSIGNMENT( ( #757 ) );
#352 = ADVANCED_FACE( '', ( #758 ), #759, .F. );
#353 = PRESENTATION_STYLE_ASSIGNMENT( ( #760 ) );
#354 = ADVANCED_FACE( '', ( #761 ), #762, .T. );
#355 = PRESENTATION_STYLE_ASSIGNMENT( ( #763 ) );
#356 = ADVANCED_FACE( '', ( #764 ), #765, .F. );
#357 = PRESENTATION_STYLE_ASSIGNMENT( ( #766 ) );
#358 = ADVANCED_FACE( '', ( #767 ), #768, .F. );
#359 = PRESENTATION_STYLE_ASSIGNMENT( ( #769 ) );
#360 = ADVANCED_FACE( '', ( #770 ), #771, .T. );
#361 = PRESENTATION_STYLE_ASSIGNMENT( ( #772 ) );
#362 = ADVANCED_FACE( '', ( #773 ), #774, .F. );
#363 = PRESENTATION_STYLE_ASSIGNMENT( ( #775 ) );
#364 = ADVANCED_FACE( '', ( #776 ), #777, .T. );
#365 = PRESENTATION_STYLE_ASSIGNMENT( ( #778 ) );
#366 = ADVANCED_FACE( '', ( #779 ), #780, .F. );
#367 = PRESENTATION_STYLE_ASSIGNMENT( ( #781 ) );
#368 = ADVANCED_FACE( '', ( #782 ), #783, .T. );
#369 = PRESENTATION_STYLE_ASSIGNMENT( ( #784 ) );
#370 = ADVANCED_FACE( '', ( #785 ), #786, .T. );
#371 = PRESENTATION_STYLE_ASSIGNMENT( ( #787 ) );
#372 = ADVANCED_FACE( '', ( #788 ), #789, .T. );
#373 = PRESENTATION_STYLE_ASSIGNMENT( ( #790 ) );
#374 = ADVANCED_FACE( '', ( #791 ), #792, .F. );
#375 = PRESENTATION_STYLE_ASSIGNMENT( ( #793 ) );
#376 = ADVANCED_FACE( '', ( #794 ), #795, .F. );
#377 = PRESENTATION_STYLE_ASSIGNMENT( ( #796 ) );
#378 = ADVANCED_FACE( '', ( #797 ), #798, .T. );
#379 = PRESENTATION_STYLE_ASSIGNMENT( ( #799 ) );
#380 = ADVANCED_FACE( '', ( #800, #801 ), #802, .T. );
#381 = PRESENTATION_STYLE_ASSIGNMENT( ( #803 ) );
#382 = ADVANCED_FACE( '', ( #804 ), #805, .F. );
#383 = PRESENTATION_STYLE_ASSIGNMENT( ( #806 ) );
#384 = ADVANCED_FACE( '', ( #807 ), #808, .T. );
#385 = PRESENTATION_STYLE_ASSIGNMENT( ( #809 ) );
#386 = ADVANCED_FACE( '', ( #810 ), #811, .F. );
#387 = PRESENTATION_STYLE_ASSIGNMENT( ( #812 ) );
#388 = ADVANCED_FACE( '', ( #813 ), #814, .F. );
#389 = PRESENTATION_STYLE_ASSIGNMENT( ( #815 ) );
#390 = ADVANCED_FACE( '', ( #816, #817 ), #818, .T. );
#391 = PRESENTATION_STYLE_ASSIGNMENT( ( #819 ) );
#392 = ADVANCED_FACE( '', ( #820 ), #821, .F. );
#393 = PRESENTATION_STYLE_ASSIGNMENT( ( #822 ) );
#394 = ADVANCED_FACE( '', ( #823 ), #824, .F. );
#395 = PRESENTATION_STYLE_ASSIGNMENT( ( #825 ) );
#396 = ADVANCED_FACE( '', ( #826 ), #827, .F. );
#397 = PRESENTATION_STYLE_ASSIGNMENT( ( #828 ) );
#398 = ADVANCED_FACE( '', ( #829 ), #830, .T. );
#399 = PRESENTATION_STYLE_ASSIGNMENT( ( #831 ) );
#400 = ADVANCED_FACE( '', ( #832 ), #833, .T. );
#401 = PRESENTATION_STYLE_ASSIGNMENT( ( #834 ) );
#402 = ADVANCED_FACE( '', ( #835 ), #836, .F. );
#403 = PRESENTATION_STYLE_ASSIGNMENT( ( #837 ) );
#404 = ADVANCED_FACE( '', ( #838 ), #839, .F. );
#405 = PRESENTATION_STYLE_ASSIGNMENT( ( #840 ) );
#406 = ADVANCED_FACE( '', ( #841 ), #842, .F. );
#407 = PRESENTATION_STYLE_ASSIGNMENT( ( #843 ) );
#408 = ADVANCED_FACE( '', ( #844 ), #845, .F. );
#409 = PRESENTATION_STYLE_ASSIGNMENT( ( #846 ) );
#410 = ADVANCED_FACE( '', ( #847 ), #848, .F. );
#411 = PRESENTATION_STYLE_ASSIGNMENT( ( #849 ) );
#412 = ADVANCED_FACE( '', ( #850 ), #851, .T. );
#413 = PRESENTATION_STYLE_ASSIGNMENT( ( #852 ) );
#414 = ADVANCED_FACE( '', ( #853 ), #854, .T. );
#415 = PRESENTATION_STYLE_ASSIGNMENT( ( #855 ) );
#416 = ADVANCED_FACE( '', ( #856 ), #857, .F. );
#417 = PRESENTATION_STYLE_ASSIGNMENT( ( #858 ) );
#418 = ADVANCED_FACE( '', ( #859 ), #860, .T. );
#419 = PRESENTATION_STYLE_ASSIGNMENT( ( #861 ) );
#420 = ADVANCED_FACE( '', ( #862 ), #863, .T. );
#421 = PRESENTATION_STYLE_ASSIGNMENT( ( #864 ) );
#422 = ADVANCED_FACE( '', ( #865, #866 ), #867, .F. );
#423 = PRESENTATION_STYLE_ASSIGNMENT( ( #868 ) );
#424 = ADVANCED_FACE( '', ( #869 ), #870, .T. );
#425 = PRESENTATION_STYLE_ASSIGNMENT( ( #871 ) );
#426 = ADVANCED_FACE( '', ( #872 ), #873, .F. );
#427 = PRESENTATION_STYLE_ASSIGNMENT( ( #874 ) );
#428 = ADVANCED_FACE( '', ( #875 ), #876, .T. );
#429 = PRESENTATION_STYLE_ASSIGNMENT( ( #877 ) );
#430 = ADVANCED_FACE( '', ( #878 ), #879, .F. );
#431 = PRESENTATION_STYLE_ASSIGNMENT( ( #880 ) );
#432 = ADVANCED_FACE( '', ( #881 ), #882, .F. );
#433 = PRESENTATION_STYLE_ASSIGNMENT( ( #883 ) );
#434 = ADVANCED_FACE( '', ( #884 ), #885, .T. );
#435 = PRESENTATION_STYLE_ASSIGNMENT( ( #886 ) );
#436 = ADVANCED_FACE( '', ( #887 ), #888, .T. );
#437 = PRESENTATION_STYLE_ASSIGNMENT( ( #889 ) );
#438 = ADVANCED_FACE( '', ( #890 ), #891, .F. );
#439 = PRESENTATION_STYLE_ASSIGNMENT( ( #892 ) );
#440 = ADVANCED_FACE( '', ( #893, #894 ), #895, .T. );
#441 = PRESENTATION_STYLE_ASSIGNMENT( ( #896 ) );
#442 = ADVANCED_FACE( '', ( #897 ), #898, .F. );
#443 = PRESENTATION_STYLE_ASSIGNMENT( ( #899 ) );
#444 = ADVANCED_FACE( '', ( #900, #901 ), #902, .T. );
#445 = PRESENTATION_STYLE_ASSIGNMENT( ( #903 ) );
#446 = ADVANCED_FACE( '', ( #904 ), #905, .T. );
#447 = PRESENTATION_STYLE_ASSIGNMENT( ( #906 ) );
#448 = ADVANCED_FACE( '', ( #907 ), #908, .T. );
#449 = PRESENTATION_STYLE_ASSIGNMENT( ( #909 ) );
#450 = ADVANCED_FACE( '', ( #910 ), #911, .T. );
#451 = PRESENTATION_STYLE_ASSIGNMENT( ( #912 ) );
#452 = ADVANCED_FACE( '', ( #913 ), #914, .F. );
#453 = PRESENTATION_STYLE_ASSIGNMENT( ( #915 ) );
#454 = ADVANCED_FACE( '', ( #916 ), #917, .T. );
#455 = PRESENTATION_STYLE_ASSIGNMENT( ( #918 ) );
#456 = ADVANCED_FACE( '', ( #919 ), #920, .F. );
#457 = PRESENTATION_STYLE_ASSIGNMENT( ( #921 ) );
#458 = ADVANCED_FACE( '', ( #922 ), #923, .T. );
#459 = PRESENTATION_STYLE_ASSIGNMENT( ( #924 ) );
#460 = ADVANCED_FACE( '', ( #925 ), #926, .F. );
#461 = PRESENTATION_STYLE_ASSIGNMENT( ( #927 ) );
#462 = ADVANCED_FACE( '', ( #928 ), #929, .F. );
#463 = PRESENTATION_STYLE_ASSIGNMENT( ( #930 ) );
#464 = ADVANCED_FACE( '', ( #931 ), #932, .T. );
#465 = PRESENTATION_STYLE_ASSIGNMENT( ( #933 ) );
#466 = ADVANCED_FACE( '', ( #934 ), #935, .T. );
#467 = PRESENTATION_STYLE_ASSIGNMENT( ( #936 ) );
#468 = ADVANCED_FACE( '', ( #937 ), #938, .F. );
#469 = PRESENTATION_STYLE_ASSIGNMENT( ( #939 ) );
#470 = ADVANCED_FACE( '', ( #940 ), #941, .T. );
#471 = PRESENTATION_STYLE_ASSIGNMENT( ( #942 ) );
#472 = ADVANCED_FACE( '', ( #943 ), #944, .F. );
#473 = PRESENTATION_STYLE_ASSIGNMENT( ( #945 ) );
#474 = ADVANCED_FACE( '', ( #946 ), #947, .T. );
#475 = PRESENTATION_STYLE_ASSIGNMENT( ( #948 ) );
#476 = ADVANCED_FACE( '', ( #949 ), #950, .T. );
#477 = PRESENTATION_STYLE_ASSIGNMENT( ( #951 ) );
#478 = ADVANCED_FACE( '', ( #952 ), #953, .T. );
#479 = PRESENTATION_STYLE_ASSIGNMENT( ( #954 ) );
#480 = ADVANCED_FACE( '', ( #955 ), #956, .F. );
#481 = PRESENTATION_STYLE_ASSIGNMENT( ( #957 ) );
#482 = ADVANCED_FACE( '', ( #958 ), #959, .T. );
#483 = PRESENTATION_STYLE_ASSIGNMENT( ( #960 ) );
#484 = ADVANCED_FACE( '', ( #961 ), #962, .T. );
#485 = PRESENTATION_STYLE_ASSIGNMENT( ( #963 ) );
#486 = ADVANCED_FACE( '', ( #964 ), #965, .T. );
#487 = PRESENTATION_STYLE_ASSIGNMENT( ( #966 ) );
#488 = ADVANCED_FACE( '', ( #967 ), #968, .T. );
#489 = PRESENTATION_STYLE_ASSIGNMENT( ( #969 ) );
#490 = ADVANCED_FACE( '', ( #970 ), #971, .T. );
#491 = PRESENTATION_STYLE_ASSIGNMENT( ( #972 ) );
#492 = ADVANCED_FACE( '', ( #973 ), #974, .F. );
#493 = PRESENTATION_STYLE_ASSIGNMENT( ( #975 ) );
#494 = ADVANCED_FACE( '', ( #976 ), #977, .T. );
#495 = PRESENTATION_STYLE_ASSIGNMENT( ( #978 ) );
#496 = ADVANCED_FACE( '', ( #979 ), #980, .T. );
#497 = PRESENTATION_STYLE_ASSIGNMENT( ( #981 ) );
#498 = ADVANCED_FACE( '', ( #982 ), #983, .F. );
#499 = PRESENTATION_STYLE_ASSIGNMENT( ( #984 ) );
#500 = ADVANCED_FACE( '', ( #985 ), #986, .T. );
#501 = PRESENTATION_STYLE_ASSIGNMENT( ( #987 ) );
#502 = ADVANCED_FACE( '', ( #988 ), #989, .T. );
#503 = PRESENTATION_STYLE_ASSIGNMENT( ( #990 ) );
#504 = ADVANCED_FACE( '', ( #991 ), #992, .T. );
#505 = PRESENTATION_STYLE_ASSIGNMENT( ( #993 ) );
#506 = ADVANCED_FACE( '', ( #994 ), #995, .F. );
#507 = PRESENTATION_STYLE_ASSIGNMENT( ( #996 ) );
#508 = ADVANCED_FACE( '', ( #997 ), #998, .T. );
#509 = PRESENTATION_STYLE_ASSIGNMENT( ( #999 ) );
#510 = ADVANCED_FACE( '', ( #1000 ), #1001, .T. );
#511 = PRESENTATION_STYLE_ASSIGNMENT( ( #1002 ) );
#512 = ADVANCED_FACE( '', ( #1003 ), #1004, .F. );
#513 = PRESENTATION_STYLE_ASSIGNMENT( ( #1005 ) );
#514 = ADVANCED_FACE( '', ( #1006 ), #1007, .T. );
#515 = PRESENTATION_STYLE_ASSIGNMENT( ( #1008 ) );
#516 = ADVANCED_FACE( '', ( #1009 ), #1010, .F. );
#517 = PRESENTATION_STYLE_ASSIGNMENT( ( #1011 ) );
#518 = ADVANCED_FACE( '', ( #1012 ), #1013, .F. );
#519 = PRESENTATION_STYLE_ASSIGNMENT( ( #1014 ) );
#520 = ADVANCED_FACE( '', ( #1015 ), #1016, .F. );
#521 = PRESENTATION_STYLE_ASSIGNMENT( ( #1017 ) );
#522 = ADVANCED_FACE( '', ( #1018 ), #1019, .F. );
#523 = PRESENTATION_STYLE_ASSIGNMENT( ( #1020 ) );
#524 = ADVANCED_FACE( '', ( #1021 ), #1022, .T. );
#525 = PRESENTATION_STYLE_ASSIGNMENT( ( #1023 ) );
#526 = ADVANCED_FACE( '', ( #1024 ), #1025, .T. );
#527 = PRESENTATION_STYLE_ASSIGNMENT( ( #1026 ) );
#528 = ADVANCED_FACE( '', ( #1027 ), #1028, .F. );
#529 = PRESENTATION_STYLE_ASSIGNMENT( ( #1029 ) );
#530 = ADVANCED_FACE( '', ( #1030 ), #1031, .F. );
#531 = PRESENTATION_STYLE_ASSIGNMENT( ( #1032 ) );
#532 = ADVANCED_FACE( '', ( #1033 ), #1034, .F. );
#533 = PRODUCT( 'Assem1', 'Assem1', 'PART-Assem1-DESC', ( #1035 ) );
#534 = PRODUCT_DEFINITION( 'NONE', 'NONE', #1036, #2 );
#535 = MAPPED_ITEM( '', #1037, #1038 );
#536 = MAPPED_ITEM( '', #1039, #1040 );
#537 = MAPPED_ITEM( '', #1041, #1042 );
#538 = MAPPED_ITEM( '', #1043, #1044 );
#539 = MAPPED_ITEM( '', #1045, #1046 );
#540 = MAPPED_ITEM( '', #1047, #1048 );
#541 = MAPPED_ITEM( '', #1049, #1050 );
#542 = AXIS2_PLACEMENT_3D( '', #1051, #1052, #1053 );
#543 = PRODUCT( 'sw-3d-131-e11cs2-mvA-sk-r00', 'sw-3d-131-e11cs2-mvA-sk-r00', 'PART-sw-3d-131-e11cs2-mvA-sk-r00-DESC', ( #1054 ) );
#544 = PRODUCT_DEFINITION( 'NONE', 'NONE', #1055, #6 );
#545 = MANIFOLD_SOLID_BREP( 'sw-3d-131-e11cs2-mvA-sk-r00', #1056 );
#546 = PRODUCT( 'sw-3d-131-e11cv4ab-sk-r17', 'sw-3d-131-e11cv4ab-sk-r17', 'PART-sw-3d-131-e11cv4ab-sk-r17-DESC', ( #1057 ) );
#547 = PRODUCT_DEFINITION( 'NONE', 'NONE', #1058, #10 );
#548 = MANIFOLD_SOLID_BREP( 'sw-3d-131-e11cv4ab-sk-r17', #1059 );
#549 = PRODUCT( 'sw-3d-131-e11lv4ab-sk-r00', 'sw-3d-131-e11lv4ab-sk-r00', 'PART-sw-3d-131-e11lv4ab-sk-r00-DESC', ( #1060 ) );
#550 = PRODUCT_DEFINITION( 'NONE', 'NONE', #1061, #14 );
#551 = MANIFOLD_SOLID_BREP( 'sw-3d-131-e11lv4ab-sk-r00', #1062 );
#552 = PRODUCT( 'sw-3d-131-e11ts1-mv-4-sk-r00', 'sw-3d-131-e11ts1-mv-4-sk-r00', 'PART-sw-3d-131-e11ts1-mv-4-sk-r00-DESC', ( #1063 ) );
#553 = PRODUCT_DEFINITION( 'NONE', 'NONE', #1064, #18 );
#554 = MANIFOLD_SOLID_BREP( 'sw-3d-131-e11ts1-mv-4-sk-r00', #1065 );
#555 = PRODUCT( 'sw-3d-131-e11ts1-mv-4-sk-r00', 'sw-3d-131-e11ts1-mv-4-sk-r00', 'PART-sw-3d-131-e11ts1-mv-4-sk-r00-DESC', ( #1066 ) );
#556 = PRODUCT_DEFINITION( 'NONE', 'NONE', #1067, #22 );
#557 = MANIFOLD_SOLID_BREP( 'sw-3d-131-e11ts1-mv-4-sk-r00', #1068 );
#558 = PRODUCT( 'sw-3d-131-e11ts1-mv-4-sk-r00', 'sw-3d-131-e11ts1-mv-4-sk-r00', 'PART-sw-3d-131-e11ts1-mv-4-sk-r00-DESC', ( #1069 ) );
#559 = PRODUCT_DEFINITION( 'NONE', 'NONE', #1070, #26 );
#560 = MANIFOLD_SOLID_BREP( 'sw-3d-131-e11ts1-mv-4-sk-r00', #1071 );
#561 = PRODUCT( 'sw-3d-131-e11ts1-mv-4-sk-r00', 'sw-3d-131-e11ts1-mv-4-sk-r00', 'PART-sw-3d-131-e11ts1-mv-4-sk-r00-DESC', ( #1072 ) );
#562 = PRODUCT_DEFINITION( 'NONE', 'NONE', #1073, #30 );
#563 = MANIFOLD_SOLID_BREP( 'sw-3d-131-e11ts1-mv-4-sk-r00', #1074 );
#566 = LENGTH_MEASURE_WITH_UNIT( LENGTH_MEASURE( 1.00000000000000 ), #1075 );
#569 = DIMENSIONAL_EXPONENTS( 1.00000000000000, 0.000000000000000, 0.000000000000000, 0.000000000000000, 0.000000000000000, 0.000000000000000, 0.000000000000000 );
#571 = DIMENSIONAL_EXPONENTS( 0.000000000000000, 0.000000000000000, 0.000000000000000, 0.000000000000000, 0.000000000000000, 0.000000000000000, 0.000000000000000 );
#577 = SURFACE_STYLE_USAGE( .BOTH., #1076 );
#578 = FACE_OUTER_BOUND( '', #1077, .T. );
#579 = PLANE( '', #1078 );
#580 = SURFACE_STYLE_USAGE( .BOTH., #1079 );
#581 = FACE_OUTER_BOUND( '', #1080, .T. );
#582 = PLANE( '', #1081 );
#583 = SURFACE_STYLE_USAGE( .BOTH., #1082 );
#584 = FACE_OUTER_BOUND( '', #1083, .T. );
#585 = PLANE( '', #1084 );
#586 = SURFACE_STYLE_USAGE( .BOTH., #1085 );
#587 = FACE_OUTER_BOUND( '', #1086, .T. );
#588 = PLANE( '', #1087 );
#589 = SURFACE_STYLE_USAGE( .BOTH., #1088 );
#590 = FACE_OUTER_BOUND( '', #1089, .T. );
#591 = PLANE( '', #1090 );
#592 = SURFACE_STYLE_USAGE( .BOTH., #1091 );
#593 = FACE_OUTER_BOUND( '', #1092, .T. );
#594 = PLANE( '', #1093 );
#595 = SURFACE_STYLE_USAGE( .BOTH., #1094 );
#596 = FACE_OUTER_BOUND( '', #1095, .T. );
#597 = PLANE( '', #1096 );
#598 = SURFACE_STYLE_USAGE( .BOTH., #1097 );
#599 = FACE_OUTER_BOUND( '', #1098, .T. );
#600 = PLANE( '', #1099 );
#601 = SURFACE_STYLE_USAGE( .BOTH., #1100 );
#602 = FACE_OUTER_BOUND( '', #1101, .T. );
#603 = PLANE( '', #1102 );
#604 = SURFACE_STYLE_USAGE( .BOTH., #1103 );
#605 = FACE_OUTER_BOUND( '', #1104, .T. );
#606 = PLANE( '', #1105 );
#607 = SURFACE_STYLE_USAGE( .BOTH., #1106 );
#608 = FACE_OUTER_BOUND( '', #1107, .T. );
#609 = PLANE( '', #1108 );
#610 = SURFACE_STYLE_USAGE( .BOTH., #1109 );
#611 = FACE_OUTER_BOUND( '', #1110, .T. );
#612 = PLANE( '', #1111 );
#613 = SURFACE_STYLE_USAGE( .BOTH., #1112 );
#614 = FACE_OUTER_BOUND( '', #1113, .T. );
#615 = PLANE( '', #1114 );
#616 = SURFACE_STYLE_USAGE( .BOTH., #1115 );
#617 = FACE_OUTER_BOUND( '', #1116, .T. );
#618 = PLANE( '', #1117 );
#619 = SURFACE_STYLE_USAGE( .BOTH., #1118 );
#620 = FACE_OUTER_BOUND( '', #1119, .T. );
#621 = PLANE( '', #1120 );
#622 = SURFACE_STYLE_USAGE( .BOTH., #1121 );
#623 = FACE_OUTER_BOUND( '', #1122, .T. );
#624 = PLANE( '', #1123 );
#625 = SURFACE_STYLE_USAGE( .BOTH., #1124 );
#626 = FACE_OUTER_BOUND( '', #1125, .T. );
#627 = PLANE( '', #1126 );
#628 = SURFACE_STYLE_USAGE( .BOTH., #1127 );
#629 = FACE_OUTER_BOUND( '', #1128, .T. );
#630 = PLANE( '', #1129 );
#631 = SURFACE_STYLE_USAGE( .BOTH., #1130 );
#632 = FACE_OUTER_BOUND( '', #1131, .T. );
#633 = PLANE( '', #1132 );
#634 = SURFACE_STYLE_USAGE( .BOTH., #1133 );
#635 = FACE_OUTER_BOUND( '', #1134, .T. );
#636 = PLANE( '', #1135 );
#637 = SURFACE_STYLE_USAGE( .BOTH., #1136 );
#638 = FACE_OUTER_BOUND( '', #1137, .T. );
#639 = PLANE( '', #1138 );
#640 = SURFACE_STYLE_USAGE( .BOTH., #1139 );
#641 = FACE_OUTER_BOUND( '', #1140, .T. );
#642 = PLANE( '', #1141 );
#643 = SURFACE_STYLE_USAGE( .BOTH., #1142 );
#644 = FACE_OUTER_BOUND( '', #1143, .T. );
#645 = PLANE( '', #1144 );
#646 = SURFACE_STYLE_USAGE( .BOTH., #1145 );
#647 = FACE_OUTER_BOUND( '', #1146, .T. );
#648 = PLANE( '', #1147 );
#649 = SURFACE_STYLE_USAGE( .BOTH., #1148 );
#650 = FACE_OUTER_BOUND( '', #1149, .T. );
#651 = PLANE( '', #1150 );
#652 = SURFACE_STYLE_USAGE( .BOTH., #1151 );
#653 = FACE_BOUND( '', #1152, .T. );
#654 = FACE_OUTER_BOUND( '', #1153, .T. );
#655 = CONICAL_SURFACE( '', #1154, 0.600000000000000, 0.785398163397448 );
#656 = SURFACE_STYLE_USAGE( .BOTH., #1155 );
#657 = FACE_OUTER_BOUND( '', #1156, .T. );
#658 = PLANE( '', #1157 );
#659 = SURFACE_STYLE_USAGE( .BOTH., #1158 );
#660 = FACE_OUTER_BOUND( '', #1159, .T. );
#661 = PLANE( '', #1160 );
#662 = SURFACE_STYLE_USAGE( .BOTH., #1161 );
#663 = FACE_OUTER_BOUND( '', #1162, .T. );
#664 = PLANE( '', #1163 );
#665 = SURFACE_STYLE_USAGE( .BOTH., #1164 );
#666 = FACE_OUTER_BOUND( '', #1165, .T. );
#667 = PLANE( '', #1166 );
#668 = SURFACE_STYLE_USAGE( .BOTH., #1167 );
#669 = FACE_OUTER_BOUND( '', #1168, .T. );
#670 = PLANE( '', #1169 );
#671 = SURFACE_STYLE_USAGE( .BOTH., #1170 );
#672 = FACE_BOUND( '', #1171, .T. );
#673 = FACE_BOUND( '', #1172, .T. );
#674 = FACE_OUTER_BOUND( '', #1173, .T. );
#675 = PLANE( '', #1174 );
#676 = SURFACE_STYLE_USAGE( .BOTH., #1175 );
#677 = FACE_BOUND( '', #1176, .T. );
#678 = FACE_OUTER_BOUND( '', #1177, .T. );
#679 = PLANE( '', #1178 );
#680 = SURFACE_STYLE_USAGE( .BOTH., #1179 );
#681 = FACE_OUTER_BOUND( '', #1180, .T. );
#682 = PLANE( '', #1181 );
#683 = SURFACE_STYLE_USAGE( .BOTH., #1182 );
#684 = FACE_OUTER_BOUND( '', #1183, .T. );
#685 = PLANE( '', #1184 );
#686 = SURFACE_STYLE_USAGE( .BOTH., #1185 );
#687 = FACE_OUTER_BOUND( '', #1186, .T. );
#688 = PLANE( '', #1187 );
#689 = SURFACE_STYLE_USAGE( .BOTH., #1188 );
#690 = FACE_OUTER_BOUND( '', #1189, .T. );
#691 = PLANE( '', #1190 );
#692 = SURFACE_STYLE_USAGE( .BOTH., #1191 );
#693 = FACE_OUTER_BOUND( '', #1192, .T. );
#694 = PLANE( '', #1193 );
#695 = SURFACE_STYLE_USAGE( .BOTH., #1194 );
#696 = FACE_OUTER_BOUND( '', #1195, .T. );
#697 = PLANE( '', #1196 );
#698 = SURFACE_STYLE_USAGE( .BOTH., #1197 );
#699 = FACE_OUTER_BOUND( '', #1198, .T. );
#700 = PLANE( '', #1199 );
#701 = SURFACE_STYLE_USAGE( .BOTH., #1200 );
#702 = FACE_OUTER_BOUND( '', #1201, .T. );
#703 = FACE_BOUND( '', #1202, .T. );
#704 = PLANE( '', #1203 );
#705 = SURFACE_STYLE_USAGE( .BOTH., #1204 );
#706 = FACE_OUTER_BOUND( '', #1205, .T. );
#707 = PLANE( '', #1206 );
#708 = SURFACE_STYLE_USAGE( .BOTH., #1207 );
#709 = FACE_OUTER_BOUND( '', #1208, .T. );
#710 = PLANE( '', #1209 );
#711 = SURFACE_STYLE_USAGE( .BOTH., #1210 );
#712 = FACE_OUTER_BOUND( '', #1211, .T. );
#713 = PLANE( '', #1212 );
#714 = SURFACE_STYLE_USAGE( .BOTH., #1213 );
#715 = FACE_OUTER_BOUND( '', #1214, .T. );
#716 = PLANE( '', #1215 );
#717 = SURFACE_STYLE_USAGE( .BOTH., #1216 );
#718 = FACE_OUTER_BOUND( '', #1217, .T. );
#719 = PLANE( '', #1218 );
#720 = SURFACE_STYLE_USAGE( .BOTH., #1219 );
#721 = FACE_OUTER_BOUND( '', #1220, .T. );
#722 = FACE_OUTER_BOUND( '', #1221, .T. );
#723 = CYLINDRICAL_SURFACE( '', #1222, 0.600000000000000 );
#724 = SURFACE_STYLE_USAGE( .BOTH., #1223 );
#725 = FACE_OUTER_BOUND( '', #1224, .T. );
#726 = PLANE( '', #1225 );
#727 = SURFACE_STYLE_USAGE( .BOTH., #1226 );
#728 = FACE_OUTER_BOUND( '', #1227, .T. );
#729 = PLANE( '', #1228 );
#730 = SURFACE_STYLE_USAGE( .BOTH., #1229 );
#731 = FACE_OUTER_BOUND( '', #1230, .T. );
#732 = PLANE( '', #1231 );
#733 = SURFACE_STYLE_USAGE( .BOTH., #1232 );
#734 = FACE_OUTER_BOUND( '', #1233, .T. );
#735 = PLANE( '', #1234 );
#736 = SURFACE_STYLE_USAGE( .BOTH., #1235 );
#737 = FACE_OUTER_BOUND( '', #1236, .T. );
#738 = PLANE( '', #1237 );
#739 = SURFACE_STYLE_USAGE( .BOTH., #1238 );
#740 = FACE_OUTER_BOUND( '', #1239, .T. );
#741 = PLANE( '', #1240 );
#742 = SURFACE_STYLE_USAGE( .BOTH., #1241 );
#743 = FACE_OUTER_BOUND( '', #1242, .T. );
#744 = PLANE( '', #1243 );
#745 = SURFACE_STYLE_USAGE( .BOTH., #1244 );
#746 = FACE_OUTER_BOUND( '', #1245, .T. );
#747 = PLANE( '', #1246 );
#748 = SURFACE_STYLE_USAGE( .BOTH., #1247 );
#749 = FACE_OUTER_BOUND( '', #1248, .T. );
#750 = PLANE( '', #1249 );
#751 = SURFACE_STYLE_USAGE( .BOTH., #1250 );
#752 = FACE_OUTER_BOUND( '', #1251, .T. );
#753 = PLANE( '', #1252 );
#754 = SURFACE_STYLE_USAGE( .BOTH., #1253 );
#755 = FACE_OUTER_BOUND( '', #1254, .T. );
#756 = PLANE( '', #1255 );
#757 = SURFACE_STYLE_USAGE( .BOTH., #1256 );
#758 = FACE_OUTER_BOUND( '', #1257, .T. );
#759 = PLANE( '', #1258 );
#760 = SURFACE_STYLE_USAGE( .BOTH., #1259 );
#761 = FACE_OUTER_BOUND( '', #1260, .T. );
#762 = PLANE( '', #1261 );
#763 = SURFACE_STYLE_USAGE( .BOTH., #1262 );
#764 = FACE_OUTER_BOUND( '', #1263, .T. );
#765 = PLANE( '', #1264 );
#766 = SURFACE_STYLE_USAGE( .BOTH., #1265 );
#767 = FACE_OUTER_BOUND( '', #1266, .T. );
#768 = PLANE( '', #1267 );
#769 = SURFACE_STYLE_USAGE( .BOTH., #1268 );
#770 = FACE_OUTER_BOUND( '', #1269, .T. );
#771 = PLANE( '', #1270 );
#772 = SURFACE_STYLE_USAGE( .BOTH., #1271 );
#773 = FACE_OUTER_BOUND( '', #1272, .T. );
#774 = PLANE( '', #1273 );
#775 = SURFACE_STYLE_USAGE( .BOTH., #1274 );
#776 = FACE_OUTER_BOUND( '', #1275, .T. );
#777 = PLANE( '', #1276 );
#778 = SURFACE_STYLE_USAGE( .BOTH., #1277 );
#779 = FACE_OUTER_BOUND( '', #1278, .T. );
#780 = PLANE( '', #1279 );
#781 = SURFACE_STYLE_USAGE( .BOTH., #1280 );
#782 = FACE_OUTER_BOUND( '', #1281, .T. );
#783 = PLANE( '', #1282 );
#784 = SURFACE_STYLE_USAGE( .BOTH., #1283 );
#785 = FACE_OUTER_BOUND( '', #1284, .T. );
#786 = PLANE( '', #1285 );
#787 = SURFACE_STYLE_USAGE( .BOTH., #1286 );
#788 = FACE_OUTER_BOUND( '', #1287, .T. );
#789 = PLANE( '', #1288 );
#790 = SURFACE_STYLE_USAGE( .BOTH., #1289 );
#791 = FACE_OUTER_BOUND( '', #1290, .T. );
#792 = PLANE( '', #1291 );
#793 = SURFACE_STYLE_USAGE( .BOTH., #1292 );
#794 = FACE_OUTER_BOUND( '', #1293, .T. );
#795 = PLANE( '', #1294 );
#796 = SURFACE_STYLE_USAGE( .BOTH., #1295 );
#797 = FACE_OUTER_BOUND( '', #1296, .T. );
#798 = PLANE( '', #1297 );
#799 = SURFACE_STYLE_USAGE( .BOTH., #1298 );
#800 = FACE_BOUND( '', #1299, .T. );
#801 = FACE_OUTER_BOUND( '', #1300, .T. );
#802 = PLANE( '', #1301 );
#803 = SURFACE_STYLE_USAGE( .BOTH., #1302 );
#804 = FACE_OUTER_BOUND( '', #1303, .T. );
#805 = PLANE( '', #1304 );
#806 = SURFACE_STYLE_USAGE( .BOTH., #1305 );
#807 = FACE_OUTER_BOUND( '', #1306, .T. );
#808 = PLANE( '', #1307 );
#809 = SURFACE_STYLE_USAGE( .BOTH., #1308 );
#810 = FACE_OUTER_BOUND( '', #1309, .T. );
#811 = PLANE( '', #1310 );
#812 = SURFACE_STYLE_USAGE( .BOTH., #1311 );
#813 = FACE_OUTER_BOUND( '', #1312, .T. );
#814 = PLANE( '', #1313 );
#815 = SURFACE_STYLE_USAGE( .BOTH., #1314 );
#816 = FACE_BOUND( '', #1315, .T. );
#817 = FACE_OUTER_BOUND( '', #1316, .T. );
#818 = PLANE( '', #1317 );
#819 = SURFACE_STYLE_USAGE( .BOTH., #1318 );
#820 = FACE_OUTER_BOUND( '', #1319, .T. );
#821 = PLANE( '', #1320 );
#822 = SURFACE_STYLE_USAGE( .BOTH., #1321 );
#823 = FACE_OUTER_BOUND( '', #1322, .T. );
#824 = PLANE( '', #1323 );
#825 = SURFACE_STYLE_USAGE( .BOTH., #1324 );
#826 = FACE_OUTER_BOUND( '', #1325, .T. );
#827 = PLANE( '', #1326 );
#828 = SURFACE_STYLE_USAGE( .BOTH., #1327 );
#829 = FACE_OUTER_BOUND( '', #1328, .T. );
#830 = PLANE( '', #1329 );
#831 = SURFACE_STYLE_USAGE( .BOTH., #1330 );
#832 = FACE_OUTER_BOUND( '', #1331, .T. );
#833 = PLANE( '', #1332 );
#834 = SURFACE_STYLE_USAGE( .BOTH., #1333 );
#835 = FACE_OUTER_BOUND( '', #1334, .T. );
#836 = PLANE( '', #1335 );
#837 = SURFACE_STYLE_USAGE( .BOTH., #1336 );
#838 = FACE_OUTER_BOUND( '', #1337, .T. );
#839 = PLANE( '', #1338 );
#840 = SURFACE_STYLE_USAGE( .BOTH., #1339 );
#841 = FACE_OUTER_BOUND( '', #1340, .T. );
#842 = PLANE( '', #1341 );
#843 = SURFACE_STYLE_USAGE( .BOTH., #1342 );
#844 = FACE_OUTER_BOUND( '', #1343, .T. );
#845 = PLANE( '', #1344 );
#846 = SURFACE_STYLE_USAGE( .BOTH., #1345 );
#847 = FACE_OUTER_BOUND( '', #1346, .T. );
#848 = PLANE( '', #1347 );
#849 = SURFACE_STYLE_USAGE( .BOTH., #1348 );
#850 = FACE_OUTER_BOUND( '', #1349, .T. );
#851 = PLANE( '', #1350 );
#852 = SURFACE_STYLE_USAGE( .BOTH., #1351 );
#853 = FACE_OUTER_BOUND( '', #1352, .T. );
#854 = PLANE( '', #1353 );
#855 = SURFACE_STYLE_USAGE( .BOTH., #1354 );
#856 = FACE_OUTER_BOUND( '', #1355, .T. );
#857 = PLANE( '', #1356 );
#858 = SURFACE_STYLE_USAGE( .BOTH., #1357 );
#859 = FACE_OUTER_BOUND( '', #1358, .T. );
#860 = PLANE( '', #1359 );
#861 = SURFACE_STYLE_USAGE( .BOTH., #1360 );
#862 = FACE_OUTER_BOUND( '', #1361, .T. );
#863 = PLANE( '', #1362 );
#864 = SURFACE_STYLE_USAGE( .BOTH., #1363 );
#865 = FACE_OUTER_BOUND( '', #1364, .T. );
#866 = FACE_BOUND( '', #1365, .T. );
#867 = PLANE( '', #1366 );
#868 = SURFACE_STYLE_USAGE( .BOTH., #1367 );
#869 = FACE_OUTER_BOUND( '', #1368, .T. );
#870 = PLANE( '', #1369 );
#871 = SURFACE_STYLE_USAGE( .BOTH., #1370 );
#872 = FACE_OUTER_BOUND( '', #1371, .T. );
#873 = PLANE( '', #1372 );
#874 = SURFACE_STYLE_USAGE( .BOTH., #1373 );
#875 = FACE_OUTER_BOUND( '', #1374, .T. );
#876 = PLANE( '', #1375 );
#877 = SURFACE_STYLE_USAGE( .BOTH., #1376 );
#878 = FACE_OUTER_BOUND( '', #1377, .T. );
#879 = PLANE( '', #1378 );
#880 = SURFACE_STYLE_USAGE( .BOTH., #1379 );
#881 = FACE_OUTER_BOUND( '', #1380, .T. );
#882 = PLANE( '', #1381 );
#883 = SURFACE_STYLE_USAGE( .BOTH., #1382 );
#884 = FACE_OUTER_BOUND( '', #1383, .T. );
#885 = PLANE( '', #1384 );
#886 = SURFACE_STYLE_USAGE( .BOTH., #1385 );
#887 = FACE_OUTER_BOUND( '', #1386, .T. );
#888 = PLANE( '', #1387 );
#889 = SURFACE_STYLE_USAGE( .BOTH., #1388 );
#890 = FACE_OUTER_BOUND( '', #1389, .T. );
#891 = PLANE( '', #1390 );
#892 = SURFACE_STYLE_USAGE( .BOTH., #1391 );
#893 = FACE_OUTER_BOUND( '', #1392, .T. );
#894 = FACE_OUTER_BOUND( '', #1393, .T. );
#895 = CYLINDRICAL_SURFACE( '', #1394, 0.600000000000000 );
#896 = SURFACE_STYLE_USAGE( .BOTH., #1395 );
#897 = FACE_OUTER_BOUND( '', #1396, .T. );
#898 = PLANE( '', #1397 );
#899 = SURFACE_STYLE_USAGE( .BOTH., #1398 );
#900 = FACE_BOUND( '', #1399, .T. );
#901 = FACE_OUTER_BOUND( '', #1400, .T. );
#902 = CONICAL_SURFACE( '', #1401, 0.600000000000000, 0.785398163397449 );
#903 = SURFACE_STYLE_USAGE( .BOTH., #1402 );
#904 = FACE_OUTER_BOUND( '', #1403, .T. );
#905 = PLANE( '', #1404 );
#906 = SURFACE_STYLE_USAGE( .BOTH., #1405 );
#907 = FACE_OUTER_BOUND( '', #1406, .T. );
#908 = PLANE( '', #1407 );
#909 = SURFACE_STYLE_USAGE( .BOTH., #1408 );
#910 = FACE_OUTER_BOUND( '', #1409, .T. );
#911 = PLANE( '', #1410 );
#912 = SURFACE_STYLE_USAGE( .BOTH., #1411 );
#913 = FACE_OUTER_BOUND( '', #1412, .T. );
#914 = PLANE( '', #1413 );
#915 = SURFACE_STYLE_USAGE( .BOTH., #1414 );
#916 = FACE_OUTER_BOUND( '', #1415, .T. );
#917 = CYLINDRICAL_SURFACE( '', #1416, 0.700000000000000 );
#918 = SURFACE_STYLE_USAGE( .BOTH., #1417 );
#919 = FACE_OUTER_BOUND( '', #1418, .T. );
#920 = PLANE( '', #1419 );
#921 = SURFACE_STYLE_USAGE( .BOTH., #1420 );
#922 = FACE_OUTER_BOUND( '', #1421, .T. );
#923 = PLANE( '', #1422 );
#924 = SURFACE_STYLE_USAGE( .BOTH., #1423 );
#925 = FACE_OUTER_BOUND( '', #1424, .T. );
#926 = PLANE( '', #1425 );
#927 = SURFACE_STYLE_USAGE( .BOTH., #1426 );
#928 = FACE_OUTER_BOUND( '', #1427, .T. );
#929 = PLANE( '', #1428 );
#930 = SURFACE_STYLE_USAGE( .BOTH., #1429 );
#931 = FACE_OUTER_BOUND( '', #1430, .T. );
#932 = PLANE( '', #1431 );
#933 = SURFACE_STYLE_USAGE( .BOTH., #1432 );
#934 = FACE_OUTER_BOUND( '', #1433, .T. );
#935 = PLANE( '', #1434 );
#936 = SURFACE_STYLE_USAGE( .BOTH., #1435 );
#937 = FACE_OUTER_BOUND( '', #1436, .T. );
#938 = PLANE( '', #1437 );
#939 = SURFACE_STYLE_USAGE( .BOTH., #1438 );
#940 = FACE_OUTER_BOUND( '', #1439, .T. );
#941 = PLANE( '', #1440 );
#942 = SURFACE_STYLE_USAGE( .BOTH., #1441 );
#943 = FACE_OUTER_BOUND( '', #1442, .T. );
#944 = PLANE( '', #1443 );
#945 = SURFACE_STYLE_USAGE( .BOTH., #1444 );
#946 = FACE_OUTER_BOUND( '', #1445, .T. );
#947 = PLANE( '', #1446 );
#948 = SURFACE_STYLE_USAGE( .BOTH., #1447 );
#949 = FACE_OUTER_BOUND( '', #1448, .T. );
#950 = PLANE( '', #1449 );
#951 = SURFACE_STYLE_USAGE( .BOTH., #1450 );
#952 = FACE_OUTER_BOUND( '', #1451, .T. );
#953 = PLANE( '', #1452 );
#954 = SURFACE_STYLE_USAGE( .BOTH., #1453 );
#955 = FACE_OUTER_BOUND( '', #1454, .T. );
#956 = PLANE( '', #1455 );
#957 = SURFACE_STYLE_USAGE( .BOTH., #1456 );
#958 = FACE_OUTER_BOUND( '', #1457, .T. );
#959 = PLANE( '', #1458 );
#960 = SURFACE_STYLE_USAGE( .BOTH., #1459 );
#961 = FACE_OUTER_BOUND( '', #1460, .T. );
#962 = PLANE( '', #1461 );
#963 = SURFACE_STYLE_USAGE( .BOTH., #1462 );
#964 = FACE_OUTER_BOUND( '', #1463, .T. );
#965 = PLANE( '', #1464 );
#966 = SURFACE_STYLE_USAGE( .BOTH., #1465 );
#967 = FACE_OUTER_BOUND( '', #1466, .T. );
#968 = PLANE( '', #1467 );
#969 = SURFACE_STYLE_USAGE( .BOTH., #1468 );
#970 = FACE_OUTER_BOUND( '', #1469, .T. );
#971 = PLANE( '', #1470 );
#972 = SURFACE_STYLE_USAGE( .BOTH., #1471 );
#973 = FACE_OUTER_BOUND( '', #1472, .T. );
#974 = PLANE( '', #1473 );
#975 = SURFACE_STYLE_USAGE( .BOTH., #1474 );
#976 = FACE_OUTER_BOUND( '', #1475, .T. );
#977 = PLANE( '', #1476 );
#978 = SURFACE_STYLE_USAGE( .BOTH., #1477 );
#979 = FACE_OUTER_BOUND( '', #1478, .T. );
#980 = PLANE( '', #1479 );
#981 = SURFACE_STYLE_USAGE( .BOTH., #1480 );
#982 = FACE_OUTER_BOUND( '', #1481, .T. );
#983 = PLANE( '', #1482 );
#984 = SURFACE_STYLE_USAGE( .BOTH., #1483 );
#985 = FACE_OUTER_BOUND( '', #1484, .T. );
#986 = PLANE( '', #1485 );
#987 = SURFACE_STYLE_USAGE( .BOTH., #1486 );
#988 = FACE_OUTER_BOUND( '', #1487, .T. );
#989 = PLANE( '', #1488 );
#990 = SURFACE_STYLE_USAGE( .BOTH., #1489 );
#991 = FACE_OUTER_BOUND( '', #1490, .T. );
#992 = PLANE( '', #1491 );
#993 = SURFACE_STYLE_USAGE( .BOTH., #1492 );
#994 = FACE_OUTER_BOUND( '', #1493, .T. );
#995 = PLANE( '', #1494 );
#996 = SURFACE_STYLE_USAGE( .BOTH., #1495 );
#997 = FACE_OUTER_BOUND( '', #1496, .T. );
#998 = PLANE( '', #1497 );
#999 = SURFACE_STYLE_USAGE( .BOTH., #1498 );
#1000 = FACE_OUTER_BOUND( '', #1499, .T. );
#1001 = PLANE( '', #1500 );
#1002 = SURFACE_STYLE_USAGE( .BOTH., #1501 );
#1003 = FACE_OUTER_BOUND( '', #1502, .T. );
#1004 = PLANE( '', #1503 );
#1005 = SURFACE_STYLE_USAGE( .BOTH., #1504 );
#1006 = FACE_OUTER_BOUND( '', #1505, .T. );
#1007 = PLANE( '', #1506 );
#1008 = SURFACE_STYLE_USAGE( .BOTH., #1507 );
#1009 = FACE_OUTER_BOUND( '', #1508, .T. );
#1010 = PLANE( '', #1509 );
#1011 = SURFACE_STYLE_USAGE( .BOTH., #1510 );
#1012 = FACE_OUTER_BOUND( '', #1511, .T. );
#1013 = PLANE( '', #1512 );
#1014 = SURFACE_STYLE_USAGE( .BOTH., #1513 );
#1015 = FACE_OUTER_BOUND( '', #1514, .T. );
#1016 = PLANE( '', #1515 );
#1017 = SURFACE_STYLE_USAGE( .BOTH., #1516 );
#1018 = FACE_OUTER_BOUND( '', #1517, .T. );
#1019 = PLANE( '', #1518 );
#1020 = SURFACE_STYLE_USAGE( .BOTH., #1519 );
#1021 = FACE_OUTER_BOUND( '', #1520, .T. );
#1022 = PLANE( '', #1521 );
#1023 = SURFACE_STYLE_USAGE( .BOTH., #1522 );
#1024 = FACE_OUTER_BOUND( '', #1523, .T. );
#1025 = PLANE( '', #1524 );
#1026 = SURFACE_STYLE_USAGE( .BOTH., #1525 );
#1027 = FACE_OUTER_BOUND( '', #1526, .T. );
#1028 = PLANE( '', #1527 );
#1029 = SURFACE_STYLE_USAGE( .BOTH., #1528 );
#1030 = FACE_OUTER_BOUND( '', #1529, .T. );
#1031 = PLANE( '', #1530 );
#1032 = SURFACE_STYLE_USAGE( .BOTH., #1531 );
#1033 = FACE_OUTER_BOUND( '', #1532, .T. );
#1034 = PLANE( '', #1533 );
#1035 = PRODUCT_CONTEXT( '', #187, 'mechanical' );
#1036 = PRODUCT_DEFINITION_FORMATION_WITH_SPECIFIED_SOURCE( ' ', 'NONE', #533, .NOT_KNOWN. );
#1037 = REPRESENTATION_MAP( #542, #196 );
#1038 = AXIS2_PLACEMENT_3D( '', #1534, #1535, #1536 );
#1039 = REPRESENTATION_MAP( #542, #201 );
#1040 = AXIS2_PLACEMENT_3D( '', #1537, #1538, #1539 );
#1041 = REPRESENTATION_MAP( #542, #206 );
#1042 = AXIS2_PLACEMENT_3D( '', #1540, #1541, #1542 );
#1043 = REPRESENTATION_MAP( #542, #211 );
#1044 = AXIS2_PLACEMENT_3D( '', #1543, #1544, #1545 );
#1045 = REPRESENTATION_MAP( #542, #216 );
#1046 = AXIS2_PLACEMENT_3D( '', #1546, #1547, #1548 );
#1047 = REPRESENTATION_MAP( #542, #221 );
#1048 = AXIS2_PLACEMENT_3D( '', #1549, #1550, #1551 );
#1049 = REPRESENTATION_MAP( #542, #226 );
#1050 = AXIS2_PLACEMENT_3D( '', #1552, #1553, #1554 );
#1051 = CARTESIAN_POINT( '', ( 0.000000000000000, 0.000000000000000, 0.000000000000000 ) );
#1052 = DIRECTION( '', ( 0.000000000000000, 0.000000000000000, 1.00000000000000 ) );
#1053 = DIRECTION( '', ( 1.00000000000000, 0.000000000000000, 0.000000000000000 ) );
#1054 = PRODUCT_CONTEXT( '', #192, 'mechanical' );
#1055 = PRODUCT_DEFINITION_FORMATION_WITH_SPECIFIED_SOURCE( ' ', 'NONE', #543, .NOT_KNOWN. );
#1056 = CLOSED_SHELL( '', ( #424, #444, #384, #292, #280, #484, #348, #374, #270, #290, #436, #390, #300, #266, #340, #418, #260, #344, #254, #524, #508, #398, #350, #426, #406, #376, #282, #504, #358, #388, #322, #474, #408, #264, #236, #244, #502, #298, #248, #240, #326, #510, #386, #464, #400, #500, #526, #318, #246, #512, #486, #416, #420, #446, #412, #496, #488, #332, #448, #466, #450, #470, #250, #338, #278, #238, #522, #434, #302, #370, #274, #378, #438, #320, #308, #362, #276, #482, #396, #440, #286, #410, #268, #328, #330, #310, #306, #382, #452, #478, #364, #356, #532, #414 ) );
#1057 = PRODUCT_CONTEXT( '', #197, 'mechanical' );
#1058 = PRODUCT_DEFINITION_FORMATION_WITH_SPECIFIED_SOURCE( ' ', 'NONE', #546, .NOT_KNOWN. );
#1059 = CLOSED_SHELL( '', ( #288, #272, #442, #252, #506, #402, #498, #316, #528, #262, #476, #346, #336, #366, #490, #372, #380, #352, #462, #256, #516, #468, #304, #456, #354, #458, #494, #368, #404, #472, #518, #432, #314, #258, #360, #294, #392, #520, #242, #284, #342, #460, #480, #430 ) );
#1060 = PRODUCT_CONTEXT( '', #202, 'mechanical' );
#1061 = PRODUCT_DEFINITION_FORMATION_WITH_SPECIFIED_SOURCE( ' ', 'NONE', #549, .NOT_KNOWN. );
#1062 = CLOSED_SHELL( '', ( #296, #334, #428, #492, #422, #530, #394, #514, #324, #454, #312 ) );
#1063 = PRODUCT_CONTEXT( '', #207, 'mechanical' );
#1064 = PRODUCT_DEFINITION_FORMATION_WITH_SPECIFIED_SOURCE( ' ', 'NONE', #552, .NOT_KNOWN. );
#1065 = CLOSED_SHELL( '', ( #1555, #1556, #1557, #1558, #1559, #1560, #1561, #1562, #1563, #1564, #1565, #1566, #1567, #1568, #1569, #1570, #1571, #1572 ) );
#1066 = PRODUCT_CONTEXT( '', #212, 'mechanical' );
#1067 = PRODUCT_DEFINITION_FORMATION_WITH_SPECIFIED_SOURCE( ' ', 'NONE', #555, .NOT_KNOWN. );
#1068 = CLOSED_SHELL( '', ( #1573, #1574, #1575, #1576, #1577, #1578, #1579, #1580, #1581, #1582, #1583, #1584, #1585, #1586, #1587, #1588, #1589, #1590 ) );
#1069 = PRODUCT_CONTEXT( '', #217, 'mechanical' );
#1070 = PRODUCT_DEFINITION_FORMATION_WITH_SPECIFIED_SOURCE( ' ', 'NONE', #558, .NOT_KNOWN. );
#1071 = CLOSED_SHELL( '', ( #1591, #1592, #1593, #1594, #1595, #1596, #1597, #1598, #1599, #1600, #1601, #1602, #1603, #1604, #1605, #1606, #1607, #1608 ) );
#1072 = PRODUCT_CONTEXT( '', #222, 'mechanical' );
#1073 = PRODUCT_DEFINITION_FORMATION_WITH_SPECIFIED_SOURCE( ' ', 'NONE', #561, .NOT_KNOWN. );
#1074 = CLOSED_SHELL( '', ( #1609, #1610, #1611, #1612, #1613, #1614, #1615, #1616, #1617, #1618, #1619, #1620, #1621, #1622, #1623, #1624, #1625, #1626 ) );
#1075 =  ( LENGTH_UNIT(  )NAMED_UNIT( #569 )SI_UNIT( .MILLI., .METRE. ) );
#1076 = SURFACE_SIDE_STYLE( '', ( #1628 ) );
#1077 = EDGE_LOOP( '', ( #1629, #1630, #1631, #1632, #1633, #1634 ) );
#1078 = AXIS2_PLACEMENT_3D( '', #1635, #1636, #1637 );
#1079 = SURFACE_SIDE_STYLE( '', ( #1638 ) );
#1080 = EDGE_LOOP( '', ( #1639, #1640, #1641, #1642 ) );
#1081 = AXIS2_PLACEMENT_3D( '', #1643, #1644, #1645 );
#1082 = SURFACE_SIDE_STYLE( '', ( #1646 ) );
#1083 = EDGE_LOOP( '', ( #1647, #1648, #1649, #1650, #1651 ) );
#1084 = AXIS2_PLACEMENT_3D( '', #1652, #1653, #1654 );
#1085 = SURFACE_SIDE_STYLE( '', ( #1655 ) );
#1086 = EDGE_LOOP( '', ( #1656, #1657, #1658, #1659, #1660, #1661 ) );
#1087 = AXIS2_PLACEMENT_3D( '', #1662, #1663, #1664 );
#1088 = SURFACE_SIDE_STYLE( '', ( #1665 ) );
#1089 = EDGE_LOOP( '', ( #1666, #1667, #1668, #1669 ) );
#1090 = AXIS2_PLACEMENT_3D( '', #1670, #1671, #1672 );
#1091 = SURFACE_SIDE_STYLE( '', ( #1673 ) );
#1092 = EDGE_LOOP( '', ( #1674, #1675, #1676, #1677, #1678, #1679, #1680, #1681, #1682, #1683, #1684, #1685, #1686, #1687, #1688, #1689, #1690, #1691 ) );
#1093 = AXIS2_PLACEMENT_3D( '', #1692, #1693, #1694 );
#1094 = SURFACE_SIDE_STYLE( '', ( #1695 ) );
#1095 = EDGE_LOOP( '', ( #1696, #1697, #1698, #1699 ) );
#1096 = AXIS2_PLACEMENT_3D( '', #1700, #1701, #1702 );
#1097 = SURFACE_SIDE_STYLE( '', ( #1703 ) );
#1098 = EDGE_LOOP( '', ( #1704, #1705, #1706, #1707 ) );
#1099 = AXIS2_PLACEMENT_3D( '', #1708, #1709, #1710 );
#1100 = SURFACE_SIDE_STYLE( '', ( #1711 ) );
#1101 = EDGE_LOOP( '', ( #1712, #1713, #1714, #1715, #1716 ) );
#1102 = AXIS2_PLACEMENT_3D( '', #1717, #1718, #1719 );
#1103 = SURFACE_SIDE_STYLE( '', ( #1720 ) );
#1104 = EDGE_LOOP( '', ( #1721, #1722, #1723, #1724 ) );
#1105 = AXIS2_PLACEMENT_3D( '', #1725, #1726, #1727 );
#1106 = SURFACE_SIDE_STYLE( '', ( #1728 ) );
#1107 = EDGE_LOOP( '', ( #1729, #1730, #1731, #1732 ) );
#1108 = AXIS2_PLACEMENT_3D( '', #1733, #1734, #1735 );
#1109 = SURFACE_SIDE_STYLE( '', ( #1736 ) );
#1110 = EDGE_LOOP( '', ( #1737, #1738, #1739, #1740 ) );
#1111 = AXIS2_PLACEMENT_3D( '', #1741, #1742, #1743 );
#1112 = SURFACE_SIDE_STYLE( '', ( #1744 ) );
#1113 = EDGE_LOOP( '', ( #1745, #1746, #1747, #1748 ) );
#1114 = AXIS2_PLACEMENT_3D( '', #1749, #1750, #1751 );
#1115 = SURFACE_SIDE_STYLE( '', ( #1752 ) );
#1116 = EDGE_LOOP( '', ( #1753, #1754, #1755, #1756 ) );
#1117 = AXIS2_PLACEMENT_3D( '', #1757, #1758, #1759 );
#1118 = SURFACE_SIDE_STYLE( '', ( #1760 ) );
#1119 = EDGE_LOOP( '', ( #1761, #1762, #1763, #1764, #1765, #1766, #1767, #1768, #1769, #1770 ) );
#1120 = AXIS2_PLACEMENT_3D( '', #1771, #1772, #1773 );
#1121 = SURFACE_SIDE_STYLE( '', ( #1774 ) );
#1122 = EDGE_LOOP( '', ( #1775, #1776, #1777, #1778 ) );
#1123 = AXIS2_PLACEMENT_3D( '', #1779, #1780, #1781 );
#1124 = SURFACE_SIDE_STYLE( '', ( #1782 ) );
#1125 = EDGE_LOOP( '', ( #1783, #1784, #1785, #1786 ) );
#1126 = AXIS2_PLACEMENT_3D( '', #1787, #1788, #1789 );
#1127 = SURFACE_SIDE_STYLE( '', ( #1790 ) );
#1128 = EDGE_LOOP( '', ( #1791, #1792, #1793, #1794, #1795, #1796, #1797, #1798, #1799, #1800, #1801, #1802, #1803, #1804, #1805, #1806 ) );
#1129 = AXIS2_PLACEMENT_3D( '', #1807, #1808, #1809 );
#1130 = SURFACE_SIDE_STYLE( '', ( #1810 ) );
#1131 = EDGE_LOOP( '', ( #1811, #1812, #1813, #1814 ) );
#1132 = AXIS2_PLACEMENT_3D( '', #1815, #1816, #1817 );
#1133 = SURFACE_SIDE_STYLE( '', ( #1818 ) );
#1134 = EDGE_LOOP( '', ( #1819, #1820, #1821, #1822, #1823, #1824, #1825, #1826, #1827, #1828, #1829, #1830 ) );
#1135 = AXIS2_PLACEMENT_3D( '', #1831, #1832, #1833 );
#1136 = SURFACE_SIDE_STYLE( '', ( #1834 ) );
#1137 = EDGE_LOOP( '', ( #1835, #1836, #1837, #1838 ) );
#1138 = AXIS2_PLACEMENT_3D( '', #1839, #1840, #1841 );
#1139 = SURFACE_SIDE_STYLE( '', ( #1842 ) );
#1140 = EDGE_LOOP( '', ( #1843, #1844, #1845, #1846 ) );
#1141 = AXIS2_PLACEMENT_3D( '', #1847, #1848, #1849 );
#1142 = SURFACE_SIDE_STYLE( '', ( #1850 ) );
#1143 = EDGE_LOOP( '', ( #1851, #1852, #1853, #1854, #1855, #1856, #1857, #1858, #1859, #1860, #1861, #1862, #1863, #1864, #1865, #1866 ) );
#1144 = AXIS2_PLACEMENT_3D( '', #1867, #1868, #1869 );
#1145 = SURFACE_SIDE_STYLE( '', ( #1870 ) );
#1146 = EDGE_LOOP( '', ( #1871, #1872, #1873, #1874 ) );
#1147 = AXIS2_PLACEMENT_3D( '', #1875, #1876, #1877 );
#1148 = SURFACE_SIDE_STYLE( '', ( #1878 ) );
#1149 = EDGE_LOOP( '', ( #1879, #1880, #1881, #1882 ) );
#1150 = AXIS2_PLACEMENT_3D( '', #1883, #1884, #1885 );
#1151 = SURFACE_SIDE_STYLE( '', ( #1886 ) );
#1152 = EDGE_LOOP( '', ( #1887 ) );
#1153 = EDGE_LOOP( '', ( #1888 ) );
#1154 = AXIS2_PLACEMENT_3D( '', #1889, #1890, #1891 );
#1155 = SURFACE_SIDE_STYLE( '', ( #1892 ) );
#1156 = EDGE_LOOP( '', ( #1893, #1894, #1895, #1896 ) );
#1157 = AXIS2_PLACEMENT_3D( '', #1897, #1898, #1899 );
#1158 = SURFACE_SIDE_STYLE( '', ( #1900 ) );
#1159 = EDGE_LOOP( '', ( #1901, #1902, #1903, #1904 ) );
#1160 = AXIS2_PLACEMENT_3D( '', #1905, #1906, #1907 );
#1161 = SURFACE_SIDE_STYLE( '', ( #1908 ) );
#1162 = EDGE_LOOP( '', ( #1909, #1910, #1911, #1912 ) );
#1163 = AXIS2_PLACEMENT_3D( '', #1913, #1914, #1915 );
#1164 = SURFACE_SIDE_STYLE( '', ( #1916 ) );
#1165 = EDGE_LOOP( '', ( #1917, #1918, #1919, #1920 ) );
#1166 = AXIS2_PLACEMENT_3D( '', #1921, #1922, #1923 );
#1167 = SURFACE_SIDE_STYLE( '', ( #1924 ) );
#1168 = EDGE_LOOP( '', ( #1925, #1926, #1927, #1928 ) );
#1169 = AXIS2_PLACEMENT_3D( '', #1929, #1930, #1931 );
#1170 = SURFACE_SIDE_STYLE( '', ( #1932 ) );
#1171 = EDGE_LOOP( '', ( #1933 ) );
#1172 = EDGE_LOOP( '', ( #1934 ) );
#1173 = EDGE_LOOP( '', ( #1935, #1936, #1937, #1938, #1939, #1940, #1941, #1942, #1943, #1944, #1945, #1946, #1947, #1948, #1949, #1950, #1951, #1952, #1953, #1954 ) );
#1174 = AXIS2_PLACEMENT_3D( '', #1955, #1956, #1957 );
#1175 = SURFACE_SIDE_STYLE( '', ( #1958 ) );
#1176 = EDGE_LOOP( '', ( #1959, #1960, #1961, #1962 ) );
#1177 = EDGE_LOOP( '', ( #1963, #1964, #1965, #1966, #1967, #1968, #1969, #1970, #1971, #1972, #1973, #1974, #1975, #1976 ) );
#1178 = AXIS2_PLACEMENT_3D( '', #1977, #1978, #1979 );
#1179 = SURFACE_SIDE_STYLE( '', ( #1980 ) );
#1180 = EDGE_LOOP( '', ( #1981, #1982, #1983, #1984 ) );
#1181 = AXIS2_PLACEMENT_3D( '', #1985, #1986, #1987 );
#1182 = SURFACE_SIDE_STYLE( '', ( #1988 ) );
#1183 = EDGE_LOOP( '', ( #1989, #1990, #1991, #1992 ) );
#1184 = AXIS2_PLACEMENT_3D( '', #1993, #1994, #1995 );
#1185 = SURFACE_SIDE_STYLE( '', ( #1996 ) );
#1186 = EDGE_LOOP( '', ( #1997, #1998, #1999, #2000 ) );
#1187 = AXIS2_PLACEMENT_3D( '', #2001, #2002, #2003 );
#1188 = SURFACE_SIDE_STYLE( '', ( #2004 ) );
#1189 = EDGE_LOOP( '', ( #2005, #2006, #2007, #2008 ) );
#1190 = AXIS2_PLACEMENT_3D( '', #2009, #2010, #2011 );
#1191 = SURFACE_SIDE_STYLE( '', ( #2012 ) );
#1192 = EDGE_LOOP( '', ( #2013, #2014, #2015, #2016 ) );
#1193 = AXIS2_PLACEMENT_3D( '', #2017, #2018, #2019 );
#1194 = SURFACE_SIDE_STYLE( '', ( #2020 ) );
#1195 = EDGE_LOOP( '', ( #2021, #2022, #2023, #2024 ) );
#1196 = AXIS2_PLACEMENT_3D( '', #2025, #2026, #2027 );
#1197 = SURFACE_SIDE_STYLE( '', ( #2028 ) );
#1198 = EDGE_LOOP( '', ( #2029, #2030, #2031, #2032, #2033, #2034, #2035, #2036 ) );
#1199 = AXIS2_PLACEMENT_3D( '', #2037, #2038, #2039 );
#1200 = SURFACE_SIDE_STYLE( '', ( #2040 ) );
#1201 = EDGE_LOOP( '', ( #2041, #2042, #2043, #2044, #2045, #2046, #2047, #2048, #2049, #2050, #2051, #2052, #2053, #2054, #2055, #2056 ) );
#1202 = EDGE_LOOP( '', ( #2057, #2058, #2059, #2060 ) );
#1203 = AXIS2_PLACEMENT_3D( '', #2061, #2062, #2063 );
#1204 = SURFACE_SIDE_STYLE( '', ( #2064 ) );
#1205 = EDGE_LOOP( '', ( #2065, #2066, #2067, #2068 ) );
#1206 = AXIS2_PLACEMENT_3D( '', #2069, #2070, #2071 );
#1207 = SURFACE_SIDE_STYLE( '', ( #2072 ) );
#1208 = EDGE_LOOP( '', ( #2073, #2074, #2075, #2076 ) );
#1209 = AXIS2_PLACEMENT_3D( '', #2077, #2078, #2079 );
#1210 = SURFACE_SIDE_STYLE( '', ( #2080 ) );
#1211 = EDGE_LOOP( '', ( #2081, #2082, #2083, #2084 ) );
#1212 = AXIS2_PLACEMENT_3D( '', #2085, #2086, #2087 );
#1213 = SURFACE_SIDE_STYLE( '', ( #2088 ) );
#1214 = EDGE_LOOP( '', ( #2089, #2090, #2091, #2092 ) );
#1215 = AXIS2_PLACEMENT_3D( '', #2093, #2094, #2095 );
#1216 = SURFACE_SIDE_STYLE( '', ( #2096 ) );
#1217 = EDGE_LOOP( '', ( #2097, #2098, #2099, #2100, #2101 ) );
#1218 = AXIS2_PLACEMENT_3D( '', #2102, #2103, #2104 );
#1219 = SURFACE_SIDE_STYLE( '', ( #2105 ) );
#1220 = EDGE_LOOP( '', ( #2106 ) );
#1221 = EDGE_LOOP( '', ( #2107 ) );
#1222 = AXIS2_PLACEMENT_3D( '', #2108, #2109, #2110 );
#1223 = SURFACE_SIDE_STYLE( '', ( #2111 ) );
#1224 = EDGE_LOOP( '', ( #2112 ) );
#1225 = AXIS2_PLACEMENT_3D( '', #2113, #2114, #2115 );
#1226 = SURFACE_SIDE_STYLE( '', ( #2116 ) );
#1227 = EDGE_LOOP( '', ( #2117, #2118, #2119, #2120 ) );
#1228 = AXIS2_PLACEMENT_3D( '', #2121, #2122, #2123 );
#1229 = SURFACE_SIDE_STYLE( '', ( #2124 ) );
#1230 = EDGE_LOOP( '', ( #2125, #2126, #2127, #2128 ) );
#1231 = AXIS2_PLACEMENT_3D( '', #2129, #2130, #2131 );
#1232 = SURFACE_SIDE_STYLE( '', ( #2132 ) );
#1233 = EDGE_LOOP( '', ( #2133, #2134, #2135, #2136 ) );
#1234 = AXIS2_PLACEMENT_3D( '', #2137, #2138, #2139 );
#1235 = SURFACE_SIDE_STYLE( '', ( #2140 ) );
#1236 = EDGE_LOOP( '', ( #2141, #2142, #2143, #2144 ) );
#1237 = AXIS2_PLACEMENT_3D( '', #2145, #2146, #2147 );
#1238 = SURFACE_SIDE_STYLE( '', ( #2148 ) );
#1239 = EDGE_LOOP( '', ( #2149, #2150, #2151, #2152 ) );
#1240 = AXIS2_PLACEMENT_3D( '', #2153, #2154, #2155 );
#1241 = SURFACE_SIDE_STYLE( '', ( #2156 ) );
#1242 = EDGE_LOOP( '', ( #2157, #2158, #2159, #2160 ) );
#1243 = AXIS2_PLACEMENT_3D( '', #2161, #2162, #2163 );
#1244 = SURFACE_SIDE_STYLE( '', ( #2164 ) );
#1245 = EDGE_LOOP( '', ( #2165, #2166, #2167, #2168 ) );
#1246 = AXIS2_PLACEMENT_3D( '', #2169, #2170, #2171 );
#1247 = SURFACE_SIDE_STYLE( '', ( #2172 ) );
#1248 = EDGE_LOOP( '', ( #2173, #2174, #2175, #2176 ) );
#1249 = AXIS2_PLACEMENT_3D( '', #2177, #2178, #2179 );
#1250 = SURFACE_SIDE_STYLE( '', ( #2180 ) );
#1251 = EDGE_LOOP( '', ( #2181, #2182, #2183, #2184 ) );
#1252 = AXIS2_PLACEMENT_3D( '', #2185, #2186, #2187 );
#1253 = SURFACE_SIDE_STYLE( '', ( #2188 ) );
#1254 = EDGE_LOOP( '', ( #2189, #2190, #2191, #2192, #2193, #2194, #2195, #2196 ) );
#1255 = AXIS2_PLACEMENT_3D( '', #2197, #2198, #2199 );
#1256 = SURFACE_SIDE_STYLE( '', ( #2200 ) );
#1257 = EDGE_LOOP( '', ( #2201, #2202, #2203, #2204, #2205, #2206, #2207 ) );
#1258 = AXIS2_PLACEMENT_3D( '', #2208, #2209, #2210 );
#1259 = SURFACE_SIDE_STYLE( '', ( #2211 ) );
#1260 = EDGE_LOOP( '', ( #2212, #2213, #2214, #2215, #2216, #2217 ) );
#1261 = AXIS2_PLACEMENT_3D( '', #2218, #2219, #2220 );
#1262 = SURFACE_SIDE_STYLE( '', ( #2221 ) );
#1263 = EDGE_LOOP( '', ( #2222, #2223, #2224, #2225 ) );
#1264 = AXIS2_PLACEMENT_3D( '', #2226, #2227, #2228 );
#1265 = SURFACE_SIDE_STYLE( '', ( #2229 ) );
#1266 = EDGE_LOOP( '', ( #2230, #2231, #2232, #2233, #2234, #2235, #2236, #2237, #2238, #2239, #2240, #2241, #2242, #2243, #2244, #2245, #2246, #2247 ) );
#1267 = AXIS2_PLACEMENT_3D( '', #2248, #2249, #2250 );
#1268 = SURFACE_SIDE_STYLE( '', ( #2251 ) );
#1269 = EDGE_LOOP( '', ( #2252, #2253, #2254, #2255 ) );
#1270 = AXIS2_PLACEMENT_3D( '', #2256, #2257, #2258 );
#1271 = SURFACE_SIDE_STYLE( '', ( #2259 ) );
#1272 = EDGE_LOOP( '', ( #2260, #2261, #2262, #2263 ) );
#1273 = AXIS2_PLACEMENT_3D( '', #2264, #2265, #2266 );
#1274 = SURFACE_SIDE_STYLE( '', ( #2267 ) );
#1275 = EDGE_LOOP( '', ( #2268, #2269, #2270, #2271 ) );
#1276 = AXIS2_PLACEMENT_3D( '', #2272, #2273, #2274 );
#1277 = SURFACE_SIDE_STYLE( '', ( #2275 ) );
#1278 = EDGE_LOOP( '', ( #2276, #2277, #2278, #2279 ) );
#1279 = AXIS2_PLACEMENT_3D( '', #2280, #2281, #2282 );
#1280 = SURFACE_SIDE_STYLE( '', ( #2283 ) );
#1281 = EDGE_LOOP( '', ( #2284, #2285, #2286, #2287 ) );
#1282 = AXIS2_PLACEMENT_3D( '', #2288, #2289, #2290 );
#1283 = SURFACE_SIDE_STYLE( '', ( #2291 ) );
#1284 = EDGE_LOOP( '', ( #2292, #2293, #2294, #2295 ) );
#1285 = AXIS2_PLACEMENT_3D( '', #2296, #2297, #2298 );
#1286 = SURFACE_SIDE_STYLE( '', ( #2299 ) );
#1287 = EDGE_LOOP( '', ( #2300, #2301, #2302, #2303, #2304, #2305, #2306, #2307, #2308, #2309, #2310, #2311, #2312, #2313, #2314, #2315 ) );
#1288 = AXIS2_PLACEMENT_3D( '', #2316, #2317, #2318 );
#1289 = SURFACE_SIDE_STYLE( '', ( #2319 ) );
#1290 = EDGE_LOOP( '', ( #2320, #2321, #2322, #2323 ) );
#1291 = AXIS2_PLACEMENT_3D( '', #2324, #2325, #2326 );
#1292 = SURFACE_SIDE_STYLE( '', ( #2327 ) );
#1293 = EDGE_LOOP( '', ( #2328, #2329, #2330, #2331, #2332, #2333 ) );
#1294 = AXIS2_PLACEMENT_3D( '', #2334, #2335, #2336 );
#1295 = SURFACE_SIDE_STYLE( '', ( #2337 ) );
#1296 = EDGE_LOOP( '', ( #2338, #2339, #2340, #2341, #2342, #2343 ) );
#1297 = AXIS2_PLACEMENT_3D( '', #2344, #2345, #2346 );
#1298 = SURFACE_SIDE_STYLE( '', ( #2347 ) );
#1299 = EDGE_LOOP( '', ( #2348, #2349, #2350, #2351 ) );
#1300 = EDGE_LOOP( '', ( #2352, #2353, #2354, #2355 ) );
#1301 = AXIS2_PLACEMENT_3D( '', #2356, #2357, #2358 );
#1302 = SURFACE_SIDE_STYLE( '', ( #2359 ) );
#1303 = EDGE_LOOP( '', ( #2360, #2361, #2362, #2363 ) );
#1304 = AXIS2_PLACEMENT_3D( '', #2364, #2365, #2366 );
#1305 = SURFACE_SIDE_STYLE( '', ( #2367 ) );
#1306 = EDGE_LOOP( '', ( #2368, #2369, #2370, #2371 ) );
#1307 = AXIS2_PLACEMENT_3D( '', #2372, #2373, #2374 );
#1308 = SURFACE_SIDE_STYLE( '', ( #2375 ) );
#1309 = EDGE_LOOP( '', ( #2376, #2377, #2378, #2379, #2380, #2381, #2382, #2383, #2384, #2385 ) );
#1310 = AXIS2_PLACEMENT_3D( '', #2386, #2387, #2388 );
#1311 = SURFACE_SIDE_STYLE( '', ( #2389 ) );
#1312 = EDGE_LOOP( '', ( #2390, #2391, #2392, #2393 ) );
#1313 = AXIS2_PLACEMENT_3D( '', #2394, #2395, #2396 );
#1314 = SURFACE_SIDE_STYLE( '', ( #2397 ) );
#1315 = EDGE_LOOP( '', ( #2398, #2399, #2400, #2401 ) );
#1316 = EDGE_LOOP( '', ( #2402, #2403, #2404, #2405, #2406, #2407, #2408, #2409, #2410, #2411, #2412, #2413, #2414, #2415 ) );
#1317 = AXIS2_PLACEMENT_3D( '', #2416, #2417, #2418 );
#1318 = SURFACE_SIDE_STYLE( '', ( #2419 ) );
#1319 = EDGE_LOOP( '', ( #2420, #2421, #2422, #2423, #2424, #2425 ) );
#1320 = AXIS2_PLACEMENT_3D( '', #2426, #2427, #2428 );
#1321 = SURFACE_SIDE_STYLE( '', ( #2429 ) );
#1322 = EDGE_LOOP( '', ( #2430, #2431, #2432, #2433 ) );
#1323 = AXIS2_PLACEMENT_3D( '', #2434, #2435, #2436 );
#1324 = SURFACE_SIDE_STYLE( '', ( #2437 ) );
#1325 = EDGE_LOOP( '', ( #2438, #2439, #2440, #2441 ) );
#1326 = AXIS2_PLACEMENT_3D( '', #2442, #2443, #2444 );
#1327 = SURFACE_SIDE_STYLE( '', ( #2445 ) );
#1328 = EDGE_LOOP( '', ( #2446, #2447, #2448, #2449 ) );
#1329 = AXIS2_PLACEMENT_3D( '', #2450, #2451, #2452 );
#1330 = SURFACE_SIDE_STYLE( '', ( #2453 ) );
#1331 = EDGE_LOOP( '', ( #2454, #2455, #2456, #2457 ) );
#1332 = AXIS2_PLACEMENT_3D( '', #2458, #2459, #2460 );
#1333 = SURFACE_SIDE_STYLE( '', ( #2461 ) );
#1334 = EDGE_LOOP( '', ( #2462, #2463, #2464, #2465 ) );
#1335 = AXIS2_PLACEMENT_3D( '', #2466, #2467, #2468 );
#1336 = SURFACE_SIDE_STYLE( '', ( #2469 ) );
#1337 = EDGE_LOOP( '', ( #2470, #2471, #2472, #2473, #2474, #2475, #2476, #2477 ) );
#1338 = AXIS2_PLACEMENT_3D( '', #2478, #2479, #2480 );
#1339 = SURFACE_SIDE_STYLE( '', ( #2481 ) );
#1340 = EDGE_LOOP( '', ( #2482, #2483, #2484, #2485, #2486, #2487 ) );
#1341 = AXIS2_PLACEMENT_3D( '', #2488, #2489, #2490 );
#1342 = SURFACE_SIDE_STYLE( '', ( #2491 ) );
#1343 = EDGE_LOOP( '', ( #2492, #2493, #2494, #2495 ) );
#1344 = AXIS2_PLACEMENT_3D( '', #2496, #2497, #2498 );
#1345 = SURFACE_SIDE_STYLE( '', ( #2499 ) );
#1346 = EDGE_LOOP( '', ( #2500 ) );
#1347 = AXIS2_PLACEMENT_3D( '', #2501, #2502, #2503 );
#1348 = SURFACE_SIDE_STYLE( '', ( #2504 ) );
#1349 = EDGE_LOOP( '', ( #2505, #2506, #2507, #2508 ) );
#1350 = AXIS2_PLACEMENT_3D( '', #2509, #2510, #2511 );
#1351 = SURFACE_SIDE_STYLE( '', ( #2512 ) );
#1352 = EDGE_LOOP( '', ( #2513, #2514, #2515, #2516 ) );
#1353 = AXIS2_PLACEMENT_3D( '', #2517, #2518, #2519 );
#1354 = SURFACE_SIDE_STYLE( '', ( #2520 ) );
#1355 = EDGE_LOOP( '', ( #2521, #2522, #2523, #2524 ) );
#1356 = AXIS2_PLACEMENT_3D( '', #2525, #2526, #2527 );
#1357 = SURFACE_SIDE_STYLE( '', ( #2528 ) );
#1358 = EDGE_LOOP( '', ( #2529, #2530, #2531, #2532 ) );
#1359 = AXIS2_PLACEMENT_3D( '', #2533, #2534, #2535 );
#1360 = SURFACE_SIDE_STYLE( '', ( #2536 ) );
#1361 = EDGE_LOOP( '', ( #2537, #2538, #2539, #2540 ) );
#1362 = AXIS2_PLACEMENT_3D( '', #2541, #2542, #2543 );
#1363 = SURFACE_SIDE_STYLE( '', ( #2544 ) );
#1364 = EDGE_LOOP( '', ( #2545, #2546, #2547, #2548 ) );
#1365 = EDGE_LOOP( '', ( #2549, #2550, #2551, #2552 ) );
#1366 = AXIS2_PLACEMENT_3D( '', #2553, #2554, #2555 );
#1367 = SURFACE_SIDE_STYLE( '', ( #2556 ) );
#1368 = EDGE_LOOP( '', ( #2557, #2558, #2559, #2560, #2561, #2562, #2563, #2564 ) );
#1369 = AXIS2_PLACEMENT_3D( '', #2565, #2566, #2567 );
#1370 = SURFACE_SIDE_STYLE( '', ( #2568 ) );
#1371 = EDGE_LOOP( '', ( #2569, #2570, #2571, #2572, #2573, #2574 ) );
#1372 = AXIS2_PLACEMENT_3D( '', #2575, #2576, #2577 );
#1373 = SURFACE_SIDE_STYLE( '', ( #2578 ) );
#1374 = EDGE_LOOP( '', ( #2579, #2580, #2581, #2582 ) );
#1375 = AXIS2_PLACEMENT_3D( '', #2583, #2584, #2585 );
#1376 = SURFACE_SIDE_STYLE( '', ( #2586 ) );
#1377 = EDGE_LOOP( '', ( #2587, #2588, #2589, #2590 ) );
#1378 = AXIS2_PLACEMENT_3D( '', #2591, #2592, #2593 );
#1379 = SURFACE_SIDE_STYLE( '', ( #2594 ) );
#1380 = EDGE_LOOP( '', ( #2595, #2596, #2597, #2598 ) );
#1381 = AXIS2_PLACEMENT_3D( '', #2599, #2600, #2601 );
#1382 = SURFACE_SIDE_STYLE( '', ( #2602 ) );
#1383 = EDGE_LOOP( '', ( #2603, #2604, #2605, #2606 ) );
#1384 = AXIS2_PLACEMENT_3D( '', #2607, #2608, #2609 );
#1385 = SURFACE_SIDE_STYLE( '', ( #2610 ) );
#1386 = EDGE_LOOP( '', ( #2611, #2612, #2613, #2614, #2615, #2616 ) );
#1387 = AXIS2_PLACEMENT_3D( '', #2617, #2618, #2619 );
#1388 = SURFACE_SIDE_STYLE( '', ( #2620 ) );
#1389 = EDGE_LOOP( '', ( #2621, #2622, #2623, #2624 ) );
#1390 = AXIS2_PLACEMENT_3D( '', #2625, #2626, #2627 );
#1391 = SURFACE_SIDE_STYLE( '', ( #2628 ) );
#1392 = EDGE_LOOP( '', ( #2629 ) );
#1393 = EDGE_LOOP( '', ( #2630 ) );
#1394 = AXIS2_PLACEMENT_3D( '', #2631, #2632, #2633 );
#1395 = SURFACE_SIDE_STYLE( '', ( #2634 ) );
#1396 = EDGE_LOOP( '', ( #2635, #2636, #2637, #2638 ) );
#1397 = AXIS2_PLACEMENT_3D( '', #2639, #2640, #2641 );
#1398 = SURFACE_SIDE_STYLE( '', ( #2642 ) );
#1399 = EDGE_LOOP( '', ( #2643 ) );
#1400 = EDGE_LOOP( '', ( #2644 ) );
#1401 = AXIS2_PLACEMENT_3D( '', #2645, #2646, #2647 );
#1402 = SURFACE_SIDE_STYLE( '', ( #2648 ) );
#1403 = EDGE_LOOP( '', ( #2649, #2650, #2651, #2652, #2653 ) );
#1404 = AXIS2_PLACEMENT_3D( '', #2654, #2655, #2656 );
#1405 = SURFACE_SIDE_STYLE( '', ( #2657 ) );
#1406 = EDGE_LOOP( '', ( #2658, #2659, #2660, #2661 ) );
#1407 = AXIS2_PLACEMENT_3D( '', #2662, #2663, #2664 );
#1408 = SURFACE_SIDE_STYLE( '', ( #2665 ) );
#1409 = EDGE_LOOP( '', ( #2666, #2667, #2668, #2669, #2670 ) );
#1410 = AXIS2_PLACEMENT_3D( '', #2671, #2672, #2673 );
#1411 = SURFACE_SIDE_STYLE( '', ( #2674 ) );
#1412 = EDGE_LOOP( '', ( #2675, #2676, #2677, #2678 ) );
#1413 = AXIS2_PLACEMENT_3D( '', #2679, #2680, #2681 );
#1414 = SURFACE_SIDE_STYLE( '', ( #2682 ) );
#1415 = EDGE_LOOP( '', ( #2683, #2684, #2685, #2686 ) );
#1416 = AXIS2_PLACEMENT_3D( '', #2687, #2688, #2689 );
#1417 = SURFACE_SIDE_STYLE( '', ( #2690 ) );
#1418 = EDGE_LOOP( '', ( #2691, #2692, #2693, #2694, #2695, #2696, #2697, #2698 ) );
#1419 = AXIS2_PLACEMENT_3D( '', #2699, #2700, #2701 );
#1420 = SURFACE_SIDE_STYLE( '', ( #2702 ) );
#1421 = EDGE_LOOP( '', ( #2703, #2704, #2705, #2706, #2707 ) );
#1422 = AXIS2_PLACEMENT_3D( '', #2708, #2709, #2710 );
#1423 = SURFACE_SIDE_STYLE( '', ( #2711 ) );
#1424 = EDGE_LOOP( '', ( #2712, #2713, #2714, #2715, #2716 ) );
#1425 = AXIS2_PLACEMENT_3D( '', #2717, #2718, #2719 );
#1426 = SURFACE_SIDE_STYLE( '', ( #2720 ) );
#1427 = EDGE_LOOP( '', ( #2721, #2722, #2723, #2724, #2725, #2726, #2727, #2728 ) );
#1428 = AXIS2_PLACEMENT_3D( '', #2729, #2730, #2731 );
#1429 = SURFACE_SIDE_STYLE( '', ( #2732 ) );
#1430 = EDGE_LOOP( '', ( #2733, #2734, #2735, #2736 ) );
#1431 = AXIS2_PLACEMENT_3D( '', #2737, #2738, #2739 );
#1432 = SURFACE_SIDE_STYLE( '', ( #2740 ) );
#1433 = EDGE_LOOP( '', ( #2741, #2742, #2743, #2744, #2745 ) );
#1434 = AXIS2_PLACEMENT_3D( '', #2746, #2747, #2748 );
#1435 = SURFACE_SIDE_STYLE( '', ( #2749 ) );
#1436 = EDGE_LOOP( '', ( #2750, #2751, #2752, #2753 ) );
#1437 = AXIS2_PLACEMENT_3D( '', #2754, #2755, #2756 );
#1438 = SURFACE_SIDE_STYLE( '', ( #2757 ) );
#1439 = EDGE_LOOP( '', ( #2758, #2759, #2760, #2761 ) );
#1440 = AXIS2_PLACEMENT_3D( '', #2762, #2763, #2764 );
#1441 = SURFACE_SIDE_STYLE( '', ( #2765 ) );
#1442 = EDGE_LOOP( '', ( #2766, #2767, #2768, #2769 ) );
#1443 = AXIS2_PLACEMENT_3D( '', #2770, #2771, #2772 );
#1444 = SURFACE_SIDE_STYLE( '', ( #2773 ) );
#1445 = EDGE_LOOP( '', ( #2774, #2775, #2776, #2777 ) );
#1446 = AXIS2_PLACEMENT_3D( '', #2778, #2779, #2780 );
#1447 = SURFACE_SIDE_STYLE( '', ( #2781 ) );
#1448 = EDGE_LOOP( '', ( #2782, #2783, #2784, #2785 ) );
#1449 = AXIS2_PLACEMENT_3D( '', #2786, #2787, #2788 );
#1450 = SURFACE_SIDE_STYLE( '', ( #2789 ) );
#1451 = EDGE_LOOP( '', ( #2790, #2791, #2792, #2793 ) );
#1452 = AXIS2_PLACEMENT_3D( '', #2794, #2795, #2796 );
#1453 = SURFACE_SIDE_STYLE( '', ( #2797 ) );
#1454 = EDGE_LOOP( '', ( #2798, #2799, #2800, #2801, #2802, #2803, #2804, #2805 ) );
#1455 = AXIS2_PLACEMENT_3D( '', #2806, #2807, #2808 );
#1456 = SURFACE_SIDE_STYLE( '', ( #2809 ) );
#1457 = EDGE_LOOP( '', ( #2810, #2811, #2812, #2813 ) );
#1458 = AXIS2_PLACEMENT_3D( '', #2814, #2815, #2816 );
#1459 = SURFACE_SIDE_STYLE( '', ( #2817 ) );
#1460 = EDGE_LOOP( '', ( #2818, #2819, #2820, #2821 ) );
#1461 = AXIS2_PLACEMENT_3D( '', #2822, #2823, #2824 );
#1462 = SURFACE_SIDE_STYLE( '', ( #2825 ) );
#1463 = EDGE_LOOP( '', ( #2826, #2827, #2828, #2829 ) );
#1464 = AXIS2_PLACEMENT_3D( '', #2830, #2831, #2832 );
#1465 = SURFACE_SIDE_STYLE( '', ( #2833 ) );
#1466 = EDGE_LOOP( '', ( #2834, #2835, #2836, #2837 ) );
#1467 = AXIS2_PLACEMENT_3D( '', #2838, #2839, #2840 );
#1468 = SURFACE_SIDE_STYLE( '', ( #2841 ) );
#1469 = EDGE_LOOP( '', ( #2842, #2843, #2844, #2845 ) );
#1470 = AXIS2_PLACEMENT_3D( '', #2846, #2847, #2848 );
#1471 = SURFACE_SIDE_STYLE( '', ( #2849 ) );
#1472 = EDGE_LOOP( '', ( #2850, #2851, #2852, #2853 ) );
#1473 = AXIS2_PLACEMENT_3D( '', #2854, #2855, #2856 );
#1474 = SURFACE_SIDE_STYLE( '', ( #2857 ) );
#1475 = EDGE_LOOP( '', ( #2858, #2859, #2860, #2861, #2862 ) );
#1476 = AXIS2_PLACEMENT_3D( '', #2863, #2864, #2865 );
#1477 = SURFACE_SIDE_STYLE( '', ( #2866 ) );
#1478 = EDGE_LOOP( '', ( #2867, #2868, #2869, #2870, #2871 ) );
#1479 = AXIS2_PLACEMENT_3D( '', #2872, #2873, #2874 );
#1480 = SURFACE_SIDE_STYLE( '', ( #2875 ) );
#1481 = EDGE_LOOP( '', ( #2876, #2877, #2878, #2879 ) );
#1482 = AXIS2_PLACEMENT_3D( '', #2880, #2881, #2882 );
#1483 = SURFACE_SIDE_STYLE( '', ( #2883 ) );
#1484 = EDGE_LOOP( '', ( #2884, #2885, #2886, #2887, #2888 ) );
#1485 = AXIS2_PLACEMENT_3D( '', #2889, #2890, #2891 );
#1486 = SURFACE_SIDE_STYLE( '', ( #2892 ) );
#1487 = EDGE_LOOP( '', ( #2893, #2894, #2895, #2896 ) );
#1488 = AXIS2_PLACEMENT_3D( '', #2897, #2898, #2899 );
#1489 = SURFACE_SIDE_STYLE( '', ( #2900 ) );
#1490 = EDGE_LOOP( '', ( #2901, #2902, #2903, #2904 ) );
#1491 = AXIS2_PLACEMENT_3D( '', #2905, #2906, #2907 );
#1492 = SURFACE_SIDE_STYLE( '', ( #2908 ) );
#1493 = EDGE_LOOP( '', ( #2909, #2910, #2911, #2912, #2913, #2914, #2915, #2916 ) );
#1494 = AXIS2_PLACEMENT_3D( '', #2917, #2918, #2919 );
#1495 = SURFACE_SIDE_STYLE( '', ( #2920 ) );
#1496 = EDGE_LOOP( '', ( #2921, #2922, #2923, #2924 ) );
#1497 = AXIS2_PLACEMENT_3D( '', #2925, #2926, #2927 );
#1498 = SURFACE_SIDE_STYLE( '', ( #2928 ) );
#1499 = EDGE_LOOP( '', ( #2929, #2930, #2931, #2932 ) );
#1500 = AXIS2_PLACEMENT_3D( '', #2933, #2934, #2935 );
#1501 = SURFACE_SIDE_STYLE( '', ( #2936 ) );
#1502 = EDGE_LOOP( '', ( #2937, #2938, #2939, #2940 ) );
#1503 = AXIS2_PLACEMENT_3D( '', #2941, #2942, #2943 );
#1504 = SURFACE_SIDE_STYLE( '', ( #2944 ) );
#1505 = EDGE_LOOP( '', ( #2945, #2946, #2947, #2948 ) );
#1506 = AXIS2_PLACEMENT_3D( '', #2949, #2950, #2951 );
#1507 = SURFACE_SIDE_STYLE( '', ( #2952 ) );
#1508 = EDGE_LOOP( '', ( #2953, #2954, #2955, #2956, #2957, #2958, #2959 ) );
#1509 = AXIS2_PLACEMENT_3D( '', #2960, #2961, #2962 );
#1510 = SURFACE_SIDE_STYLE( '', ( #2963 ) );
#1511 = EDGE_LOOP( '', ( #2964, #2965, #2966, #2967 ) );
#1512 = AXIS2_PLACEMENT_3D( '', #2968, #2969, #2970 );
#1513 = SURFACE_SIDE_STYLE( '', ( #2971 ) );
#1514 = EDGE_LOOP( '', ( #2972, #2973, #2974, #2975 ) );
#1515 = AXIS2_PLACEMENT_3D( '', #2976, #2977, #2978 );
#1516 = SURFACE_SIDE_STYLE( '', ( #2979 ) );
#1517 = EDGE_LOOP( '', ( #2980, #2981, #2982, #2983 ) );
#1518 = AXIS2_PLACEMENT_3D( '', #2984, #2985, #2986 );
#1519 = SURFACE_SIDE_STYLE( '', ( #2987 ) );
#1520 = EDGE_LOOP( '', ( #2988, #2989, #2990, #2991 ) );
#1521 = AXIS2_PLACEMENT_3D( '', #2992, #2993, #2994 );
#1522 = SURFACE_SIDE_STYLE( '', ( #2995 ) );
#1523 = EDGE_LOOP( '', ( #2996, #2997, #2998, #2999, #3000 ) );
#1524 = AXIS2_PLACEMENT_3D( '', #3001, #3002, #3003 );
#1525 = SURFACE_SIDE_STYLE( '', ( #3004 ) );
#1526 = EDGE_LOOP( '', ( #3005, #3006, #3007, #3008 ) );
#1527 = AXIS2_PLACEMENT_3D( '', #3009, #3010, #3011 );
#1528 = SURFACE_SIDE_STYLE( '', ( #3012 ) );
#1529 = EDGE_LOOP( '', ( #3013, #3014, #3015, #3016 ) );
#1530 = AXIS2_PLACEMENT_3D( '', #3017, #3018, #3019 );
#1531 = SURFACE_SIDE_STYLE( '', ( #3020 ) );
#1532 = EDGE_LOOP( '', ( #3021, #3022, #3023, #3024 ) );
#1533 = AXIS2_PLACEMENT_3D( '', #3025, #3026, #3027 );
#1534 = CARTESIAN_POINT( '', ( 0.000000000000000, 0.000000000000000, 0.000000000000000 ) );
#1535 = DIRECTION( '', ( 0.000000000000000, 0.000000000000000, 1.00000000000000 ) );
#1536 = DIRECTION( '', ( 1.00000000000000, 0.000000000000000, 0.000000000000000 ) );
#1537 = CARTESIAN_POINT( '', ( -1.49077798716757E-015, -1.38235776991902E-015, 4.55000000000000 ) );
#1538 = DIRECTION( '', ( 0.000000000000000, 0.000000000000000, 1.00000000000000 ) );
#1539 = DIRECTION( '', ( 1.00000000000000, 0.000000000000000, 0.000000000000000 ) );
#1540 = CARTESIAN_POINT( '', ( -1.65000000000000, 3.25260651745652E-016, 4.55000000000000 ) );
#1541 = DIRECTION( '', ( 0.000000000000000, 0.000000000000000, 1.00000000000000 ) );
#1542 = DIRECTION( '', ( 1.00000000000000, 0.000000000000000, 0.000000000000000 ) );
#1543 = CARTESIAN_POINT( '', ( 0.125000000000000, -1.62630325872826E-016, 0.700000000000000 ) );
#1544 = DIRECTION( '', ( 0.000000000000000, 0.000000000000000, 1.00000000000000 ) );
#1545 = DIRECTION( '', ( 1.00000000000000, 0.000000000000000, 0.000000000000000 ) );
#1546 = CARTESIAN_POINT( '', ( 0.125000000000000, -1.62630325872826E-016, 0.700000000000000 ) );
#1547 = DIRECTION( '', ( 0.000000000000000, 0.000000000000000, 1.00000000000000 ) );
#1548 = DIRECTION( '', ( 1.00000000000000, 0.000000000000000, 0.000000000000000 ) );
#1549 = CARTESIAN_POINT( '', ( 0.125000000000000, -1.62630325872826E-016, 0.700000000000000 ) );
#1550 = DIRECTION( '', ( 0.000000000000000, 0.000000000000000, 1.00000000000000 ) );
#1551 = DIRECTION( '', ( 1.00000000000000, 0.000000000000000, 0.000000000000000 ) );
#1552 = CARTESIAN_POINT( '', ( 0.125000000000000, -1.62630325872826E-016, 0.700000000000000 ) );
#1553 = DIRECTION( '', ( 0.000000000000000, 0.000000000000000, 1.00000000000000 ) );
#1554 = DIRECTION( '', ( 1.00000000000000, 0.000000000000000, 0.000000000000000 ) );
#1555 = ADVANCED_FACE( '', ( #3028 ), #3029, .T. );
#1556 = ADVANCED_FACE( '', ( #3030 ), #3031, .T. );
#1557 = ADVANCED_FACE( '', ( #3032 ), #3033, .T. );
#1558 = ADVANCED_FACE( '', ( #3034 ), #3035, .T. );
#1559 = ADVANCED_FACE( '', ( #3036 ), #3037, .F. );
#1560 = ADVANCED_FACE( '', ( #3038 ), #3039, .F. );
#1561 = ADVANCED_FACE( '', ( #3040 ), #3041, .F. );
#1562 = ADVANCED_FACE( '', ( #3042 ), #3043, .F. );
#1563 = ADVANCED_FACE( '', ( #3044 ), #3045, .T. );
#1564 = ADVANCED_FACE( '', ( #3046 ), #3047, .F. );
#1565 = ADVANCED_FACE( '', ( #3048 ), #3049, .T. );
#1566 = ADVANCED_FACE( '', ( #3050 ), #3051, .T. );
#1567 = ADVANCED_FACE( '', ( #3052 ), #3053, .F. );
#1568 = ADVANCED_FACE( '', ( #3054 ), #3055, .T. );
#1569 = ADVANCED_FACE( '', ( #3056 ), #3057, .T. );
#1570 = ADVANCED_FACE( '', ( #3058 ), #3059, .T. );
#1571 = ADVANCED_FACE( '', ( #3060 ), #3061, .T. );
#1572 = ADVANCED_FACE( '', ( #3062 ), #3063, .T. );
#1573 = ADVANCED_FACE( '', ( #3064 ), #3065, .T. );
#1574 = ADVANCED_FACE( '', ( #3066 ), #3067, .T. );
#1575 = ADVANCED_FACE( '', ( #3068 ), #3069, .F. );
#1576 = ADVANCED_FACE( '', ( #3070 ), #3071, .T. );
#1577 = ADVANCED_FACE( '', ( #3072 ), #3073, .F. );
#1578 = ADVANCED_FACE( '', ( #3074 ), #3075, .T. );
#1579 = ADVANCED_FACE( '', ( #3076 ), #3077, .F. );
#1580 = ADVANCED_FACE( '', ( #3078 ), #3079, .T. );
#1581 = ADVANCED_FACE( '', ( #3080 ), #3081, .T. );
#1582 = ADVANCED_FACE( '', ( #3082 ), #3083, .T. );
#1583 = ADVANCED_FACE( '', ( #3084 ), #3085, .F. );
#1584 = ADVANCED_FACE( '', ( #3086 ), #3087, .F. );
#1585 = ADVANCED_FACE( '', ( #3088 ), #3089, .F. );
#1586 = ADVANCED_FACE( '', ( #3090 ), #3091, .T. );
#1587 = ADVANCED_FACE( '', ( #3092 ), #3093, .T. );
#1588 = ADVANCED_FACE( '', ( #3094 ), #3095, .F. );
#1589 = ADVANCED_FACE( '', ( #3096 ), #3097, .F. );
#1590 = ADVANCED_FACE( '', ( #3098 ), #3099, .T. );
#1591 = ADVANCED_FACE( '', ( #3100 ), #3101, .F. );
#1592 = ADVANCED_FACE( '', ( #3102 ), #3103, .F. );
#1593 = ADVANCED_FACE( '', ( #3104 ), #3105, .F. );
#1594 = ADVANCED_FACE( '', ( #3106 ), #3107, .F. );
#1595 = ADVANCED_FACE( '', ( #3108 ), #3109, .F. );
#1596 = ADVANCED_FACE( '', ( #3110 ), #3111, .T. );
#1597 = ADVANCED_FACE( '', ( #3112 ), #3113, .T. );
#1598 = ADVANCED_FACE( '', ( #3114 ), #3115, .T. );
#1599 = ADVANCED_FACE( '', ( #3116 ), #3117, .T. );
#1600 = ADVANCED_FACE( '', ( #3118 ), #3119, .T. );
#1601 = ADVANCED_FACE( '', ( #3120 ), #3121, .T. );
#1602 = ADVANCED_FACE( '', ( #3122 ), #3123, .T. );
#1603 = ADVANCED_FACE( '', ( #3124 ), #3125, .F. );
#1604 = ADVANCED_FACE( '', ( #3126 ), #3127, .T. );
#1605 = ADVANCED_FACE( '', ( #3128 ), #3129, .T. );
#1606 = ADVANCED_FACE( '', ( #3130 ), #3131, .T. );
#1607 = ADVANCED_FACE( '', ( #3132 ), #3133, .T. );
#1608 = ADVANCED_FACE( '', ( #3134 ), #3135, .T. );
#1609 = ADVANCED_FACE( '', ( #3136 ), #3137, .T. );
#1610 = ADVANCED_FACE( '', ( #3138 ), #3139, .T. );
#1611 = ADVANCED_FACE( '', ( #3140 ), #3141, .T. );
#1612 = ADVANCED_FACE( '', ( #3142 ), #3143, .T. );
#1613 = ADVANCED_FACE( '', ( #3144 ), #3145, .T. );
#1614 = ADVANCED_FACE( '', ( #3146 ), #3147, .T. );
#1615 = ADVANCED_FACE( '', ( #3148 ), #3149, .F. );
#1616 = ADVANCED_FACE( '', ( #3150 ), #3151, .T. );
#1617 = ADVANCED_FACE( '', ( #3152 ), #3153, .F. );
#1618 = ADVANCED_FACE( '', ( #3154 ), #3155, .F. );
#1619 = ADVANCED_FACE( '', ( #3156 ), #3157, .F. );
#1620 = ADVANCED_FACE( '', ( #3158 ), #3159, .T. );
#1621 = ADVANCED_FACE( '', ( #3160 ), #3161, .F. );
#1622 = ADVANCED_FACE( '', ( #3162 ), #3163, .F. );
#1623 = ADVANCED_FACE( '', ( #3164 ), #3165, .T. );
#1624 = ADVANCED_FACE( '', ( #3166 ), #3167, .T. );
#1625 = ADVANCED_FACE( '', ( #3168 ), #3169, .F. );
#1626 = ADVANCED_FACE( '', ( #3170 ), #3171, .F. );
#1628 = SURFACE_STYLE_FILL_AREA( #3172 );
#1629 = ORIENTED_EDGE( '', *, *, #3173, .T. );
#1630 = ORIENTED_EDGE( '', *, *, #3174, .T. );
#1631 = ORIENTED_EDGE( '', *, *, #3175, .F. );
#1632 = ORIENTED_EDGE( '', *, *, #3176, .F. );
#1633 = ORIENTED_EDGE( '', *, *, #3177, .T. );
#1634 = ORIENTED_EDGE( '', *, *, #3178, .T. );
#1635 = CARTESIAN_POINT( '', ( -2.55000000000000, -1.45000000000000, 0.000000000000000 ) );
#1636 = DIRECTION( '', ( 0.000000000000000, 0.000000000000000, 1.00000000000000 ) );
#1637 = DIRECTION( '', ( 1.00000000000000, 0.000000000000000, 0.000000000000000 ) );
#1638 = SURFACE_STYLE_FILL_AREA( #3179 );
#1639 = ORIENTED_EDGE( '', *, *, #3180, .T. );
#1640 = ORIENTED_EDGE( '', *, *, #3181, .T. );
#1641 = ORIENTED_EDGE( '', *, *, #3182, .F. );
#1642 = ORIENTED_EDGE( '', *, *, #3183, .F. );
#1643 = CARTESIAN_POINT( '', ( 2.60000000000000, 1.50000000000000, 4.55000000000000 ) );
#1644 = DIRECTION( '', ( 0.000000000000000, 0.000000000000000, -1.00000000000000 ) );
#1645 = DIRECTION( '', ( -1.00000000000000, 0.000000000000000, 0.000000000000000 ) );
#1646 = SURFACE_STYLE_FILL_AREA( #3184 );
#1647 = ORIENTED_EDGE( '', *, *, #3185, .F. );
#1648 = ORIENTED_EDGE( '', *, *, #3186, .T. );
#1649 = ORIENTED_EDGE( '', *, *, #3187, .F. );
#1650 = ORIENTED_EDGE( '', *, *, #3188, .T. );
#1651 = ORIENTED_EDGE( '', *, *, #3189, .T. );
#1652 = CARTESIAN_POINT( '', ( -2.20000000000000, 1.10000000000000, 0.350000000000000 ) );
#1653 = DIRECTION( '', ( 0.000000000000000, -1.00000000000000, 0.000000000000000 ) );
#1654 = DIRECTION( '', ( 0.000000000000000, 0.000000000000000, -1.00000000000000 ) );
#1655 = SURFACE_STYLE_FILL_AREA( #3190 );
#1656 = ORIENTED_EDGE( '', *, *, #3191, .T. );
#1657 = ORIENTED_EDGE( '', *, *, #3192, .F. );
#1658 = ORIENTED_EDGE( '', *, *, #3193, .F. );
#1659 = ORIENTED_EDGE( '', *, *, #3194, .F. );
#1660 = ORIENTED_EDGE( '', *, *, #3195, .F. );
#1661 = ORIENTED_EDGE( '', *, *, #3196, .T. );
#1662 = CARTESIAN_POINT( '', ( -2.60000000000000, -0.400000000000000, -1.75000000000000 ) );
#1663 = DIRECTION( '', ( 0.000000000000000, -0.999412762574962, -0.0342655804311415 ) );
#1664 = DIRECTION( '', ( 0.000000000000000, 0.0342655804311415, -0.999412762574962 ) );
#1665 = SURFACE_STYLE_FILL_AREA( #3197 );
#1666 = ORIENTED_EDGE( '', *, *, #3198, .F. );
#1667 = ORIENTED_EDGE( '', *, *, #3199, .F. );
#1668 = ORIENTED_EDGE( '', *, *, #3200, .F. );
#1669 = ORIENTED_EDGE( '', *, *, #3174, .F. );
#1670 = CARTESIAN_POINT( '', ( 0.800000000000000, -1.45000000000000, 0.000000000000000 ) );
#1671 = DIRECTION( '', ( -0.707106781186547, 0.000000000000000, -0.707106781186548 ) );
#1672 = DIRECTION( '', ( -0.707106781186548, 0.000000000000000, 0.707106781186547 ) );
#1673 = SURFACE_STYLE_FILL_AREA( #3201 );
#1674 = ORIENTED_EDGE( '', *, *, #3202, .T. );
#1675 = ORIENTED_EDGE( '', *, *, #3203, .T. );
#1676 = ORIENTED_EDGE( '', *, *, #3204, .T. );
#1677 = ORIENTED_EDGE( '', *, *, #3205, .F. );
#1678 = ORIENTED_EDGE( '', *, *, #3206, .F. );
#1679 = ORIENTED_EDGE( '', *, *, #3207, .F. );
#1680 = ORIENTED_EDGE( '', *, *, #3208, .F. );
#1681 = ORIENTED_EDGE( '', *, *, #3209, .T. );
#1682 = ORIENTED_EDGE( '', *, *, #3210, .F. );
#1683 = ORIENTED_EDGE( '', *, *, #3211, .F. );
#1684 = ORIENTED_EDGE( '', *, *, #3212, .F. );
#1685 = ORIENTED_EDGE( '', *, *, #3213, .T. );
#1686 = ORIENTED_EDGE( '', *, *, #3214, .F. );
#1687 = ORIENTED_EDGE( '', *, *, #3215, .T. );
#1688 = ORIENTED_EDGE( '', *, *, #3216, .T. );
#1689 = ORIENTED_EDGE( '', *, *, #3217, .T. );
#1690 = ORIENTED_EDGE( '', *, *, #3218, .F. );
#1691 = ORIENTED_EDGE( '', *, *, #3219, .T. );
#1692 = CARTESIAN_POINT( '', ( -2.55000000000000, -1.45000000000000, 0.700000000000000 ) );
#1693 = DIRECTION( '', ( -4.25177322543335E-017, 1.00000000000000, 0.000000000000000 ) );
#1694 = DIRECTION( '', ( -1.00000000000000, -4.25177322543335E-017, 0.000000000000000 ) );
#1695 = SURFACE_STYLE_FILL_AREA( #3220 );
#1696 = ORIENTED_EDGE( '', *, *, #3221, .F. );
#1697 = ORIENTED_EDGE( '', *, *, #3222, .F. );
#1698 = ORIENTED_EDGE( '', *, *, #3186, .F. );
#1699 = ORIENTED_EDGE( '', *, *, #3223, .F. );
#1700 = CARTESIAN_POINT( '', ( -0.800000000000000, -1.45000000000000, 0.000000000000000 ) );
#1701 = DIRECTION( '', ( 0.707106781186548, 2.19041916669053E-016, -0.707106781186548 ) );
#1702 = DIRECTION( '', ( -0.707106781186548, 0.000000000000000, -0.707106781186548 ) );
#1703 = SURFACE_STYLE_FILL_AREA( #3224 );
#1704 = ORIENTED_EDGE( '', *, *, #3225, .T. );
#1705 = ORIENTED_EDGE( '', *, *, #3226, .T. );
#1706 = ORIENTED_EDGE( '', *, *, #3227, .F. );
#1707 = ORIENTED_EDGE( '', *, *, #3228, .T. );
#1708 = CARTESIAN_POINT( '', ( 2.20000000000000, 0.500000000000000, 0.350000000000000 ) );
#1709 = DIRECTION( '', ( 0.000000000000000, -1.00000000000000, 0.000000000000000 ) );
#1710 = DIRECTION( '', ( 0.000000000000000, 0.000000000000000, -1.00000000000000 ) );
#1711 = SURFACE_STYLE_FILL_AREA( #3229 );
#1712 = ORIENTED_EDGE( '', *, *, #3230, .T. );
#1713 = ORIENTED_EDGE( '', *, *, #3231, .F. );
#1714 = ORIENTED_EDGE( '', *, *, #3232, .F. );
#1715 = ORIENTED_EDGE( '', *, *, #3233, .F. );
#1716 = ORIENTED_EDGE( '', *, *, #3234, .T. );
#1717 = CARTESIAN_POINT( '', ( 2.60000000000000, -0.472000000000000, 0.350000000000000 ) );
#1718 = DIRECTION( '', ( 0.000000000000000, -0.999412762574962, -0.0342655804311416 ) );
#1719 = DIRECTION( '', ( 0.000000000000000, 0.0342655804311416, -0.999412762574962 ) );
#1720 = SURFACE_STYLE_FILL_AREA( #3235 );
#1721 = ORIENTED_EDGE( '', *, *, #3236, .T. );
#1722 = ORIENTED_EDGE( '', *, *, #3237, .F. );
#1723 = ORIENTED_EDGE( '', *, *, #3238, .T. );
#1724 = ORIENTED_EDGE( '', *, *, #3239, .T. );
#1725 = CARTESIAN_POINT( '', ( -2.60000000000000, -1.20000000000000, 4.90000000000000 ) );
#1726 = DIRECTION( '', ( 2.77996360781072E-016, 0.961523947640823, 0.274721127897378 ) );
#1727 = DIRECTION( '', ( 0.000000000000000, -0.274721127897378, 0.961523947640823 ) );
#1728 = SURFACE_STYLE_FILL_AREA( #3240 );
#1729 = ORIENTED_EDGE( '', *, *, #3241, .T. );
#1730 = ORIENTED_EDGE( '', *, *, #3242, .F. );
#1731 = ORIENTED_EDGE( '', *, *, #3243, .F. );
#1732 = ORIENTED_EDGE( '', *, *, #3244, .T. );
#1733 = CARTESIAN_POINT( '', ( 2.20000000000000, -1.10000000000000, 0.350000000000000 ) );
#1734 = DIRECTION( '', ( -1.00000000000000, 0.000000000000000, 0.000000000000000 ) );
#1735 = DIRECTION( '', ( 0.000000000000000, 0.000000000000000, 1.00000000000000 ) );
#1736 = SURFACE_STYLE_FILL_AREA( #3245 );
#1737 = ORIENTED_EDGE( '', *, *, #3246, .F. );
#1738 = ORIENTED_EDGE( '', *, *, #3247, .F. );
#1739 = ORIENTED_EDGE( '', *, *, #3248, .T. );
#1740 = ORIENTED_EDGE( '', *, *, #3249, .T. );
#1741 = CARTESIAN_POINT( '', ( -3.20000000000000, 1.10000000000000, -2.40000000000000 ) );
#1742 = DIRECTION( '', ( 0.000000000000000, 0.000000000000000, -1.00000000000000 ) );
#1743 = DIRECTION( '', ( -1.00000000000000, 0.000000000000000, 0.000000000000000 ) );
#1744 = SURFACE_STYLE_FILL_AREA( #3250 );
#1745 = ORIENTED_EDGE( '', *, *, #3251, .F. );
#1746 = ORIENTED_EDGE( '', *, *, #3252, .F. );
#1747 = ORIENTED_EDGE( '', *, *, #3253, .T. );
#1748 = ORIENTED_EDGE( '', *, *, #3254, .T. );
#1749 = CARTESIAN_POINT( '', ( -2.97500000000000, -0.350000000000000, 2.80000000000000 ) );
#1750 = DIRECTION( '', ( 0.000000000000000, 0.000000000000000, -1.00000000000000 ) );
#1751 = DIRECTION( '', ( -1.00000000000000, 0.000000000000000, 0.000000000000000 ) );
#1752 = SURFACE_STYLE_FILL_AREA( #3255 );
#1753 = ORIENTED_EDGE( '', *, *, #3256, .T. );
#1754 = ORIENTED_EDGE( '', *, *, #3257, .F. );
#1755 = ORIENTED_EDGE( '', *, *, #3258, .T. );
#1756 = ORIENTED_EDGE( '', *, *, #3259, .F. );
#1757 = CARTESIAN_POINT( '', ( -1.11500000000000, -0.670000000000000, 0.600000000000000 ) );
#1758 = DIRECTION( '', ( 0.000000000000000, 0.999444906979154, 0.0333148302326386 ) );
#1759 = DIRECTION( '', ( 0.000000000000000, -0.0333148302326386, 0.999444906979154 ) );
#1760 = SURFACE_STYLE_FILL_AREA( #3260 );
#1761 = ORIENTED_EDGE( '', *, *, #3261, .T. );
#1762 = ORIENTED_EDGE( '', *, *, #3262, .T. );
#1763 = ORIENTED_EDGE( '', *, *, #3263, .F. );
#1764 = ORIENTED_EDGE( '', *, *, #3264, .T. );
#1765 = ORIENTED_EDGE( '', *, *, #3227, .T. );
#1766 = ORIENTED_EDGE( '', *, *, #3265, .T. );
#1767 = ORIENTED_EDGE( '', *, *, #3176, .T. );
#1768 = ORIENTED_EDGE( '', *, *, #3266, .F. );
#1769 = ORIENTED_EDGE( '', *, *, #3267, .F. );
#1770 = ORIENTED_EDGE( '', *, *, #3205, .T. );
#1771 = CARTESIAN_POINT( '', ( 2.55000000000000, -1.45000000000000, 0.700000000000000 ) );
#1772 = DIRECTION( '', ( -1.00000000000000, 0.000000000000000, 0.000000000000000 ) );
#1773 = DIRECTION( '', ( 0.000000000000000, 0.000000000000000, 1.00000000000000 ) );
#1774 = SURFACE_STYLE_FILL_AREA( #3268 );
#1775 = ORIENTED_EDGE( '', *, *, #3269, .F. );
#1776 = ORIENTED_EDGE( '', *, *, #3270, .F. );
#1777 = ORIENTED_EDGE( '', *, *, #3253, .F. );
#1778 = ORIENTED_EDGE( '', *, *, #3271, .F. );
#1779 = CARTESIAN_POINT( '', ( -3.06875000000000, -0.350000000000000, 2.80000000000000 ) );
#1780 = DIRECTION( '', ( 0.000000000000000, -1.00000000000000, 0.000000000000000 ) );
#1781 = DIRECTION( '', ( 0.000000000000000, 0.000000000000000, -1.00000000000000 ) );
#1782 = SURFACE_STYLE_FILL_AREA( #3272 );
#1783 = ORIENTED_EDGE( '', *, *, #3273, .T. );
#1784 = ORIENTED_EDGE( '', *, *, #3274, .F. );
#1785 = ORIENTED_EDGE( '', *, *, #3275, .F. );
#1786 = ORIENTED_EDGE( '', *, *, #3276, .T. );
#1787 = CARTESIAN_POINT( '', ( 2.97500000000000, -0.350000000000000, 3.00000000000000 ) );
#1788 = DIRECTION( '', ( -0.905458935958869, 0.000000000000000, -0.424433876230719 ) );
#1789 = DIRECTION( '', ( -0.424433876230719, 0.000000000000000, 0.905458935958869 ) );
#1790 = SURFACE_STYLE_FILL_AREA( #3277 );
#1791 = ORIENTED_EDGE( '', *, *, #3278, .F. );
#1792 = ORIENTED_EDGE( '', *, *, #3279, .F. );
#1793 = ORIENTED_EDGE( '', *, *, #3280, .T. );
#1794 = ORIENTED_EDGE( '', *, *, #3281, .F. );
#1795 = ORIENTED_EDGE( '', *, *, #3282, .F. );
#1796 = ORIENTED_EDGE( '', *, *, #3283, .F. );
#1797 = ORIENTED_EDGE( '', *, *, #3284, .F. );
#1798 = ORIENTED_EDGE( '', *, *, #3285, .T. );
#1799 = ORIENTED_EDGE( '', *, *, #3286, .F. );
#1800 = ORIENTED_EDGE( '', *, *, #3287, .F. );
#1801 = ORIENTED_EDGE( '', *, *, #3288, .T. );
#1802 = ORIENTED_EDGE( '', *, *, #3289, .F. );
#1803 = ORIENTED_EDGE( '', *, *, #3290, .F. );
#1804 = ORIENTED_EDGE( '', *, *, #3291, .F. );
#1805 = ORIENTED_EDGE( '', *, *, #3292, .T. );
#1806 = ORIENTED_EDGE( '', *, *, #3293, .F. );
#1807 = CARTESIAN_POINT( '', ( -2.60000000000000, 1.50000000000000, 4.55000000000000 ) );
#1808 = DIRECTION( '', ( 0.000000000000000, 1.00000000000000, 0.000000000000000 ) );
#1809 = DIRECTION( '', ( 0.000000000000000, 0.000000000000000, 1.00000000000000 ) );
#1810 = SURFACE_STYLE_FILL_AREA( #3294 );
#1811 = ORIENTED_EDGE( '', *, *, #3295, .T. );
#1812 = ORIENTED_EDGE( '', *, *, #3296, .F. );
#1813 = ORIENTED_EDGE( '', *, *, #3297, .F. );
#1814 = ORIENTED_EDGE( '', *, *, #3298, .T. );
#1815 = CARTESIAN_POINT( '', ( 2.20000000000000, 1.50000000000000, 0.350000000000000 ) );
#1816 = DIRECTION( '', ( -1.00000000000000, 0.000000000000000, 0.000000000000000 ) );
#1817 = DIRECTION( '', ( 0.000000000000000, 0.000000000000000, 1.00000000000000 ) );
#1818 = SURFACE_STYLE_FILL_AREA( #3299 );
#1819 = ORIENTED_EDGE( '', *, *, #3300, .F. );
#1820 = ORIENTED_EDGE( '', *, *, #3301, .F. );
#1821 = ORIENTED_EDGE( '', *, *, #3302, .T. );
#1822 = ORIENTED_EDGE( '', *, *, #3303, .T. );
#1823 = ORIENTED_EDGE( '', *, *, #3304, .F. );
#1824 = ORIENTED_EDGE( '', *, *, #3305, .F. );
#1825 = ORIENTED_EDGE( '', *, *, #3306, .T. );
#1826 = ORIENTED_EDGE( '', *, *, #3307, .T. );
#1827 = ORIENTED_EDGE( '', *, *, #3308, .F. );
#1828 = ORIENTED_EDGE( '', *, *, #3309, .F. );
#1829 = ORIENTED_EDGE( '', *, *, #3310, .F. );
#1830 = ORIENTED_EDGE( '', *, *, #3311, .T. );
#1831 = CARTESIAN_POINT( '', ( -2.60000000000000, 0.400000000000000, 4.30000000000000 ) );
#1832 = DIRECTION( '', ( 0.000000000000000, 0.000000000000000, 1.00000000000000 ) );
#1833 = DIRECTION( '', ( 1.00000000000000, 0.000000000000000, 0.000000000000000 ) );
#1834 = SURFACE_STYLE_FILL_AREA( #3312 );
#1835 = ORIENTED_EDGE( '', *, *, #3313, .F. );
#1836 = ORIENTED_EDGE( '', *, *, #3314, .T. );
#1837 = ORIENTED_EDGE( '', *, *, #3284, .T. );
#1838 = ORIENTED_EDGE( '', *, *, #3315, .F. );
#1839 = CARTESIAN_POINT( '', ( -2.30000000000000, -1.50000000000000, 4.90000000000000 ) );
#1840 = DIRECTION( '', ( -0.961523947640823, 0.000000000000000, -0.274721127897379 ) );
#1841 = DIRECTION( '', ( -0.274721127897379, 0.000000000000000, 0.961523947640823 ) );
#1842 = SURFACE_STYLE_FILL_AREA( #3316 );
#1843 = ORIENTED_EDGE( '', *, *, #3317, .F. );
#1844 = ORIENTED_EDGE( '', *, *, #3318, .F. );
#1845 = ORIENTED_EDGE( '', *, *, #3319, .F. );
#1846 = ORIENTED_EDGE( '', *, *, #3320, .T. );
#1847 = CARTESIAN_POINT( '', ( 2.60000000000000, 1.50000000000000, 4.55000000000000 ) );
#1848 = DIRECTION( '', ( 0.000000000000000, 0.000000000000000, -1.00000000000000 ) );
#1849 = DIRECTION( '', ( -1.00000000000000, 0.000000000000000, 0.000000000000000 ) );
#1850 = SURFACE_STYLE_FILL_AREA( #3321 );
#1851 = ORIENTED_EDGE( '', *, *, #3322, .T. );
#1852 = ORIENTED_EDGE( '', *, *, #3323, .F. );
#1853 = ORIENTED_EDGE( '', *, *, #3324, .F. );
#1854 = ORIENTED_EDGE( '', *, *, #3325, .T. );
#1855 = ORIENTED_EDGE( '', *, *, #3326, .T. );
#1856 = ORIENTED_EDGE( '', *, *, #3319, .T. );
#1857 = ORIENTED_EDGE( '', *, *, #3327, .T. );
#1858 = ORIENTED_EDGE( '', *, *, #3328, .T. );
#1859 = ORIENTED_EDGE( '', *, *, #3329, .T. );
#1860 = ORIENTED_EDGE( '', *, *, #3330, .F. );
#1861 = ORIENTED_EDGE( '', *, *, #3331, .F. );
#1862 = ORIENTED_EDGE( '', *, *, #3332, .F. );
#1863 = ORIENTED_EDGE( '', *, *, #3333, .T. );
#1864 = ORIENTED_EDGE( '', *, *, #3334, .F. );
#1865 = ORIENTED_EDGE( '', *, *, #3335, .F. );
#1866 = ORIENTED_EDGE( '', *, *, #3336, .F. );
#1867 = CARTESIAN_POINT( '', ( 2.60000000000000, -1.50000000000000, 4.55000000000000 ) );
#1868 = DIRECTION( '', ( 4.17000835571348E-017, -1.00000000000000, 0.000000000000000 ) );
#1869 = DIRECTION( '', ( 1.00000000000000, 4.17000835571348E-017, 0.000000000000000 ) );
#1870 = SURFACE_STYLE_FILL_AREA( #3337 );
#1871 = ORIENTED_EDGE( '', *, *, #3338, .T. );
#1872 = ORIENTED_EDGE( '', *, *, #3339, .T. );
#1873 = ORIENTED_EDGE( '', *, *, #3303, .F. );
#1874 = ORIENTED_EDGE( '', *, *, #3340, .T. );
#1875 = CARTESIAN_POINT( '', ( -2.60000000000000, 0.300000000000000, 4.55000000000000 ) );
#1876 = DIRECTION( '', ( 2.68441718762654E-016, 0.928476690885259, 0.371390676354104 ) );
#1877 = DIRECTION( '', ( 0.000000000000000, -0.371390676354104, 0.928476690885259 ) );
#1878 = SURFACE_STYLE_FILL_AREA( #3341 );
#1879 = ORIENTED_EDGE( '', *, *, #3342, .F. );
#1880 = ORIENTED_EDGE( '', *, *, #3343, .F. );
#1881 = ORIENTED_EDGE( '', *, *, #3344, .F. );
#1882 = ORIENTED_EDGE( '', *, *, #3193, .T. );
#1883 = CARTESIAN_POINT( '', ( -2.60000000000000, 0.472000000000000, 0.350000000000000 ) );
#1884 = DIRECTION( '', ( 0.000000000000000, 0.000000000000000, 1.00000000000000 ) );
#1885 = DIRECTION( '', ( 1.00000000000000, 0.000000000000000, 0.000000000000000 ) );
#1886 = SURFACE_STYLE_FILL_AREA( #3345 );
#1887 = ORIENTED_EDGE( '', *, *, #3346, .F. );
#1888 = ORIENTED_EDGE( '', *, *, #3347, .F. );
#1889 = CARTESIAN_POINT( '', ( 1.75000000000000, 0.000000000000000, -0.800000000000000 ) );
#1890 = DIRECTION( '', ( -0.000000000000000, -0.000000000000000, 1.00000000000000 ) );
#1891 = DIRECTION( '', ( 1.00000000000000, 0.000000000000000, 0.000000000000000 ) );
#1892 = SURFACE_STYLE_FILL_AREA( #3348 );
#1893 = ORIENTED_EDGE( '', *, *, #3349, .F. );
#1894 = ORIENTED_EDGE( '', *, *, #3350, .F. );
#1895 = ORIENTED_EDGE( '', *, *, #3351, .T. );
#1896 = ORIENTED_EDGE( '', *, *, #3352, .T. );
#1897 = CARTESIAN_POINT( '', ( 2.20000000000000, 1.50000000000000, 0.350000000000000 ) );
#1898 = DIRECTION( '', ( 0.000000000000000, 0.000000000000000, 1.00000000000000 ) );
#1899 = DIRECTION( '', ( 1.00000000000000, 0.000000000000000, 0.000000000000000 ) );
#1900 = SURFACE_STYLE_FILL_AREA( #3353 );
#1901 = ORIENTED_EDGE( '', *, *, #3354, .T. );
#1902 = ORIENTED_EDGE( '', *, *, #3355, .T. );
#1903 = ORIENTED_EDGE( '', *, *, #3285, .F. );
#1904 = ORIENTED_EDGE( '', *, *, #3314, .F. );
#1905 = CARTESIAN_POINT( '', ( 2.60000000000000, 1.50000000000000, 4.55000000000000 ) );
#1906 = DIRECTION( '', ( 0.000000000000000, 0.000000000000000, -1.00000000000000 ) );
#1907 = DIRECTION( '', ( -1.00000000000000, 0.000000000000000, 0.000000000000000 ) );
#1908 = SURFACE_STYLE_FILL_AREA( #3356 );
#1909 = ORIENTED_EDGE( '', *, *, #3357, .T. );
#1910 = ORIENTED_EDGE( '', *, *, #3209, .F. );
#1911 = ORIENTED_EDGE( '', *, *, #3358, .F. );
#1912 = ORIENTED_EDGE( '', *, *, #3335, .T. );
#1913 = CARTESIAN_POINT( '', ( 1.15000000000000, -1.50000000000000, 0.800000000000000 ) );
#1914 = DIRECTION( '', ( -1.00000000000000, 0.000000000000000, 0.000000000000000 ) );
#1915 = DIRECTION( '', ( 0.000000000000000, 0.000000000000000, 1.00000000000000 ) );
#1916 = SURFACE_STYLE_FILL_AREA( #3359 );
#1917 = ORIENTED_EDGE( '', *, *, #3360, .F. );
#1918 = ORIENTED_EDGE( '', *, *, #3194, .T. );
#1919 = ORIENTED_EDGE( '', *, *, #3344, .T. );
#1920 = ORIENTED_EDGE( '', *, *, #3361, .T. );
#1921 = CARTESIAN_POINT( '', ( -2.60000000000000, 0.400000000000000, -1.75000000000000 ) );
#1922 = DIRECTION( '', ( -1.00000000000000, 0.000000000000000, 0.000000000000000 ) );
#1923 = DIRECTION( '', ( 0.000000000000000, 0.000000000000000, 1.00000000000000 ) );
#1924 = SURFACE_STYLE_FILL_AREA( #3362 );
#1925 = ORIENTED_EDGE( '', *, *, #3363, .F. );
#1926 = ORIENTED_EDGE( '', *, *, #3364, .F. );
#1927 = ORIENTED_EDGE( '', *, *, #3365, .T. );
#1928 = ORIENTED_EDGE( '', *, *, #3366, .T. );
#1929 = CARTESIAN_POINT( '', ( 0.450000000000000, -0.635000000000000, 3.35000000000000 ) );
#1930 = DIRECTION( '', ( -1.00000000000000, 0.000000000000000, 1.24280876962750E-016 ) );
#1931 = DIRECTION( '', ( 1.24280876962750E-016, 0.000000000000000, 1.00000000000000 ) );
#1932 = SURFACE_STYLE_FILL_AREA( #3367 );
#1933 = ORIENTED_EDGE( '', *, *, #3368, .T. );
#1934 = ORIENTED_EDGE( '', *, *, #3369, .T. );
#1935 = ORIENTED_EDGE( '', *, *, #3370, .F. );
#1936 = ORIENTED_EDGE( '', *, *, #3371, .F. );
#1937 = ORIENTED_EDGE( '', *, *, #3372, .F. );
#1938 = ORIENTED_EDGE( '', *, *, #3373, .F. );
#1939 = ORIENTED_EDGE( '', *, *, #3374, .F. );
#1940 = ORIENTED_EDGE( '', *, *, #3375, .F. );
#1941 = ORIENTED_EDGE( '', *, *, #3376, .F. );
#1942 = ORIENTED_EDGE( '', *, *, #3188, .F. );
#1943 = ORIENTED_EDGE( '', *, *, #3377, .F. );
#1944 = ORIENTED_EDGE( '', *, *, #3378, .F. );
#1945 = ORIENTED_EDGE( '', *, *, #3379, .F. );
#1946 = ORIENTED_EDGE( '', *, *, #3380, .F. );
#1947 = ORIENTED_EDGE( '', *, *, #3381, .F. );
#1948 = ORIENTED_EDGE( '', *, *, #3228, .F. );
#1949 = ORIENTED_EDGE( '', *, *, #3264, .F. );
#1950 = ORIENTED_EDGE( '', *, *, #3382, .F. );
#1951 = ORIENTED_EDGE( '', *, *, #3383, .F. );
#1952 = ORIENTED_EDGE( '', *, *, #3384, .F. );
#1953 = ORIENTED_EDGE( '', *, *, #3385, .F. );
#1954 = ORIENTED_EDGE( '', *, *, #3219, .F. );
#1955 = CARTESIAN_POINT( '', ( -0.600000000000000, -1.45000000000000, 0.350000000000000 ) );
#1956 = DIRECTION( '', ( 0.000000000000000, 0.000000000000000, 1.00000000000000 ) );
#1957 = DIRECTION( '', ( 1.00000000000000, 0.000000000000000, 0.000000000000000 ) );
#1958 = SURFACE_STYLE_FILL_AREA( #3386 );
#1959 = ORIENTED_EDGE( '', *, *, #3271, .T. );
#1960 = ORIENTED_EDGE( '', *, *, #3252, .T. );
#1961 = ORIENTED_EDGE( '', *, *, #3387, .F. );
#1962 = ORIENTED_EDGE( '', *, *, #3388, .F. );
#1963 = ORIENTED_EDGE( '', *, *, #3389, .T. );
#1964 = ORIENTED_EDGE( '', *, *, #3238, .F. );
#1965 = ORIENTED_EDGE( '', *, *, #3390, .F. );
#1966 = ORIENTED_EDGE( '', *, *, #3306, .F. );
#1967 = ORIENTED_EDGE( '', *, *, #3391, .F. );
#1968 = ORIENTED_EDGE( '', *, *, #3392, .F. );
#1969 = ORIENTED_EDGE( '', *, *, #3340, .F. );
#1970 = ORIENTED_EDGE( '', *, *, #3302, .F. );
#1971 = ORIENTED_EDGE( '', *, *, #3393, .F. );
#1972 = ORIENTED_EDGE( '', *, *, #3394, .F. );
#1973 = ORIENTED_EDGE( '', *, *, #3395, .T. );
#1974 = ORIENTED_EDGE( '', *, *, #3282, .T. );
#1975 = ORIENTED_EDGE( '', *, *, #3396, .F. );
#1976 = ORIENTED_EDGE( '', *, *, #3329, .F. );
#1977 = CARTESIAN_POINT( '', ( -2.60000000000000, -1.50000000000000, 4.55000000000000 ) );
#1978 = DIRECTION( '', ( -1.00000000000000, -2.89120579329468E-016, 0.000000000000000 ) );
#1979 = DIRECTION( '', ( 2.89120579329468E-016, -1.00000000000000, 0.000000000000000 ) );
#1980 = SURFACE_STYLE_FILL_AREA( #3397 );
#1981 = ORIENTED_EDGE( '', *, *, #3305, .T. );
#1982 = ORIENTED_EDGE( '', *, *, #3398, .T. );
#1983 = ORIENTED_EDGE( '', *, *, #3399, .F. );
#1984 = ORIENTED_EDGE( '', *, *, #3391, .T. );
#1985 = CARTESIAN_POINT( '', ( -2.60000000000000, -0.400000000000000, 4.30000000000000 ) );
#1986 = DIRECTION( '', ( -2.68441718762654E-016, -0.928476690885259, 0.371390676354104 ) );
#1987 = DIRECTION( '', ( 0.000000000000000, -0.371390676354104, -0.928476690885259 ) );
#1988 = SURFACE_STYLE_FILL_AREA( #3400 );
#1989 = ORIENTED_EDGE( '', *, *, #3401, .T. );
#1990 = ORIENTED_EDGE( '', *, *, #3402, .F. );
#1991 = ORIENTED_EDGE( '', *, *, #3403, .F. );
#1992 = ORIENTED_EDGE( '', *, *, #3296, .T. );
#1993 = CARTESIAN_POINT( '', ( 2.20000000000000, 1.50000000000000, 0.350000000000000 ) );
#1994 = DIRECTION( '', ( 0.000000000000000, -1.00000000000000, 0.000000000000000 ) );
#1995 = DIRECTION( '', ( 0.000000000000000, 0.000000000000000, -1.00000000000000 ) );
#1996 = SURFACE_STYLE_FILL_AREA( #3404 );
#1997 = ORIENTED_EDGE( '', *, *, #3405, .T. );
#1998 = ORIENTED_EDGE( '', *, *, #3406, .F. );
#1999 = ORIENTED_EDGE( '', *, *, #3407, .F. );
#2000 = ORIENTED_EDGE( '', *, *, #3408, .T. );
#2001 = CARTESIAN_POINT( '', ( 2.60000000000000, -0.350000000000000, 2.80000000000000 ) );
#2002 = DIRECTION( '', ( 0.000000000000000, 0.000000000000000, 1.00000000000000 ) );
#2003 = DIRECTION( '', ( 1.00000000000000, 0.000000000000000, 0.000000000000000 ) );
#2004 = SURFACE_STYLE_FILL_AREA( #3409 );
#2005 = ORIENTED_EDGE( '', *, *, #3239, .F. );
#2006 = ORIENTED_EDGE( '', *, *, #3389, .F. );
#2007 = ORIENTED_EDGE( '', *, *, #3328, .F. );
#2008 = ORIENTED_EDGE( '', *, *, #3410, .T. );
#2009 = CARTESIAN_POINT( '', ( -2.60000000000000, -1.50000000000000, 4.90000000000000 ) );
#2010 = DIRECTION( '', ( 0.000000000000000, 0.000000000000000, -1.00000000000000 ) );
#2011 = DIRECTION( '', ( -1.00000000000000, 0.000000000000000, 0.000000000000000 ) );
#2012 = SURFACE_STYLE_FILL_AREA( #3411 );
#2013 = ORIENTED_EDGE( '', *, *, #3412, .T. );
#2014 = ORIENTED_EDGE( '', *, *, #3413, .T. );
#2015 = ORIENTED_EDGE( '', *, *, #3414, .F. );
#2016 = ORIENTED_EDGE( '', *, *, #3373, .T. );
#2017 = CARTESIAN_POINT( '', ( -2.55000000000000, -0.500000000000000, 0.350000000000000 ) );
#2018 = DIRECTION( '', ( 0.000000000000000, 1.00000000000000, 0.000000000000000 ) );
#2019 = DIRECTION( '', ( 0.000000000000000, 0.000000000000000, 1.00000000000000 ) );
#2020 = SURFACE_STYLE_FILL_AREA( #3415 );
#2021 = ORIENTED_EDGE( '', *, *, #3416, .F. );
#2022 = ORIENTED_EDGE( '', *, *, #3417, .F. );
#2023 = ORIENTED_EDGE( '', *, *, #3418, .F. );
#2024 = ORIENTED_EDGE( '', *, *, #3365, .F. );
#2025 = CARTESIAN_POINT( '', ( 3.76795032773344, -0.485000000000000, 3.95000000000000 ) );
#2026 = DIRECTION( '', ( 2.12825957242848E-017, 0.986393923832144, -0.164398987305357 ) );
#2027 = DIRECTION( '', ( 0.000000000000000, 0.164398987305357, 0.986393923832144 ) );
#2028 = SURFACE_STYLE_FILL_AREA( #3419 );
#2029 = ORIENTED_EDGE( '', *, *, #3420, .T. );
#2030 = ORIENTED_EDGE( '', *, *, #3421, .T. );
#2031 = ORIENTED_EDGE( '', *, *, #3195, .T. );
#2032 = ORIENTED_EDGE( '', *, *, #3422, .F. );
#2033 = ORIENTED_EDGE( '', *, *, #3423, .F. );
#2034 = ORIENTED_EDGE( '', *, *, #3424, .F. );
#2035 = ORIENTED_EDGE( '', *, *, #3425, .T. );
#2036 = ORIENTED_EDGE( '', *, *, #3426, .F. );
#2037 = CARTESIAN_POINT( '', ( -2.60000000000000, 1.10000000000000, 0.350000000000000 ) );
#2038 = DIRECTION( '', ( 1.00000000000000, 0.000000000000000, 0.000000000000000 ) );
#2039 = DIRECTION( '', ( 0.000000000000000, 0.000000000000000, -1.00000000000000 ) );
#2040 = SURFACE_STYLE_FILL_AREA( #3427 );
#2041 = ORIENTED_EDGE( '', *, *, #3241, .F. );
#2042 = ORIENTED_EDGE( '', *, *, #3428, .F. );
#2043 = ORIENTED_EDGE( '', *, *, #3429, .F. );
#2044 = ORIENTED_EDGE( '', *, *, #3430, .F. );
#2045 = ORIENTED_EDGE( '', *, *, #3422, .T. );
#2046 = ORIENTED_EDGE( '', *, *, #3360, .T. );
#2047 = ORIENTED_EDGE( '', *, *, #3426, .T. );
#2048 = ORIENTED_EDGE( '', *, *, #3431, .F. );
#2049 = ORIENTED_EDGE( '', *, *, #3432, .F. );
#2050 = ORIENTED_EDGE( '', *, *, #3401, .F. );
#2051 = ORIENTED_EDGE( '', *, *, #3295, .F. );
#2052 = ORIENTED_EDGE( '', *, *, #3433, .F. );
#2053 = ORIENTED_EDGE( '', *, *, #3434, .F. );
#2054 = ORIENTED_EDGE( '', *, *, #3435, .F. );
#2055 = ORIENTED_EDGE( '', *, *, #3436, .F. );
#2056 = ORIENTED_EDGE( '', *, *, #3437, .F. );
#2057 = ORIENTED_EDGE( '', *, *, #3438, .T. );
#2058 = ORIENTED_EDGE( '', *, *, #3439, .T. );
#2059 = ORIENTED_EDGE( '', *, *, #3440, .T. );
#2060 = ORIENTED_EDGE( '', *, *, #3441, .T. );
#2061 = CARTESIAN_POINT( '', ( 2.20000000000000, 1.50000000000000, 0.000000000000000 ) );
#2062 = DIRECTION( '', ( 0.000000000000000, 0.000000000000000, 1.00000000000000 ) );
#2063 = DIRECTION( '', ( 1.00000000000000, 0.000000000000000, 0.000000000000000 ) );
#2064 = SURFACE_STYLE_FILL_AREA( #3442 );
#2065 = ORIENTED_EDGE( '', *, *, #3443, .F. );
#2066 = ORIENTED_EDGE( '', *, *, #3444, .F. );
#2067 = ORIENTED_EDGE( '', *, *, #3217, .F. );
#2068 = ORIENTED_EDGE( '', *, *, #3445, .F. );
#2069 = CARTESIAN_POINT( '', ( -0.800000000000000, -1.45000000000000, 0.000000000000000 ) );
#2070 = DIRECTION( '', ( 0.707106781186548, 0.000000000000000, -0.707106781186548 ) );
#2071 = DIRECTION( '', ( -0.707106781186548, 0.000000000000000, -0.707106781186548 ) );
#2072 = SURFACE_STYLE_FILL_AREA( #3446 );
#2073 = ORIENTED_EDGE( '', *, *, #3236, .F. );
#2074 = ORIENTED_EDGE( '', *, *, #3410, .F. );
#2075 = ORIENTED_EDGE( '', *, *, #3327, .F. );
#2076 = ORIENTED_EDGE( '', *, *, #3318, .T. );
#2077 = CARTESIAN_POINT( '', ( -2.30000000000000, -1.50000000000000, 4.90000000000000 ) );
#2078 = DIRECTION( '', ( -0.961523947640823, 0.000000000000000, -0.274721127897379 ) );
#2079 = DIRECTION( '', ( -0.274721127897379, 0.000000000000000, 0.961523947640823 ) );
#2080 = SURFACE_STYLE_FILL_AREA( #3447 );
#2081 = ORIENTED_EDGE( '', *, *, #3448, .T. );
#2082 = ORIENTED_EDGE( '', *, *, #3292, .F. );
#2083 = ORIENTED_EDGE( '', *, *, #3449, .F. );
#2084 = ORIENTED_EDGE( '', *, *, #3450, .T. );
#2085 = CARTESIAN_POINT( '', ( 1.15000000000000, 1.45000000000000, 0.800000000000000 ) );
#2086 = DIRECTION( '', ( -1.00000000000000, 0.000000000000000, 0.000000000000000 ) );
#2087 = DIRECTION( '', ( 0.000000000000000, 0.000000000000000, 1.00000000000000 ) );
#2088 = SURFACE_STYLE_FILL_AREA( #3451 );
#2089 = ORIENTED_EDGE( '', *, *, #3452, .T. );
#2090 = ORIENTED_EDGE( '', *, *, #3453, .F. );
#2091 = ORIENTED_EDGE( '', *, *, #3454, .F. );
#2092 = ORIENTED_EDGE( '', *, *, #3455, .T. );
#2093 = CARTESIAN_POINT( '', ( -0.500000000000000, -0.635000000000000, 0.000000000000000 ) );
#2094 = DIRECTION( '', ( 0.000000000000000, 0.000000000000000, 1.00000000000000 ) );
#2095 = DIRECTION( '', ( 1.00000000000000, 0.000000000000000, 0.000000000000000 ) );
#2096 = SURFACE_STYLE_FILL_AREA( #3456 );
#2097 = ORIENTED_EDGE( '', *, *, #3457, .T. );
#2098 = ORIENTED_EDGE( '', *, *, #3458, .T. );
#2099 = ORIENTED_EDGE( '', *, *, #3459, .F. );
#2100 = ORIENTED_EDGE( '', *, *, #3189, .F. );
#2101 = ORIENTED_EDGE( '', *, *, #3376, .T. );
#2102 = CARTESIAN_POINT( '', ( -2.20000000000000, 0.500000000000000, 0.350000000000000 ) );
#2103 = DIRECTION( '', ( 1.00000000000000, 0.000000000000000, 0.000000000000000 ) );
#2104 = DIRECTION( '', ( 0.000000000000000, 0.000000000000000, -1.00000000000000 ) );
#2105 = SURFACE_STYLE_FILL_AREA( #3460 );
#2106 = ORIENTED_EDGE( '', *, *, #3461, .T. );
#2107 = ORIENTED_EDGE( '', *, *, #3368, .F. );
#2108 = CARTESIAN_POINT( '', ( -1.65000000000000, 0.000000000000000, -1.00000000000000 ) );
#2109 = DIRECTION( '', ( -0.000000000000000, -0.000000000000000, -1.00000000000000 ) );
#2110 = DIRECTION( '', ( 1.00000000000000, 0.000000000000000, 0.000000000000000 ) );
#2111 = SURFACE_STYLE_FILL_AREA( #3462 );
#2112 = ORIENTED_EDGE( '', *, *, #3346, .T. );
#2113 = CARTESIAN_POINT( '', ( 1.75000000000000, 0.000000000000000, -1.00000000000000 ) );
#2114 = DIRECTION( '', ( 0.000000000000000, 0.000000000000000, 1.00000000000000 ) );
#2115 = DIRECTION( '', ( 1.00000000000000, 0.000000000000000, 0.000000000000000 ) );
#2116 = SURFACE_STYLE_FILL_AREA( #3463 );
#2117 = ORIENTED_EDGE( '', *, *, #3263, .T. );
#2118 = ORIENTED_EDGE( '', *, *, #3464, .T. );
#2119 = ORIENTED_EDGE( '', *, *, #3465, .F. );
#2120 = ORIENTED_EDGE( '', *, *, #3382, .T. );
#2121 = CARTESIAN_POINT( '', ( 2.20000000000000, -0.500000000000000, 0.350000000000000 ) );
#2122 = DIRECTION( '', ( 0.000000000000000, 1.00000000000000, 0.000000000000000 ) );
#2123 = DIRECTION( '', ( 0.000000000000000, 0.000000000000000, 1.00000000000000 ) );
#2124 = SURFACE_STYLE_FILL_AREA( #3466 );
#2125 = ORIENTED_EDGE( '', *, *, #3467, .T. );
#2126 = ORIENTED_EDGE( '', *, *, #3455, .F. );
#2127 = ORIENTED_EDGE( '', *, *, #3468, .F. );
#2128 = ORIENTED_EDGE( '', *, *, #3469, .T. );
#2129 = CARTESIAN_POINT( '', ( -0.500000000000000, -0.635000000000000, 3.35000000000000 ) );
#2130 = DIRECTION( '', ( 1.00000000000000, 0.000000000000000, 1.29456975819165E-016 ) );
#2131 = DIRECTION( '', ( 1.29456975819165E-016, 0.000000000000000, -1.00000000000000 ) );
#2132 = SURFACE_STYLE_FILL_AREA( #3470 );
#2133 = ORIENTED_EDGE( '', *, *, #3471, .T. );
#2134 = ORIENTED_EDGE( '', *, *, #3472, .F. );
#2135 = ORIENTED_EDGE( '', *, *, #3256, .F. );
#2136 = ORIENTED_EDGE( '', *, *, #3473, .F. );
#2137 = CARTESIAN_POINT( '', ( -2.18500000000000, 0.670000000000000, 0.600000000000000 ) );
#2138 = DIRECTION( '', ( 0.999444906979154, -4.85194181832704E-016, 0.0333148302326386 ) );
#2139 = DIRECTION( '', ( 0.0333148302326386, 0.000000000000000, -0.999444906979154 ) );
#2140 = SURFACE_STYLE_FILL_AREA( #3474 );
#2141 = ORIENTED_EDGE( '', *, *, #3218, .T. );
#2142 = ORIENTED_EDGE( '', *, *, #3444, .T. );
#2143 = ORIENTED_EDGE( '', *, *, #3475, .F. );
#2144 = ORIENTED_EDGE( '', *, *, #3370, .T. );
#2145 = CARTESIAN_POINT( '', ( -0.600000000000000, -1.45000000000000, 0.350000000000000 ) );
#2146 = DIRECTION( '', ( 1.00000000000000, 0.000000000000000, 0.000000000000000 ) );
#2147 = DIRECTION( '', ( 0.000000000000000, 0.000000000000000, -1.00000000000000 ) );
#2148 = SURFACE_STYLE_FILL_AREA( #3476 );
#2149 = ORIENTED_EDGE( '', *, *, #3477, .F. );
#2150 = ORIENTED_EDGE( '', *, *, #3478, .F. );
#2151 = ORIENTED_EDGE( '', *, *, #3269, .T. );
#2152 = ORIENTED_EDGE( '', *, *, #3388, .T. );
#2153 = CARTESIAN_POINT( '', ( -2.60000000000000, -0.350000000000000, 3.80000000000000 ) );
#2154 = DIRECTION( '', ( -0.905458935958868, 0.000000000000000, 0.424433876230720 ) );
#2155 = DIRECTION( '', ( 0.424433876230720, 0.000000000000000, 0.905458935958868 ) );
#2156 = SURFACE_STYLE_FILL_AREA( #3479 );
#2157 = ORIENTED_EDGE( '', *, *, #3435, .T. );
#2158 = ORIENTED_EDGE( '', *, *, #3480, .T. );
#2159 = ORIENTED_EDGE( '', *, *, #3481, .T. );
#2160 = ORIENTED_EDGE( '', *, *, #3233, .T. );
#2161 = CARTESIAN_POINT( '', ( 2.60000000000000, -0.400000000000000, -1.75000000000000 ) );
#2162 = DIRECTION( '', ( 1.00000000000000, 0.000000000000000, 0.000000000000000 ) );
#2163 = DIRECTION( '', ( 0.000000000000000, 0.000000000000000, -1.00000000000000 ) );
#2164 = SURFACE_STYLE_FILL_AREA( #3482 );
#2165 = ORIENTED_EDGE( '', *, *, #3477, .T. );
#2166 = ORIENTED_EDGE( '', *, *, #3387, .T. );
#2167 = ORIENTED_EDGE( '', *, *, #3251, .T. );
#2168 = ORIENTED_EDGE( '', *, *, #3483, .T. );
#2169 = CARTESIAN_POINT( '', ( -3.06875000000000, 0.350000000000000, 2.80000000000000 ) );
#2170 = DIRECTION( '', ( 0.000000000000000, -1.00000000000000, 0.000000000000000 ) );
#2171 = DIRECTION( '', ( 0.000000000000000, 0.000000000000000, -1.00000000000000 ) );
#2172 = SURFACE_STYLE_FILL_AREA( #3484 );
#2173 = ORIENTED_EDGE( '', *, *, #3485, .F. );
#2174 = ORIENTED_EDGE( '', *, *, #3486, .F. );
#2175 = ORIENTED_EDGE( '', *, *, #3471, .F. );
#2176 = ORIENTED_EDGE( '', *, *, #3487, .F. );
#2177 = CARTESIAN_POINT( '', ( -1.11500000000000, 0.670000000000000, 0.600000000000000 ) );
#2178 = DIRECTION( '', ( 0.000000000000000, -0.999444906979154, 0.0333148302326384 ) );
#2179 = DIRECTION( '', ( 0.000000000000000, -0.0333148302326384, -0.999444906979154 ) );
#2180 = SURFACE_STYLE_FILL_AREA( #3488 );
#2181 = ORIENTED_EDGE( '', *, *, #3489, .F. );
#2182 = ORIENTED_EDGE( '', *, *, #3490, .T. );
#2183 = ORIENTED_EDGE( '', *, *, #3286, .T. );
#2184 = ORIENTED_EDGE( '', *, *, #3355, .F. );
#2185 = CARTESIAN_POINT( '', ( 2.20000000000000, -1.50000000000000, 4.55000000000000 ) );
#2186 = DIRECTION( '', ( 0.961523947640823, 0.000000000000000, -0.274721127897378 ) );
#2187 = DIRECTION( '', ( -0.274721127897378, 0.000000000000000, -0.961523947640823 ) );
#2188 = SURFACE_STYLE_FILL_AREA( #3491 );
#2189 = ORIENTED_EDGE( '', *, *, #3492, .F. );
#2190 = ORIENTED_EDGE( '', *, *, #3493, .T. );
#2191 = ORIENTED_EDGE( '', *, *, #3494, .T. );
#2192 = ORIENTED_EDGE( '', *, *, #3214, .T. );
#2193 = ORIENTED_EDGE( '', *, *, #3495, .F. );
#2194 = ORIENTED_EDGE( '', *, *, #3330, .T. );
#2195 = ORIENTED_EDGE( '', *, *, #3396, .T. );
#2196 = ORIENTED_EDGE( '', *, *, #3281, .T. );
#2197 = CARTESIAN_POINT( '', ( 2.60000000000000, 1.50000000000000, 0.700000000000000 ) );
#2198 = DIRECTION( '', ( 0.000000000000000, 0.000000000000000, -1.00000000000000 ) );
#2199 = DIRECTION( '', ( -1.00000000000000, 0.000000000000000, 0.000000000000000 ) );
#2200 = SURFACE_STYLE_FILL_AREA( #3496 );
#2201 = ORIENTED_EDGE( '', *, *, #3497, .T. );
#2202 = ORIENTED_EDGE( '', *, *, #3498, .T. );
#2203 = ORIENTED_EDGE( '', *, *, #3499, .T. );
#2204 = ORIENTED_EDGE( '', *, *, #3500, .T. );
#2205 = ORIENTED_EDGE( '', *, *, #3433, .T. );
#2206 = ORIENTED_EDGE( '', *, *, #3298, .F. );
#2207 = ORIENTED_EDGE( '', *, *, #3501, .F. );
#2208 = CARTESIAN_POINT( '', ( 3.20000000000000, 1.10000000000000, 0.350000000000000 ) );
#2209 = DIRECTION( '', ( 0.000000000000000, -1.00000000000000, 0.000000000000000 ) );
#2210 = DIRECTION( '', ( 0.000000000000000, 0.000000000000000, -1.00000000000000 ) );
#2211 = SURFACE_STYLE_FILL_AREA( #3502 );
#2212 = ORIENTED_EDGE( '', *, *, #3503, .T. );
#2213 = ORIENTED_EDGE( '', *, *, #3504, .F. );
#2214 = ORIENTED_EDGE( '', *, *, #3505, .F. );
#2215 = ORIENTED_EDGE( '', *, *, #3350, .T. );
#2216 = ORIENTED_EDGE( '', *, *, #3342, .T. );
#2217 = ORIENTED_EDGE( '', *, *, #3506, .T. );
#2218 = CARTESIAN_POINT( '', ( -2.55000000000000, 1.10000000000000, 1.35000000000000 ) );
#2219 = DIRECTION( '', ( -0.995037190209989, 0.000000000000000, 0.0995037190209987 ) );
#2220 = DIRECTION( '', ( 0.0995037190209987, 0.000000000000000, 0.995037190209989 ) );
#2221 = SURFACE_STYLE_FILL_AREA( #3507 );
#2222 = ORIENTED_EDGE( '', *, *, #3495, .T. );
#2223 = ORIENTED_EDGE( '', *, *, #3213, .F. );
#2224 = ORIENTED_EDGE( '', *, *, #3508, .F. );
#2225 = ORIENTED_EDGE( '', *, *, #3331, .T. );
#2226 = CARTESIAN_POINT( '', ( -2.10000000000000, -1.50000000000000, 0.800000000000000 ) );
#2227 = DIRECTION( '', ( -1.00000000000000, 0.000000000000000, 0.000000000000000 ) );
#2228 = DIRECTION( '', ( 0.000000000000000, 0.000000000000000, 1.00000000000000 ) );
#2229 = SURFACE_STYLE_FILL_AREA( #3509 );
#2230 = ORIENTED_EDGE( '', *, *, #3175, .T. );
#2231 = ORIENTED_EDGE( '', *, *, #3200, .T. );
#2232 = ORIENTED_EDGE( '', *, *, #3510, .F. );
#2233 = ORIENTED_EDGE( '', *, *, #3378, .T. );
#2234 = ORIENTED_EDGE( '', *, *, #3511, .T. );
#2235 = ORIENTED_EDGE( '', *, *, #3221, .T. );
#2236 = ORIENTED_EDGE( '', *, *, #3512, .T. );
#2237 = ORIENTED_EDGE( '', *, *, #3513, .F. );
#2238 = ORIENTED_EDGE( '', *, *, #3493, .F. );
#2239 = ORIENTED_EDGE( '', *, *, #3514, .F. );
#2240 = ORIENTED_EDGE( '', *, *, #3515, .F. );
#2241 = ORIENTED_EDGE( '', *, *, #3516, .T. );
#2242 = ORIENTED_EDGE( '', *, *, #3517, .F. );
#2243 = ORIENTED_EDGE( '', *, *, #3450, .F. );
#2244 = ORIENTED_EDGE( '', *, *, #3518, .F. );
#2245 = ORIENTED_EDGE( '', *, *, #3519, .T. );
#2246 = ORIENTED_EDGE( '', *, *, #3520, .F. );
#2247 = ORIENTED_EDGE( '', *, *, #3266, .T. );
#2248 = CARTESIAN_POINT( '', ( 2.55000000000000, 1.45000000000000, 0.700000000000000 ) );
#2249 = DIRECTION( '', ( -4.25177322543335E-017, -1.00000000000000, 0.000000000000000 ) );
#2250 = DIRECTION( '', ( 1.00000000000000, -4.25177322543335E-017, 0.000000000000000 ) );
#2251 = SURFACE_STYLE_FILL_AREA( #3521 );
#2252 = ORIENTED_EDGE( '', *, *, #3522, .F. );
#2253 = ORIENTED_EDGE( '', *, *, #3249, .F. );
#2254 = ORIENTED_EDGE( '', *, *, #3523, .T. );
#2255 = ORIENTED_EDGE( '', *, *, #3424, .T. );
#2256 = CARTESIAN_POINT( '', ( -2.80000000000000, 1.10000000000000, -2.40000000000000 ) );
#2257 = DIRECTION( '', ( 0.866025403784438, 0.000000000000000, -0.500000000000000 ) );
#2258 = DIRECTION( '', ( -0.500000000000000, 0.000000000000000, -0.866025403784438 ) );
#2259 = SURFACE_STYLE_FILL_AREA( #3524 );
#2260 = ORIENTED_EDGE( '', *, *, #3525, .T. );
#2261 = ORIENTED_EDGE( '', *, *, #3315, .T. );
#2262 = ORIENTED_EDGE( '', *, *, #3283, .T. );
#2263 = ORIENTED_EDGE( '', *, *, #3395, .F. );
#2264 = CARTESIAN_POINT( '', ( -2.60000000000000, -1.50000000000000, 4.90000000000000 ) );
#2265 = DIRECTION( '', ( 0.000000000000000, 0.000000000000000, -1.00000000000000 ) );
#2266 = DIRECTION( '', ( -1.00000000000000, 0.000000000000000, 0.000000000000000 ) );
#2267 = SURFACE_STYLE_FILL_AREA( #3526 );
#2268 = ORIENTED_EDGE( '', *, *, #3310, .T. );
#2269 = ORIENTED_EDGE( '', *, *, #3527, .F. );
#2270 = ORIENTED_EDGE( '', *, *, #3180, .F. );
#2271 = ORIENTED_EDGE( '', *, *, #3528, .F. );
#2272 = CARTESIAN_POINT( '', ( 2.20000000000000, -0.400000000000000, 4.30000000000000 ) );
#2273 = DIRECTION( '', ( -1.00000000000000, 0.000000000000000, 0.000000000000000 ) );
#2274 = DIRECTION( '', ( 0.000000000000000, 0.000000000000000, 1.00000000000000 ) );
#2275 = SURFACE_STYLE_FILL_AREA( #3529 );
#2276 = ORIENTED_EDGE( '', *, *, #3441, .F. );
#2277 = ORIENTED_EDGE( '', *, *, #3530, .T. );
#2278 = ORIENTED_EDGE( '', *, *, #3473, .T. );
#2279 = ORIENTED_EDGE( '', *, *, #3531, .T. );
#2280 = CARTESIAN_POINT( '', ( -2.35000000000000, 1.50000000000000, 0.000000000000000 ) );
#2281 = DIRECTION( '', ( -0.964205392803790, 4.68086678328407E-016, 0.265156483021043 ) );
#2282 = DIRECTION( '', ( 0.265156483021043, 0.000000000000000, 0.964205392803790 ) );
#2283 = SURFACE_STYLE_FILL_AREA( #3532 );
#2284 = ORIENTED_EDGE( '', *, *, #3533, .F. );
#2285 = ORIENTED_EDGE( '', *, *, #3534, .T. );
#2286 = ORIENTED_EDGE( '', *, *, #3535, .F. );
#2287 = ORIENTED_EDGE( '', *, *, #3536, .F. );
#2288 = CARTESIAN_POINT( '', ( -0.850000000000000, 1.10000000000000, 1.35000000000000 ) );
#2289 = DIRECTION( '', ( 0.980580675690920, -9.66497908074000E-017, 0.196116135138184 ) );
#2290 = DIRECTION( '', ( 0.196116135138184, 0.000000000000000, -0.980580675690920 ) );
#2291 = SURFACE_STYLE_FILL_AREA( #3537 );
#2292 = ORIENTED_EDGE( '', *, *, #3538, .F. );
#2293 = ORIENTED_EDGE( '', *, *, #3398, .F. );
#2294 = ORIENTED_EDGE( '', *, *, #3304, .T. );
#2295 = ORIENTED_EDGE( '', *, *, #3339, .F. );
#2296 = CARTESIAN_POINT( '', ( -2.20000000000000, 0.400000000000000, 4.30000000000000 ) );
#2297 = DIRECTION( '', ( 1.00000000000000, 0.000000000000000, 0.000000000000000 ) );
#2298 = DIRECTION( '', ( 0.000000000000000, 0.000000000000000, -1.00000000000000 ) );
#2299 = SURFACE_STYLE_FILL_AREA( #3539 );
#2300 = ORIENTED_EDGE( '', *, *, #3234, .F. );
#2301 = ORIENTED_EDGE( '', *, *, #3481, .F. );
#2302 = ORIENTED_EDGE( '', *, *, #3540, .T. );
#2303 = ORIENTED_EDGE( '', *, *, #3541, .T. );
#2304 = ORIENTED_EDGE( '', *, *, #3501, .T. );
#2305 = ORIENTED_EDGE( '', *, *, #3297, .T. );
#2306 = ORIENTED_EDGE( '', *, *, #3403, .T. );
#2307 = ORIENTED_EDGE( '', *, *, #3542, .T. );
#2308 = ORIENTED_EDGE( '', *, *, #3543, .F. );
#2309 = ORIENTED_EDGE( '', *, *, #3534, .F. );
#2310 = ORIENTED_EDGE( '', *, *, #3544, .F. );
#2311 = ORIENTED_EDGE( '', *, *, #3545, .T. );
#2312 = ORIENTED_EDGE( '', *, *, #3546, .T. );
#2313 = ORIENTED_EDGE( '', *, *, #3243, .T. );
#2314 = ORIENTED_EDGE( '', *, *, #3547, .T. );
#2315 = ORIENTED_EDGE( '', *, *, #3548, .T. );
#2316 = CARTESIAN_POINT( '', ( 2.20000000000000, 1.50000000000000, 0.350000000000000 ) );
#2317 = DIRECTION( '', ( 0.000000000000000, 0.000000000000000, 1.00000000000000 ) );
#2318 = DIRECTION( '', ( 1.00000000000000, 0.000000000000000, 0.000000000000000 ) );
#2319 = SURFACE_STYLE_FILL_AREA( #3549 );
#2320 = ORIENTED_EDGE( '', *, *, #3550, .F. );
#2321 = ORIENTED_EDGE( '', *, *, #3551, .T. );
#2322 = ORIENTED_EDGE( '', *, *, #3287, .T. );
#2323 = ORIENTED_EDGE( '', *, *, #3490, .F. );
#2324 = CARTESIAN_POINT( '', ( 2.30000000000000, -1.50000000000000, 4.90000000000000 ) );
#2325 = DIRECTION( '', ( 0.000000000000000, 0.000000000000000, -1.00000000000000 ) );
#2326 = DIRECTION( '', ( -1.00000000000000, 0.000000000000000, 0.000000000000000 ) );
#2327 = SURFACE_STYLE_FILL_AREA( #3552 );
#2328 = ORIENTED_EDGE( '', *, *, #3204, .F. );
#2329 = ORIENTED_EDGE( '', *, *, #3553, .T. );
#2330 = ORIENTED_EDGE( '', *, *, #3554, .T. );
#2331 = ORIENTED_EDGE( '', *, *, #3555, .T. );
#2332 = ORIENTED_EDGE( '', *, *, #3556, .T. );
#2333 = ORIENTED_EDGE( '', *, *, #3261, .F. );
#2334 = CARTESIAN_POINT( '', ( -2.55000000000000, -1.45000000000000, 0.000000000000000 ) );
#2335 = DIRECTION( '', ( 0.000000000000000, 0.000000000000000, 1.00000000000000 ) );
#2336 = DIRECTION( '', ( 1.00000000000000, 0.000000000000000, 0.000000000000000 ) );
#2337 = SURFACE_STYLE_FILL_AREA( #3557 );
#2338 = ORIENTED_EDGE( '', *, *, #3558, .F. );
#2339 = ORIENTED_EDGE( '', *, *, #3307, .F. );
#2340 = ORIENTED_EDGE( '', *, *, #3390, .T. );
#2341 = ORIENTED_EDGE( '', *, *, #3237, .T. );
#2342 = ORIENTED_EDGE( '', *, *, #3317, .T. );
#2343 = ORIENTED_EDGE( '', *, *, #3559, .T. );
#2344 = CARTESIAN_POINT( '', ( -2.60000000000000, -1.10000000000000, 4.55000000000000 ) );
#2345 = DIRECTION( '', ( 2.89120579329468E-016, 1.00000000000000, 0.000000000000000 ) );
#2346 = DIRECTION( '', ( -1.00000000000000, 2.89120579329468E-016, 0.000000000000000 ) );
#2347 = SURFACE_STYLE_FILL_AREA( #3560 );
#2348 = ORIENTED_EDGE( '', *, *, #3561, .T. );
#2349 = ORIENTED_EDGE( '', *, *, #3257, .T. );
#2350 = ORIENTED_EDGE( '', *, *, #3472, .T. );
#2351 = ORIENTED_EDGE( '', *, *, #3486, .T. );
#2352 = ORIENTED_EDGE( '', *, *, #3562, .T. );
#2353 = ORIENTED_EDGE( '', *, *, #3536, .T. );
#2354 = ORIENTED_EDGE( '', *, *, #3563, .T. );
#2355 = ORIENTED_EDGE( '', *, *, #3504, .T. );
#2356 = CARTESIAN_POINT( '', ( -0.650000000000000, 1.10000000000000, 1.35000000000000 ) );
#2357 = DIRECTION( '', ( 0.000000000000000, 0.000000000000000, 1.00000000000000 ) );
#2358 = DIRECTION( '', ( 1.00000000000000, 0.000000000000000, 0.000000000000000 ) );
#2359 = SURFACE_STYLE_FILL_AREA( #3564 );
#2360 = ORIENTED_EDGE( '', *, *, #3565, .T. );
#2361 = ORIENTED_EDGE( '', *, *, #3276, .F. );
#2362 = ORIENTED_EDGE( '', *, *, #3566, .F. );
#2363 = ORIENTED_EDGE( '', *, *, #3406, .T. );
#2364 = CARTESIAN_POINT( '', ( 2.97500000000000, -0.350000000000000, 2.80000000000000 ) );
#2365 = DIRECTION( '', ( -1.00000000000000, 0.000000000000000, 0.000000000000000 ) );
#2366 = DIRECTION( '', ( 0.000000000000000, 0.000000000000000, 1.00000000000000 ) );
#2367 = SURFACE_STYLE_FILL_AREA( #3567 );
#2368 = ORIENTED_EDGE( '', *, *, #3568, .T. );
#2369 = ORIENTED_EDGE( '', *, *, #3336, .T. );
#2370 = ORIENTED_EDGE( '', *, *, #3358, .T. );
#2371 = ORIENTED_EDGE( '', *, *, #3208, .T. );
#2372 = CARTESIAN_POINT( '', ( 2.35000000000000, -1.50000000000000, 0.800000000000000 ) );
#2373 = DIRECTION( '', ( 0.000000000000000, 0.000000000000000, -1.00000000000000 ) );
#2374 = DIRECTION( '', ( -1.00000000000000, 0.000000000000000, 0.000000000000000 ) );
#2375 = SURFACE_STYLE_FILL_AREA( #3569 );
#2376 = ORIENTED_EDGE( '', *, *, #3570, .T. );
#2377 = ORIENTED_EDGE( '', *, *, #3571, .T. );
#2378 = ORIENTED_EDGE( '', *, *, #3572, .F. );
#2379 = ORIENTED_EDGE( '', *, *, #3374, .T. );
#2380 = ORIENTED_EDGE( '', *, *, #3414, .T. );
#2381 = ORIENTED_EDGE( '', *, *, #3573, .T. );
#2382 = ORIENTED_EDGE( '', *, *, #3574, .T. );
#2383 = ORIENTED_EDGE( '', *, *, #3215, .F. );
#2384 = ORIENTED_EDGE( '', *, *, #3494, .F. );
#2385 = ORIENTED_EDGE( '', *, *, #3513, .T. );
#2386 = CARTESIAN_POINT( '', ( -2.55000000000000, 1.45000000000000, 0.700000000000000 ) );
#2387 = DIRECTION( '', ( 1.00000000000000, 0.000000000000000, 0.000000000000000 ) );
#2388 = DIRECTION( '', ( 0.000000000000000, 0.000000000000000, -1.00000000000000 ) );
#2389 = SURFACE_STYLE_FILL_AREA( #3575 );
#2390 = ORIENTED_EDGE( '', *, *, #3576, .T. );
#2391 = ORIENTED_EDGE( '', *, *, #3516, .F. );
#2392 = ORIENTED_EDGE( '', *, *, #3577, .F. );
#2393 = ORIENTED_EDGE( '', *, *, #3278, .T. );
#2394 = CARTESIAN_POINT( '', ( -0.900000000000000, 1.50000000000000, 0.800000000000000 ) );
#2395 = DIRECTION( '', ( 1.00000000000000, 0.000000000000000, 0.000000000000000 ) );
#2396 = DIRECTION( '', ( 0.000000000000000, 0.000000000000000, -1.00000000000000 ) );
#2397 = SURFACE_STYLE_FILL_AREA( #3578 );
#2398 = ORIENTED_EDGE( '', *, *, #3408, .F. );
#2399 = ORIENTED_EDGE( '', *, *, #3579, .F. );
#2400 = ORIENTED_EDGE( '', *, *, #3274, .T. );
#2401 = ORIENTED_EDGE( '', *, *, #3580, .T. );
#2402 = ORIENTED_EDGE( '', *, *, #3558, .T. );
#2403 = ORIENTED_EDGE( '', *, *, #3581, .T. );
#2404 = ORIENTED_EDGE( '', *, *, #3582, .F. );
#2405 = ORIENTED_EDGE( '', *, *, #3324, .T. );
#2406 = ORIENTED_EDGE( '', *, *, #3583, .F. );
#2407 = ORIENTED_EDGE( '', *, *, #3288, .F. );
#2408 = ORIENTED_EDGE( '', *, *, #3551, .F. );
#2409 = ORIENTED_EDGE( '', *, *, #3584, .T. );
#2410 = ORIENTED_EDGE( '', *, *, #3585, .T. );
#2411 = ORIENTED_EDGE( '', *, *, #3300, .T. );
#2412 = ORIENTED_EDGE( '', *, *, #3586, .T. );
#2413 = ORIENTED_EDGE( '', *, *, #3182, .T. );
#2414 = ORIENTED_EDGE( '', *, *, #3587, .T. );
#2415 = ORIENTED_EDGE( '', *, *, #3308, .T. );
#2416 = CARTESIAN_POINT( '', ( 2.60000000000000, 1.50000000000000, 4.55000000000000 ) );
#2417 = DIRECTION( '', ( 1.00000000000000, -2.89120579329468E-016, 0.000000000000000 ) );
#2418 = DIRECTION( '', ( 2.89120579329468E-016, 1.00000000000000, 0.000000000000000 ) );
#2419 = SURFACE_STYLE_FILL_AREA( #3588 );
#2420 = ORIENTED_EDGE( '', *, *, #3589, .T. );
#2421 = ORIENTED_EDGE( '', *, *, #3590, .F. );
#2422 = ORIENTED_EDGE( '', *, *, #3420, .F. );
#2423 = ORIENTED_EDGE( '', *, *, #3361, .F. );
#2424 = ORIENTED_EDGE( '', *, *, #3343, .T. );
#2425 = ORIENTED_EDGE( '', *, *, #3349, .T. );
#2426 = CARTESIAN_POINT( '', ( -2.60000000000000, 0.400000000000000, -1.75000000000000 ) );
#2427 = DIRECTION( '', ( 0.000000000000000, 0.999412762574962, -0.0342655804311415 ) );
#2428 = DIRECTION( '', ( 0.000000000000000, 0.0342655804311415, 0.999412762574962 ) );
#2429 = SURFACE_STYLE_FILL_AREA( #3591 );
#2430 = ORIENTED_EDGE( '', *, *, #3592, .F. );
#2431 = ORIENTED_EDGE( '', *, *, #3593, .F. );
#2432 = ORIENTED_EDGE( '', *, *, #3452, .F. );
#2433 = ORIENTED_EDGE( '', *, *, #3467, .F. );
#2434 = CARTESIAN_POINT( '', ( 0.000000000000000, 0.635000000000000, 3.25000000000000 ) );
#2435 = DIRECTION( '', ( 0.000000000000000, -1.00000000000000, 0.000000000000000 ) );
#2436 = DIRECTION( '', ( 0.000000000000000, 0.000000000000000, -1.00000000000000 ) );
#2437 = SURFACE_STYLE_FILL_AREA( #3594 );
#2438 = ORIENTED_EDGE( '', *, *, #3595, .F. );
#2439 = ORIENTED_EDGE( '', *, *, #3320, .F. );
#2440 = ORIENTED_EDGE( '', *, *, #3326, .F. );
#2441 = ORIENTED_EDGE( '', *, *, #3596, .T. );
#2442 = CARTESIAN_POINT( '', ( 2.20000000000000, -1.50000000000000, 4.55000000000000 ) );
#2443 = DIRECTION( '', ( 0.961523947640823, 0.000000000000000, -0.274721127897378 ) );
#2444 = DIRECTION( '', ( -0.274721127897378, 0.000000000000000, -0.961523947640823 ) );
#2445 = SURFACE_STYLE_FILL_AREA( #3597 );
#2446 = ORIENTED_EDGE( '', *, *, #3357, .F. );
#2447 = ORIENTED_EDGE( '', *, *, #3334, .T. );
#2448 = ORIENTED_EDGE( '', *, *, #3598, .F. );
#2449 = ORIENTED_EDGE( '', *, *, #3210, .T. );
#2450 = CARTESIAN_POINT( '', ( 2.60000000000000, 1.50000000000000, 0.700000000000000 ) );
#2451 = DIRECTION( '', ( 0.000000000000000, 0.000000000000000, -1.00000000000000 ) );
#2452 = DIRECTION( '', ( -1.00000000000000, 0.000000000000000, 0.000000000000000 ) );
#2453 = SURFACE_STYLE_FILL_AREA( #3599 );
#2454 = ORIENTED_EDGE( '', *, *, #3573, .F. );
#2455 = ORIENTED_EDGE( '', *, *, #3413, .F. );
#2456 = ORIENTED_EDGE( '', *, *, #3600, .F. );
#2457 = ORIENTED_EDGE( '', *, *, #3601, .F. );
#2458 = CARTESIAN_POINT( '', ( -2.55000000000000, -0.650000000000000, 0.000000000000000 ) );
#2459 = DIRECTION( '', ( 0.000000000000000, 0.707106781186548, -0.707106781186548 ) );
#2460 = DIRECTION( '', ( 0.000000000000000, 0.707106781186548, 0.707106781186548 ) );
#2461 = SURFACE_STYLE_FILL_AREA( #3602 );
#2462 = ORIENTED_EDGE( '', *, *, #3439, .F. );
#2463 = ORIENTED_EDGE( '', *, *, #3603, .T. );
#2464 = ORIENTED_EDGE( '', *, *, #3604, .T. );
#2465 = ORIENTED_EDGE( '', *, *, #3605, .T. );
#2466 = CARTESIAN_POINT( '', ( -0.950000000000000, 1.50000000000000, 0.000000000000000 ) );
#2467 = DIRECTION( '', ( 0.964205392803790, -3.12057785552272E-016, 0.265156483021043 ) );
#2468 = DIRECTION( '', ( 0.265156483021043, 0.000000000000000, -0.964205392803790 ) );
#2469 = SURFACE_STYLE_FILL_AREA( #3606 );
#2470 = ORIENTED_EDGE( '', *, *, #3607, .F. );
#2471 = ORIENTED_EDGE( '', *, *, #3608, .T. );
#2472 = ORIENTED_EDGE( '', *, *, #3609, .F. );
#2473 = ORIENTED_EDGE( '', *, *, #3610, .T. );
#2474 = ORIENTED_EDGE( '', *, *, #3246, .T. );
#2475 = ORIENTED_EDGE( '', *, *, #3522, .T. );
#2476 = ORIENTED_EDGE( '', *, *, #3423, .T. );
#2477 = ORIENTED_EDGE( '', *, *, #3430, .T. );
#2478 = CARTESIAN_POINT( '', ( -2.20000000000000, -1.10000000000000, 0.350000000000000 ) );
#2479 = DIRECTION( '', ( 0.000000000000000, 1.00000000000000, 0.000000000000000 ) );
#2480 = DIRECTION( '', ( 0.000000000000000, 0.000000000000000, 1.00000000000000 ) );
#2481 = SURFACE_STYLE_FILL_AREA( #3611 );
#2482 = ORIENTED_EDGE( '', *, *, #3512, .F. );
#2483 = ORIENTED_EDGE( '', *, *, #3223, .T. );
#2484 = ORIENTED_EDGE( '', *, *, #3185, .T. );
#2485 = ORIENTED_EDGE( '', *, *, #3459, .T. );
#2486 = ORIENTED_EDGE( '', *, *, #3612, .T. );
#2487 = ORIENTED_EDGE( '', *, *, #3570, .F. );
#2488 = CARTESIAN_POINT( '', ( -2.55000000000000, -1.45000000000000, 0.000000000000000 ) );
#2489 = DIRECTION( '', ( 0.000000000000000, 0.000000000000000, 1.00000000000000 ) );
#2490 = DIRECTION( '', ( 1.00000000000000, 0.000000000000000, 0.000000000000000 ) );
#2491 = SURFACE_STYLE_FILL_AREA( #3613 );
#2492 = ORIENTED_EDGE( '', *, *, #3614, .T. );
#2493 = ORIENTED_EDGE( '', *, *, #3519, .F. );
#2494 = ORIENTED_EDGE( '', *, *, #3615, .F. );
#2495 = ORIENTED_EDGE( '', *, *, #3290, .T. );
#2496 = CARTESIAN_POINT( '', ( 2.35000000000000, 1.50000000000000, 0.800000000000000 ) );
#2497 = DIRECTION( '', ( 1.00000000000000, 0.000000000000000, 0.000000000000000 ) );
#2498 = DIRECTION( '', ( 0.000000000000000, 0.000000000000000, -1.00000000000000 ) );
#2499 = SURFACE_STYLE_FILL_AREA( #3616 );
#2500 = ORIENTED_EDGE( '', *, *, #3617, .T. );
#2501 = CARTESIAN_POINT( '', ( -1.65000000000000, 0.000000000000000, -1.00000000000000 ) );
#2502 = DIRECTION( '', ( 0.000000000000000, 0.000000000000000, 1.00000000000000 ) );
#2503 = DIRECTION( '', ( 1.00000000000000, 0.000000000000000, 0.000000000000000 ) );
#2504 = SURFACE_STYLE_FILL_AREA( #3618 );
#2505 = ORIENTED_EDGE( '', *, *, #3619, .T. );
#2506 = ORIENTED_EDGE( '', *, *, #3620, .T. );
#2507 = ORIENTED_EDGE( '', *, *, #3202, .F. );
#2508 = ORIENTED_EDGE( '', *, *, #3385, .T. );
#2509 = CARTESIAN_POINT( '', ( 0.600000000000000, -1.10000000000000, 0.350000000000000 ) );
#2510 = DIRECTION( '', ( -1.00000000000000, 0.000000000000000, 0.000000000000000 ) );
#2511 = DIRECTION( '', ( 0.000000000000000, 0.000000000000000, 1.00000000000000 ) );
#2512 = SURFACE_STYLE_FILL_AREA( #3621 );
#2513 = ORIENTED_EDGE( '', *, *, #3279, .T. );
#2514 = ORIENTED_EDGE( '', *, *, #3577, .T. );
#2515 = ORIENTED_EDGE( '', *, *, #3515, .T. );
#2516 = ORIENTED_EDGE( '', *, *, #3622, .T. );
#2517 = CARTESIAN_POINT( '', ( -0.900000000000000, 1.50000000000000, 0.800000000000000 ) );
#2518 = DIRECTION( '', ( 0.000000000000000, 0.000000000000000, -1.00000000000000 ) );
#2519 = DIRECTION( '', ( -1.00000000000000, 0.000000000000000, 0.000000000000000 ) );
#2520 = SURFACE_STYLE_FILL_AREA( #3623 );
#2521 = ORIENTED_EDGE( '', *, *, #3624, .T. );
#2522 = ORIENTED_EDGE( '', *, *, #3322, .F. );
#2523 = ORIENTED_EDGE( '', *, *, #3568, .F. );
#2524 = ORIENTED_EDGE( '', *, *, #3207, .T. );
#2525 = CARTESIAN_POINT( '', ( 2.35000000000000, -1.45000000000000, 0.800000000000000 ) );
#2526 = DIRECTION( '', ( 1.00000000000000, 0.000000000000000, 0.000000000000000 ) );
#2527 = DIRECTION( '', ( 0.000000000000000, 0.000000000000000, -1.00000000000000 ) );
#2528 = SURFACE_STYLE_FILL_AREA( #3625 );
#2529 = ORIENTED_EDGE( '', *, *, #3483, .F. );
#2530 = ORIENTED_EDGE( '', *, *, #3254, .F. );
#2531 = ORIENTED_EDGE( '', *, *, #3270, .T. );
#2532 = ORIENTED_EDGE( '', *, *, #3478, .T. );
#2533 = CARTESIAN_POINT( '', ( -2.97500000000000, -0.350000000000000, 3.00000000000000 ) );
#2534 = DIRECTION( '', ( -1.00000000000000, 0.000000000000000, 0.000000000000000 ) );
#2535 = DIRECTION( '', ( 0.000000000000000, 0.000000000000000, 1.00000000000000 ) );
#2536 = SURFACE_STYLE_FILL_AREA( #3626 );
#2537 = ORIENTED_EDGE( '', *, *, #3203, .F. );
#2538 = ORIENTED_EDGE( '', *, *, #3620, .F. );
#2539 = ORIENTED_EDGE( '', *, *, #3627, .F. );
#2540 = ORIENTED_EDGE( '', *, *, #3553, .F. );
#2541 = CARTESIAN_POINT( '', ( 0.800000000000000, -1.45000000000000, 0.000000000000000 ) );
#2542 = DIRECTION( '', ( -0.707106781186548, 0.000000000000000, -0.707106781186547 ) );
#2543 = DIRECTION( '', ( -0.707106781186547, 0.000000000000000, 0.707106781186548 ) );
#2544 = SURFACE_STYLE_FILL_AREA( #3628 );
#2545 = ORIENTED_EDGE( '', *, *, #3629, .T. );
#2546 = ORIENTED_EDGE( '', *, *, #3592, .T. );
#2547 = ORIENTED_EDGE( '', *, *, #3469, .F. );
#2548 = ORIENTED_EDGE( '', *, *, #3630, .F. );
#2549 = ORIENTED_EDGE( '', *, *, #3631, .F. );
#2550 = ORIENTED_EDGE( '', *, *, #3366, .F. );
#2551 = ORIENTED_EDGE( '', *, *, #3418, .T. );
#2552 = ORIENTED_EDGE( '', *, *, #3632, .T. );
#2553 = CARTESIAN_POINT( '', ( -0.450000000000000, -0.635000000000000, 3.35000000000000 ) );
#2554 = DIRECTION( '', ( 0.000000000000000, 0.000000000000000, -1.00000000000000 ) );
#2555 = DIRECTION( '', ( -1.00000000000000, 0.000000000000000, 0.000000000000000 ) );
#2556 = SURFACE_STYLE_FILL_AREA( #3633 );
#2557 = ORIENTED_EDGE( '', *, *, #3624, .F. );
#2558 = ORIENTED_EDGE( '', *, *, #3206, .T. );
#2559 = ORIENTED_EDGE( '', *, *, #3267, .T. );
#2560 = ORIENTED_EDGE( '', *, *, #3520, .T. );
#2561 = ORIENTED_EDGE( '', *, *, #3614, .F. );
#2562 = ORIENTED_EDGE( '', *, *, #3289, .T. );
#2563 = ORIENTED_EDGE( '', *, *, #3583, .T. );
#2564 = ORIENTED_EDGE( '', *, *, #3323, .T. );
#2565 = CARTESIAN_POINT( '', ( 2.60000000000000, 1.50000000000000, 0.700000000000000 ) );
#2566 = DIRECTION( '', ( 0.000000000000000, 0.000000000000000, -1.00000000000000 ) );
#2567 = DIRECTION( '', ( -1.00000000000000, 0.000000000000000, 0.000000000000000 ) );
#2568 = SURFACE_STYLE_FILL_AREA( #3634 );
#2569 = ORIENTED_EDGE( '', *, *, #3635, .T. );
#2570 = ORIENTED_EDGE( '', *, *, #3445, .T. );
#2571 = ORIENTED_EDGE( '', *, *, #3216, .F. );
#2572 = ORIENTED_EDGE( '', *, *, #3574, .F. );
#2573 = ORIENTED_EDGE( '', *, *, #3601, .T. );
#2574 = ORIENTED_EDGE( '', *, *, #3636, .T. );
#2575 = CARTESIAN_POINT( '', ( -2.55000000000000, -1.45000000000000, 0.000000000000000 ) );
#2576 = DIRECTION( '', ( 0.000000000000000, 0.000000000000000, 1.00000000000000 ) );
#2577 = DIRECTION( '', ( 1.00000000000000, 0.000000000000000, 0.000000000000000 ) );
#2578 = SURFACE_STYLE_FILL_AREA( #3637 );
#2579 = ORIENTED_EDGE( '', *, *, #3363, .T. );
#2580 = ORIENTED_EDGE( '', *, *, #3631, .T. );
#2581 = ORIENTED_EDGE( '', *, *, #3638, .T. );
#2582 = ORIENTED_EDGE( '', *, *, #3639, .T. );
#2583 = CARTESIAN_POINT( '', ( 3.76795032773344, 0.585000000000000, 3.35000000000000 ) );
#2584 = DIRECTION( '', ( -2.12825957242849E-017, 0.986393923832144, 0.164398987305358 ) );
#2585 = DIRECTION( '', ( 0.000000000000000, -0.164398987305358, 0.986393923832144 ) );
#2586 = SURFACE_STYLE_FILL_AREA( #3640 );
#2587 = ORIENTED_EDGE( '', *, *, #3432, .T. );
#2588 = ORIENTED_EDGE( '', *, *, #3641, .F. );
#2589 = ORIENTED_EDGE( '', *, *, #3542, .F. );
#2590 = ORIENTED_EDGE( '', *, *, #3402, .T. );
#2591 = CARTESIAN_POINT( '', ( -2.20000000000000, 1.50000000000000, 0.350000000000000 ) );
#2592 = DIRECTION( '', ( 1.00000000000000, 0.000000000000000, 0.000000000000000 ) );
#2593 = DIRECTION( '', ( 0.000000000000000, 0.000000000000000, -1.00000000000000 ) );
#2594 = SURFACE_STYLE_FILL_AREA( #3642 );
#2595 = ORIENTED_EDGE( '', *, *, #3643, .T. );
#2596 = ORIENTED_EDGE( '', *, *, #3644, .F. );
#2597 = ORIENTED_EDGE( '', *, *, #3499, .F. );
#2598 = ORIENTED_EDGE( '', *, *, #3645, .T. );
#2599 = CARTESIAN_POINT( '', ( 2.60000000000000, 1.10000000000000, -2.05358983848622 ) );
#2600 = DIRECTION( '', ( 0.866025403784439, 0.000000000000000, 0.500000000000000 ) );
#2601 = DIRECTION( '', ( 0.499999999999999, 0.000000000000000, -0.866025403784439 ) );
#2602 = SURFACE_STYLE_FILL_AREA( #3646 );
#2603 = ORIENTED_EDGE( '', *, *, #3181, .F. );
#2604 = ORIENTED_EDGE( '', *, *, #3527, .T. );
#2605 = ORIENTED_EDGE( '', *, *, #3309, .T. );
#2606 = ORIENTED_EDGE( '', *, *, #3587, .F. );
#2607 = CARTESIAN_POINT( '', ( -2.60000000000000, -0.400000000000000, 4.30000000000000 ) );
#2608 = DIRECTION( '', ( -2.68441718762654E-016, -0.928476690885259, 0.371390676354104 ) );
#2609 = DIRECTION( '', ( 0.000000000000000, -0.371390676354104, -0.928476690885259 ) );
#2610 = SURFACE_STYLE_FILL_AREA( #3647 );
#2611 = ORIENTED_EDGE( '', *, *, #3585, .F. );
#2612 = ORIENTED_EDGE( '', *, *, #3648, .F. );
#2613 = ORIENTED_EDGE( '', *, *, #3354, .F. );
#2614 = ORIENTED_EDGE( '', *, *, #3649, .F. );
#2615 = ORIENTED_EDGE( '', *, *, #3393, .T. );
#2616 = ORIENTED_EDGE( '', *, *, #3301, .T. );
#2617 = CARTESIAN_POINT( '', ( -2.60000000000000, 1.10000000000000, 4.55000000000000 ) );
#2618 = DIRECTION( '', ( -2.89120579329468E-016, -1.00000000000000, 0.000000000000000 ) );
#2619 = DIRECTION( '', ( 1.00000000000000, -2.89120579329468E-016, 0.000000000000000 ) );
#2620 = SURFACE_STYLE_FILL_AREA( #3650 );
#2621 = ORIENTED_EDGE( '', *, *, #3651, .F. );
#2622 = ORIENTED_EDGE( '', *, *, #3596, .F. );
#2623 = ORIENTED_EDGE( '', *, *, #3325, .F. );
#2624 = ORIENTED_EDGE( '', *, *, #3582, .T. );
#2625 = CARTESIAN_POINT( '', ( 2.30000000000000, -1.50000000000000, 4.90000000000000 ) );
#2626 = DIRECTION( '', ( 0.000000000000000, 0.000000000000000, -1.00000000000000 ) );
#2627 = DIRECTION( '', ( -1.00000000000000, 0.000000000000000, 0.000000000000000 ) );
#2628 = SURFACE_STYLE_FILL_AREA( #3652 );
#2629 = ORIENTED_EDGE( '', *, *, #3347, .T. );
#2630 = ORIENTED_EDGE( '', *, *, #3369, .F. );
#2631 = CARTESIAN_POINT( '', ( 1.75000000000000, 0.000000000000000, -1.00000000000000 ) );
#2632 = DIRECTION( '', ( -0.000000000000000, -0.000000000000000, -1.00000000000000 ) );
#2633 = DIRECTION( '', ( 1.00000000000000, 0.000000000000000, 0.000000000000000 ) );
#2634 = SURFACE_STYLE_FILL_AREA( #3653 );
#2635 = ORIENTED_EDGE( '', *, *, #3654, .T. );
#2636 = ORIENTED_EDGE( '', *, *, #3655, .F. );
#2637 = ORIENTED_EDGE( '', *, *, #3656, .F. );
#2638 = ORIENTED_EDGE( '', *, *, #3231, .T. );
#2639 = CARTESIAN_POINT( '', ( 2.60000000000000, -0.400000000000000, -1.75000000000000 ) );
#2640 = DIRECTION( '', ( 0.000000000000000, 0.000000000000000, -1.00000000000000 ) );
#2641 = DIRECTION( '', ( -1.00000000000000, 0.000000000000000, 0.000000000000000 ) );
#2642 = SURFACE_STYLE_FILL_AREA( #3657 );
#2643 = ORIENTED_EDGE( '', *, *, #3617, .F. );
#2644 = ORIENTED_EDGE( '', *, *, #3461, .F. );
#2645 = CARTESIAN_POINT( '', ( -1.65000000000000, 0.000000000000000, -0.800000000000000 ) );
#2646 = DIRECTION( '', ( -0.000000000000000, -0.000000000000000, 1.00000000000000 ) );
#2647 = DIRECTION( '', ( 1.00000000000000, 0.000000000000000, 0.000000000000000 ) );
#2648 = SURFACE_STYLE_FILL_AREA( #3658 );
#2649 = ORIENTED_EDGE( '', *, *, #3554, .F. );
#2650 = ORIENTED_EDGE( '', *, *, #3627, .T. );
#2651 = ORIENTED_EDGE( '', *, *, #3619, .F. );
#2652 = ORIENTED_EDGE( '', *, *, #3384, .T. );
#2653 = ORIENTED_EDGE( '', *, *, #3659, .T. );
#2654 = CARTESIAN_POINT( '', ( 2.20000000000000, -1.10000000000000, 0.350000000000000 ) );
#2655 = DIRECTION( '', ( 1.35525271560688E-016, 1.00000000000000, 0.000000000000000 ) );
#2656 = DIRECTION( '', ( -1.00000000000000, 1.35525271560688E-016, 0.000000000000000 ) );
#2657 = SURFACE_STYLE_FILL_AREA( #3660 );
#2658 = ORIENTED_EDGE( '', *, *, #3265, .F. );
#2659 = ORIENTED_EDGE( '', *, *, #3226, .F. );
#2660 = ORIENTED_EDGE( '', *, *, #3661, .F. );
#2661 = ORIENTED_EDGE( '', *, *, #3177, .F. );
#2662 = CARTESIAN_POINT( '', ( -2.55000000000000, 0.650000000000000, 0.000000000000000 ) );
#2663 = DIRECTION( '', ( 0.000000000000000, -0.707106781186547, -0.707106781186548 ) );
#2664 = DIRECTION( '', ( 0.000000000000000, 0.707106781186548, -0.707106781186547 ) );
#2665 = SURFACE_STYLE_FILL_AREA( #3662 );
#2666 = ORIENTED_EDGE( '', *, *, #3663, .T. );
#2667 = ORIENTED_EDGE( '', *, *, #3198, .T. );
#2668 = ORIENTED_EDGE( '', *, *, #3173, .F. );
#2669 = ORIENTED_EDGE( '', *, *, #3664, .F. );
#2670 = ORIENTED_EDGE( '', *, *, #3380, .T. );
#2671 = CARTESIAN_POINT( '', ( 0.600000000000000, 1.10000000000000, 0.350000000000000 ) );
#2672 = DIRECTION( '', ( 0.000000000000000, -1.00000000000000, 0.000000000000000 ) );
#2673 = DIRECTION( '', ( 0.000000000000000, 0.000000000000000, -1.00000000000000 ) );
#2674 = SURFACE_STYLE_FILL_AREA( #3665 );
#2675 = ORIENTED_EDGE( '', *, *, #3275, .T. );
#2676 = ORIENTED_EDGE( '', *, *, #3579, .T. );
#2677 = ORIENTED_EDGE( '', *, *, #3407, .T. );
#2678 = ORIENTED_EDGE( '', *, *, #3566, .T. );
#2679 = CARTESIAN_POINT( '', ( 3.06875000000000, -0.350000000000000, 2.80000000000000 ) );
#2680 = DIRECTION( '', ( 0.000000000000000, 1.00000000000000, 0.000000000000000 ) );
#2681 = DIRECTION( '', ( 0.000000000000000, 0.000000000000000, 1.00000000000000 ) );
#2682 = SURFACE_STYLE_FILL_AREA( #3666 );
#2683 = ORIENTED_EDGE( '', *, *, #3639, .F. );
#2684 = ORIENTED_EDGE( '', *, *, #3667, .F. );
#2685 = ORIENTED_EDGE( '', *, *, #3416, .T. );
#2686 = ORIENTED_EDGE( '', *, *, #3364, .T. );
#2687 = CARTESIAN_POINT( '', ( 0.000000000000000, -0.635000000000000, 3.25000000000000 ) );
#2688 = DIRECTION( '', ( -0.000000000000000, -1.00000000000000, -0.000000000000000 ) );
#2689 = DIRECTION( '', ( 0.000000000000000, 0.000000000000000, 1.00000000000000 ) );
#2690 = SURFACE_STYLE_FILL_AREA( #3668 );
#2691 = ORIENTED_EDGE( '', *, *, #3351, .F. );
#2692 = ORIENTED_EDGE( '', *, *, #3669, .T. );
#2693 = ORIENTED_EDGE( '', *, *, #3641, .T. );
#2694 = ORIENTED_EDGE( '', *, *, #3431, .T. );
#2695 = ORIENTED_EDGE( '', *, *, #3425, .F. );
#2696 = ORIENTED_EDGE( '', *, *, #3523, .F. );
#2697 = ORIENTED_EDGE( '', *, *, #3248, .F. );
#2698 = ORIENTED_EDGE( '', *, *, #3670, .F. );
#2699 = CARTESIAN_POINT( '', ( -2.20000000000000, 1.10000000000000, 0.350000000000000 ) );
#2700 = DIRECTION( '', ( 0.000000000000000, -1.00000000000000, 0.000000000000000 ) );
#2701 = DIRECTION( '', ( 0.000000000000000, 0.000000000000000, -1.00000000000000 ) );
#2702 = SURFACE_STYLE_FILL_AREA( #3671 );
#2703 = ORIENTED_EDGE( '', *, *, #3563, .F. );
#2704 = ORIENTED_EDGE( '', *, *, #3535, .T. );
#2705 = ORIENTED_EDGE( '', *, *, #3543, .T. );
#2706 = ORIENTED_EDGE( '', *, *, #3669, .F. );
#2707 = ORIENTED_EDGE( '', *, *, #3505, .T. );
#2708 = CARTESIAN_POINT( '', ( -0.650000000000000, 1.00000000000000, 1.35000000000000 ) );
#2709 = DIRECTION( '', ( 0.000000000000000, 0.995037190209989, 0.0995037190209990 ) );
#2710 = DIRECTION( '', ( 0.000000000000000, -0.0995037190209990, 0.995037190209989 ) );
#2711 = SURFACE_STYLE_FILL_AREA( #3672 );
#2712 = ORIENTED_EDGE( '', *, *, #3673, .T. );
#2713 = ORIENTED_EDGE( '', *, *, #3540, .F. );
#2714 = ORIENTED_EDGE( '', *, *, #3480, .F. );
#2715 = ORIENTED_EDGE( '', *, *, #3674, .F. );
#2716 = ORIENTED_EDGE( '', *, *, #3655, .T. );
#2717 = CARTESIAN_POINT( '', ( 2.60000000000000, 0.400000000000000, -1.75000000000000 ) );
#2718 = DIRECTION( '', ( 0.000000000000000, 0.999412762574962, -0.0342655804311416 ) );
#2719 = DIRECTION( '', ( 0.000000000000000, 0.0342655804311416, 0.999412762574962 ) );
#2720 = SURFACE_STYLE_FILL_AREA( #3675 );
#2721 = ORIENTED_EDGE( '', *, *, #3436, .T. );
#2722 = ORIENTED_EDGE( '', *, *, #3232, .T. );
#2723 = ORIENTED_EDGE( '', *, *, #3656, .T. );
#2724 = ORIENTED_EDGE( '', *, *, #3674, .T. );
#2725 = ORIENTED_EDGE( '', *, *, #3434, .T. );
#2726 = ORIENTED_EDGE( '', *, *, #3500, .F. );
#2727 = ORIENTED_EDGE( '', *, *, #3644, .T. );
#2728 = ORIENTED_EDGE( '', *, *, #3676, .T. );
#2729 = CARTESIAN_POINT( '', ( 2.60000000000000, 1.10000000000000, 0.350000000000000 ) );
#2730 = DIRECTION( '', ( 1.00000000000000, 0.000000000000000, 0.000000000000000 ) );
#2731 = DIRECTION( '', ( 0.000000000000000, 0.000000000000000, -1.00000000000000 ) );
#2732 = SURFACE_STYLE_FILL_AREA( #3677 );
#2733 = ORIENTED_EDGE( '', *, *, #3572, .T. );
#2734 = ORIENTED_EDGE( '', *, *, #3678, .T. );
#2735 = ORIENTED_EDGE( '', *, *, #3457, .F. );
#2736 = ORIENTED_EDGE( '', *, *, #3375, .T. );
#2737 = CARTESIAN_POINT( '', ( -2.55000000000000, 0.500000000000000, 0.350000000000000 ) );
#2738 = DIRECTION( '', ( 0.000000000000000, -1.00000000000000, 0.000000000000000 ) );
#2739 = DIRECTION( '', ( 0.000000000000000, 0.000000000000000, -1.00000000000000 ) );
#2740 = SURFACE_STYLE_FILL_AREA( #3679 );
#2741 = ORIENTED_EDGE( '', *, *, #3178, .F. );
#2742 = ORIENTED_EDGE( '', *, *, #3661, .T. );
#2743 = ORIENTED_EDGE( '', *, *, #3225, .F. );
#2744 = ORIENTED_EDGE( '', *, *, #3381, .T. );
#2745 = ORIENTED_EDGE( '', *, *, #3664, .T. );
#2746 = CARTESIAN_POINT( '', ( 2.20000000000000, 1.10000000000000, 0.350000000000000 ) );
#2747 = DIRECTION( '', ( -1.00000000000000, 0.000000000000000, 0.000000000000000 ) );
#2748 = DIRECTION( '', ( 0.000000000000000, 0.000000000000000, 1.00000000000000 ) );
#2749 = SURFACE_STYLE_FILL_AREA( #3680 );
#2750 = ORIENTED_EDGE( '', *, *, #3681, .T. );
#2751 = ORIENTED_EDGE( '', *, *, #3645, .F. );
#2752 = ORIENTED_EDGE( '', *, *, #3498, .F. );
#2753 = ORIENTED_EDGE( '', *, *, #3682, .T. );
#2754 = CARTESIAN_POINT( '', ( 2.80000000000000, 1.10000000000000, -2.40000000000000 ) );
#2755 = DIRECTION( '', ( 0.000000000000000, 0.000000000000000, 1.00000000000000 ) );
#2756 = DIRECTION( '', ( 1.00000000000000, 0.000000000000000, 0.000000000000000 ) );
#2757 = SURFACE_STYLE_FILL_AREA( #3683 );
#2758 = ORIENTED_EDGE( '', *, *, #3187, .T. );
#2759 = ORIENTED_EDGE( '', *, *, #3222, .T. );
#2760 = ORIENTED_EDGE( '', *, *, #3511, .F. );
#2761 = ORIENTED_EDGE( '', *, *, #3377, .T. );
#2762 = CARTESIAN_POINT( '', ( -0.600000000000000, 1.10000000000000, 0.350000000000000 ) );
#2763 = DIRECTION( '', ( 1.00000000000000, 3.09772049281573E-016, 0.000000000000000 ) );
#2764 = DIRECTION( '', ( -3.09772049281573E-016, 1.00000000000000, 0.000000000000000 ) );
#2765 = SURFACE_STYLE_FILL_AREA( #3684 );
#2766 = ORIENTED_EDGE( '', *, *, #3429, .T. );
#2767 = ORIENTED_EDGE( '', *, *, #3685, .F. );
#2768 = ORIENTED_EDGE( '', *, *, #3545, .F. );
#2769 = ORIENTED_EDGE( '', *, *, #3607, .T. );
#2770 = CARTESIAN_POINT( '', ( -2.20000000000000, -1.10000000000000, 0.350000000000000 ) );
#2771 = DIRECTION( '', ( 1.00000000000000, 0.000000000000000, 0.000000000000000 ) );
#2772 = DIRECTION( '', ( 0.000000000000000, 0.000000000000000, -1.00000000000000 ) );
#2773 = SURFACE_STYLE_FILL_AREA( #3686 );
#2774 = ORIENTED_EDGE( '', *, *, #3615, .T. );
#2775 = ORIENTED_EDGE( '', *, *, #3518, .T. );
#2776 = ORIENTED_EDGE( '', *, *, #3449, .T. );
#2777 = ORIENTED_EDGE( '', *, *, #3291, .T. );
#2778 = CARTESIAN_POINT( '', ( 2.35000000000000, 1.45000000000000, 0.800000000000000 ) );
#2779 = DIRECTION( '', ( 0.000000000000000, 0.000000000000000, -1.00000000000000 ) );
#2780 = DIRECTION( '', ( -1.00000000000000, 0.000000000000000, 0.000000000000000 ) );
#2781 = SURFACE_STYLE_FILL_AREA( #3687 );
#2782 = ORIENTED_EDGE( '', *, *, #3485, .T. );
#2783 = ORIENTED_EDGE( '', *, *, #3604, .F. );
#2784 = ORIENTED_EDGE( '', *, *, #3258, .F. );
#2785 = ORIENTED_EDGE( '', *, *, #3561, .F. );
#2786 = CARTESIAN_POINT( '', ( -1.11500000000000, 0.670000000000000, 0.600000000000000 ) );
#2787 = DIRECTION( '', ( -0.999444906979154, 3.23462787888470E-016, 0.0333148302326387 ) );
#2788 = DIRECTION( '', ( 0.0333148302326387, 0.000000000000000, 0.999444906979154 ) );
#2789 = SURFACE_STYLE_FILL_AREA( #3688 );
#2790 = ORIENTED_EDGE( '', *, *, #3273, .F. );
#2791 = ORIENTED_EDGE( '', *, *, #3565, .F. );
#2792 = ORIENTED_EDGE( '', *, *, #3405, .F. );
#2793 = ORIENTED_EDGE( '', *, *, #3580, .F. );
#2794 = CARTESIAN_POINT( '', ( 3.06875000000000, 0.350000000000000, 2.80000000000000 ) );
#2795 = DIRECTION( '', ( 0.000000000000000, 1.00000000000000, 0.000000000000000 ) );
#2796 = DIRECTION( '', ( 0.000000000000000, 0.000000000000000, 1.00000000000000 ) );
#2797 = SURFACE_STYLE_FILL_AREA( #3689 );
#2798 = ORIENTED_EDGE( '', *, *, #3690, .F. );
#2799 = ORIENTED_EDGE( '', *, *, #3589, .F. );
#2800 = ORIENTED_EDGE( '', *, *, #3352, .F. );
#2801 = ORIENTED_EDGE( '', *, *, #3670, .T. );
#2802 = ORIENTED_EDGE( '', *, *, #3247, .T. );
#2803 = ORIENTED_EDGE( '', *, *, #3610, .F. );
#2804 = ORIENTED_EDGE( '', *, *, #3691, .F. );
#2805 = ORIENTED_EDGE( '', *, *, #3191, .F. );
#2806 = CARTESIAN_POINT( '', ( -3.20000000000000, 1.10000000000000, 0.350000000000000 ) );
#2807 = DIRECTION( '', ( 1.00000000000000, 0.000000000000000, 0.000000000000000 ) );
#2808 = DIRECTION( '', ( 0.000000000000000, 0.000000000000000, -1.00000000000000 ) );
#2809 = SURFACE_STYLE_FILL_AREA( #3692 );
#2810 = ORIENTED_EDGE( '', *, *, #3313, .T. );
#2811 = ORIENTED_EDGE( '', *, *, #3525, .F. );
#2812 = ORIENTED_EDGE( '', *, *, #3394, .T. );
#2813 = ORIENTED_EDGE( '', *, *, #3649, .T. );
#2814 = CARTESIAN_POINT( '', ( -2.60000000000000, 1.10000000000000, 4.55000000000000 ) );
#2815 = DIRECTION( '', ( -2.77996360781072E-016, -0.961523947640823, 0.274721127897378 ) );
#2816 = DIRECTION( '', ( 0.000000000000000, -0.274721127897378, -0.961523947640823 ) );
#2817 = SURFACE_STYLE_FILL_AREA( #3693 );
#2818 = ORIENTED_EDGE( '', *, *, #3489, .T. );
#2819 = ORIENTED_EDGE( '', *, *, #3648, .T. );
#2820 = ORIENTED_EDGE( '', *, *, #3584, .F. );
#2821 = ORIENTED_EDGE( '', *, *, #3550, .T. );
#2822 = CARTESIAN_POINT( '', ( -2.60000000000000, 1.10000000000000, 4.55000000000000 ) );
#2823 = DIRECTION( '', ( -2.77996360781072E-016, -0.961523947640823, 0.274721127897378 ) );
#2824 = DIRECTION( '', ( 0.000000000000000, -0.274721127897378, -0.961523947640823 ) );
#2825 = SURFACE_STYLE_FILL_AREA( #3694 );
#2826 = ORIENTED_EDGE( '', *, *, #3332, .T. );
#2827 = ORIENTED_EDGE( '', *, *, #3508, .T. );
#2828 = ORIENTED_EDGE( '', *, *, #3212, .T. );
#2829 = ORIENTED_EDGE( '', *, *, #3695, .T. );
#2830 = CARTESIAN_POINT( '', ( -2.10000000000000, -1.50000000000000, 0.800000000000000 ) );
#2831 = DIRECTION( '', ( 0.000000000000000, 0.000000000000000, -1.00000000000000 ) );
#2832 = DIRECTION( '', ( -1.00000000000000, 0.000000000000000, 0.000000000000000 ) );
#2833 = SURFACE_STYLE_FILL_AREA( #3696 );
#2834 = ORIENTED_EDGE( '', *, *, #3697, .F. );
#2835 = ORIENTED_EDGE( '', *, *, #3464, .F. );
#2836 = ORIENTED_EDGE( '', *, *, #3262, .F. );
#2837 = ORIENTED_EDGE( '', *, *, #3556, .F. );
#2838 = CARTESIAN_POINT( '', ( -2.55000000000000, -0.650000000000000, 0.000000000000000 ) );
#2839 = DIRECTION( '', ( 0.000000000000000, 0.707106781186548, -0.707106781186548 ) );
#2840 = DIRECTION( '', ( 0.000000000000000, 0.707106781186548, 0.707106781186548 ) );
#2841 = SURFACE_STYLE_FILL_AREA( #3698 );
#2842 = ORIENTED_EDGE( '', *, *, #3192, .T. );
#2843 = ORIENTED_EDGE( '', *, *, #3691, .T. );
#2844 = ORIENTED_EDGE( '', *, *, #3609, .T. );
#2845 = ORIENTED_EDGE( '', *, *, #3506, .F. );
#2846 = CARTESIAN_POINT( '', ( 2.20000000000000, 1.50000000000000, 0.350000000000000 ) );
#2847 = DIRECTION( '', ( 0.000000000000000, 0.000000000000000, 1.00000000000000 ) );
#2848 = DIRECTION( '', ( 1.00000000000000, 0.000000000000000, 0.000000000000000 ) );
#2849 = SURFACE_STYLE_FILL_AREA( #3699 );
#2850 = ORIENTED_EDGE( '', *, *, #3638, .F. );
#2851 = ORIENTED_EDGE( '', *, *, #3632, .F. );
#2852 = ORIENTED_EDGE( '', *, *, #3417, .T. );
#2853 = ORIENTED_EDGE( '', *, *, #3667, .T. );
#2854 = CARTESIAN_POINT( '', ( -0.450000000000000, -0.635000000000000, 3.78619026473818 ) );
#2855 = DIRECTION( '', ( 1.00000000000000, 0.000000000000000, 1.24280876962750E-016 ) );
#2856 = DIRECTION( '', ( 1.24280876962750E-016, 0.000000000000000, -1.00000000000000 ) );
#2857 = SURFACE_STYLE_FILL_AREA( #3700 );
#2858 = ORIENTED_EDGE( '', *, *, #3544, .T. );
#2859 = ORIENTED_EDGE( '', *, *, #3533, .T. );
#2860 = ORIENTED_EDGE( '', *, *, #3562, .F. );
#2861 = ORIENTED_EDGE( '', *, *, #3503, .F. );
#2862 = ORIENTED_EDGE( '', *, *, #3608, .F. );
#2863 = CARTESIAN_POINT( '', ( -0.650000000000000, -1.00000000000000, 1.35000000000000 ) );
#2864 = DIRECTION( '', ( 0.000000000000000, -0.995037190209989, 0.0995037190209987 ) );
#2865 = DIRECTION( '', ( 0.000000000000000, -0.0995037190209987, -0.995037190209989 ) );
#2866 = SURFACE_STYLE_FILL_AREA( #3701 );
#2867 = ORIENTED_EDGE( '', *, *, #3465, .T. );
#2868 = ORIENTED_EDGE( '', *, *, #3697, .T. );
#2869 = ORIENTED_EDGE( '', *, *, #3555, .F. );
#2870 = ORIENTED_EDGE( '', *, *, #3659, .F. );
#2871 = ORIENTED_EDGE( '', *, *, #3383, .T. );
#2872 = CARTESIAN_POINT( '', ( 2.20000000000000, -0.500000000000000, 0.350000000000000 ) );
#2873 = DIRECTION( '', ( -1.00000000000000, 0.000000000000000, 0.000000000000000 ) );
#2874 = DIRECTION( '', ( 0.000000000000000, 0.000000000000000, 1.00000000000000 ) );
#2875 = SURFACE_STYLE_FILL_AREA( #3702 );
#2876 = ORIENTED_EDGE( '', *, *, #3605, .F. );
#2877 = ORIENTED_EDGE( '', *, *, #3487, .T. );
#2878 = ORIENTED_EDGE( '', *, *, #3530, .F. );
#2879 = ORIENTED_EDGE( '', *, *, #3440, .F. );
#2880 = CARTESIAN_POINT( '', ( 2.20000000000000, 0.785000000000000, 0.000000000000000 ) );
#2881 = DIRECTION( '', ( 0.000000000000000, 0.982123011927037, 0.188240243952682 ) );
#2882 = DIRECTION( '', ( 0.000000000000000, -0.188240243952682, 0.982123011927037 ) );
#2883 = SURFACE_STYLE_FILL_AREA( #3703 );
#2884 = ORIENTED_EDGE( '', *, *, #3636, .F. );
#2885 = ORIENTED_EDGE( '', *, *, #3600, .T. );
#2886 = ORIENTED_EDGE( '', *, *, #3412, .F. );
#2887 = ORIENTED_EDGE( '', *, *, #3372, .T. );
#2888 = ORIENTED_EDGE( '', *, *, #3704, .T. );
#2889 = CARTESIAN_POINT( '', ( -2.20000000000000, -1.10000000000000, 0.350000000000000 ) );
#2890 = DIRECTION( '', ( 1.00000000000000, 0.000000000000000, 0.000000000000000 ) );
#2891 = DIRECTION( '', ( 0.000000000000000, 0.000000000000000, -1.00000000000000 ) );
#2892 = SURFACE_STYLE_FILL_AREA( #3705 );
#2893 = ORIENTED_EDGE( '', *, *, #3510, .T. );
#2894 = ORIENTED_EDGE( '', *, *, #3199, .T. );
#2895 = ORIENTED_EDGE( '', *, *, #3663, .F. );
#2896 = ORIENTED_EDGE( '', *, *, #3379, .T. );
#2897 = CARTESIAN_POINT( '', ( 0.600000000000000, 1.45000000000000, 0.350000000000000 ) );
#2898 = DIRECTION( '', ( -1.00000000000000, 0.000000000000000, 0.000000000000000 ) );
#2899 = DIRECTION( '', ( 0.000000000000000, 0.000000000000000, 1.00000000000000 ) );
#2900 = SURFACE_STYLE_FILL_AREA( #3706 );
#2901 = ORIENTED_EDGE( '', *, *, #3311, .F. );
#2902 = ORIENTED_EDGE( '', *, *, #3528, .T. );
#2903 = ORIENTED_EDGE( '', *, *, #3183, .T. );
#2904 = ORIENTED_EDGE( '', *, *, #3586, .F. );
#2905 = CARTESIAN_POINT( '', ( -2.60000000000000, 0.300000000000000, 4.55000000000000 ) );
#2906 = DIRECTION( '', ( 2.68441718762654E-016, 0.928476690885259, 0.371390676354104 ) );
#2907 = DIRECTION( '', ( 0.000000000000000, -0.371390676354104, 0.928476690885259 ) );
#2908 = SURFACE_STYLE_FILL_AREA( #3707 );
#2909 = ORIENTED_EDGE( '', *, *, #3654, .F. );
#2910 = ORIENTED_EDGE( '', *, *, #3230, .F. );
#2911 = ORIENTED_EDGE( '', *, *, #3548, .F. );
#2912 = ORIENTED_EDGE( '', *, *, #3708, .T. );
#2913 = ORIENTED_EDGE( '', *, *, #3682, .F. );
#2914 = ORIENTED_EDGE( '', *, *, #3497, .F. );
#2915 = ORIENTED_EDGE( '', *, *, #3541, .F. );
#2916 = ORIENTED_EDGE( '', *, *, #3673, .F. );
#2917 = CARTESIAN_POINT( '', ( 3.20000000000000, 1.10000000000000, 0.350000000000000 ) );
#2918 = DIRECTION( '', ( -1.00000000000000, 0.000000000000000, 0.000000000000000 ) );
#2919 = DIRECTION( '', ( 0.000000000000000, 0.000000000000000, 1.00000000000000 ) );
#2920 = SURFACE_STYLE_FILL_AREA( #3709 );
#2921 = ORIENTED_EDGE( '', *, *, #3576, .F. );
#2922 = ORIENTED_EDGE( '', *, *, #3293, .T. );
#2923 = ORIENTED_EDGE( '', *, *, #3448, .F. );
#2924 = ORIENTED_EDGE( '', *, *, #3517, .T. );
#2925 = CARTESIAN_POINT( '', ( 2.60000000000000, 1.50000000000000, 0.700000000000000 ) );
#2926 = DIRECTION( '', ( 0.000000000000000, 0.000000000000000, -1.00000000000000 ) );
#2927 = DIRECTION( '', ( -1.00000000000000, 0.000000000000000, 0.000000000000000 ) );
#2928 = SURFACE_STYLE_FILL_AREA( #3710 );
#2929 = ORIENTED_EDGE( '', *, *, #3458, .F. );
#2930 = ORIENTED_EDGE( '', *, *, #3678, .F. );
#2931 = ORIENTED_EDGE( '', *, *, #3571, .F. );
#2932 = ORIENTED_EDGE( '', *, *, #3612, .F. );
#2933 = CARTESIAN_POINT( '', ( -2.55000000000000, 0.650000000000000, 0.000000000000000 ) );
#2934 = DIRECTION( '', ( 0.000000000000000, -0.707106781186548, -0.707106781186547 ) );
#2935 = DIRECTION( '', ( 0.000000000000000, 0.707106781186547, -0.707106781186548 ) );
#2936 = SURFACE_STYLE_FILL_AREA( #3711 );
#2937 = ORIENTED_EDGE( '', *, *, #3598, .T. );
#2938 = ORIENTED_EDGE( '', *, *, #3333, .F. );
#2939 = ORIENTED_EDGE( '', *, *, #3695, .F. );
#2940 = ORIENTED_EDGE( '', *, *, #3211, .T. );
#2941 = CARTESIAN_POINT( '', ( -0.900000000000000, -1.45000000000000, 0.800000000000000 ) );
#2942 = DIRECTION( '', ( 1.00000000000000, 0.000000000000000, 0.000000000000000 ) );
#2943 = DIRECTION( '', ( 0.000000000000000, 0.000000000000000, -1.00000000000000 ) );
#2944 = SURFACE_STYLE_FILL_AREA( #3712 );
#2945 = ORIENTED_EDGE( '', *, *, #3630, .T. );
#2946 = ORIENTED_EDGE( '', *, *, #3468, .T. );
#2947 = ORIENTED_EDGE( '', *, *, #3454, .T. );
#2948 = ORIENTED_EDGE( '', *, *, #3713, .T. );
#2949 = CARTESIAN_POINT( '', ( 0.000000000000000, -0.635000000000000, 3.25000000000000 ) );
#2950 = DIRECTION( '', ( 0.000000000000000, -1.00000000000000, 0.000000000000000 ) );
#2951 = DIRECTION( '', ( 0.000000000000000, 0.000000000000000, -1.00000000000000 ) );
#2952 = SURFACE_STYLE_FILL_AREA( #3714 );
#2953 = ORIENTED_EDGE( '', *, *, #3708, .F. );
#2954 = ORIENTED_EDGE( '', *, *, #3547, .F. );
#2955 = ORIENTED_EDGE( '', *, *, #3242, .T. );
#2956 = ORIENTED_EDGE( '', *, *, #3437, .T. );
#2957 = ORIENTED_EDGE( '', *, *, #3676, .F. );
#2958 = ORIENTED_EDGE( '', *, *, #3643, .F. );
#2959 = ORIENTED_EDGE( '', *, *, #3681, .F. );
#2960 = CARTESIAN_POINT( '', ( 3.20000000000000, -1.10000000000000, 0.350000000000000 ) );
#2961 = DIRECTION( '', ( 0.000000000000000, 1.00000000000000, 0.000000000000000 ) );
#2962 = DIRECTION( '', ( 0.000000000000000, 0.000000000000000, 1.00000000000000 ) );
#2963 = SURFACE_STYLE_FILL_AREA( #3715 );
#2964 = ORIENTED_EDGE( '', *, *, #3428, .T. );
#2965 = ORIENTED_EDGE( '', *, *, #3244, .F. );
#2966 = ORIENTED_EDGE( '', *, *, #3546, .F. );
#2967 = ORIENTED_EDGE( '', *, *, #3685, .T. );
#2968 = CARTESIAN_POINT( '', ( 2.20000000000000, -1.50000000000000, 0.350000000000000 ) );
#2969 = DIRECTION( '', ( 0.000000000000000, 1.00000000000000, 0.000000000000000 ) );
#2970 = DIRECTION( '', ( 0.000000000000000, 0.000000000000000, 1.00000000000000 ) );
#2971 = SURFACE_STYLE_FILL_AREA( #3716 );
#2972 = ORIENTED_EDGE( '', *, *, #3690, .T. );
#2973 = ORIENTED_EDGE( '', *, *, #3196, .F. );
#2974 = ORIENTED_EDGE( '', *, *, #3421, .F. );
#2975 = ORIENTED_EDGE( '', *, *, #3590, .T. );
#2976 = CARTESIAN_POINT( '', ( -2.60000000000000, 0.400000000000000, -1.75000000000000 ) );
#2977 = DIRECTION( '', ( 0.000000000000000, 0.000000000000000, -1.00000000000000 ) );
#2978 = DIRECTION( '', ( -1.00000000000000, 0.000000000000000, 0.000000000000000 ) );
#2979 = SURFACE_STYLE_FILL_AREA( #3717 );
#2980 = ORIENTED_EDGE( '', *, *, #3538, .T. );
#2981 = ORIENTED_EDGE( '', *, *, #3338, .F. );
#2982 = ORIENTED_EDGE( '', *, *, #3392, .T. );
#2983 = ORIENTED_EDGE( '', *, *, #3399, .T. );
#2984 = CARTESIAN_POINT( '', ( 2.60000000000000, 1.50000000000000, 4.55000000000000 ) );
#2985 = DIRECTION( '', ( 0.000000000000000, 0.000000000000000, -1.00000000000000 ) );
#2986 = DIRECTION( '', ( -1.00000000000000, 0.000000000000000, 0.000000000000000 ) );
#2987 = SURFACE_STYLE_FILL_AREA( #3718 );
#2988 = ORIENTED_EDGE( '', *, *, #3595, .T. );
#2989 = ORIENTED_EDGE( '', *, *, #3651, .T. );
#2990 = ORIENTED_EDGE( '', *, *, #3581, .F. );
#2991 = ORIENTED_EDGE( '', *, *, #3559, .F. );
#2992 = CARTESIAN_POINT( '', ( -2.60000000000000, -1.20000000000000, 4.90000000000000 ) );
#2993 = DIRECTION( '', ( 2.77996360781072E-016, 0.961523947640823, 0.274721127897378 ) );
#2994 = DIRECTION( '', ( 0.000000000000000, -0.274721127897378, 0.961523947640823 ) );
#2995 = SURFACE_STYLE_FILL_AREA( #3719 );
#2996 = ORIENTED_EDGE( '', *, *, #3475, .T. );
#2997 = ORIENTED_EDGE( '', *, *, #3443, .T. );
#2998 = ORIENTED_EDGE( '', *, *, #3635, .F. );
#2999 = ORIENTED_EDGE( '', *, *, #3704, .F. );
#3000 = ORIENTED_EDGE( '', *, *, #3371, .T. );
#3001 = CARTESIAN_POINT( '', ( -0.600000000000000, -1.10000000000000, 0.350000000000000 ) );
#3002 = DIRECTION( '', ( 1.35525271560688E-016, 1.00000000000000, 0.000000000000000 ) );
#3003 = DIRECTION( '', ( -1.00000000000000, 1.35525271560688E-016, 0.000000000000000 ) );
#3004 = SURFACE_STYLE_FILL_AREA( #3720 );
#3005 = ORIENTED_EDGE( '', *, *, #3531, .F. );
#3006 = ORIENTED_EDGE( '', *, *, #3259, .T. );
#3007 = ORIENTED_EDGE( '', *, *, #3603, .F. );
#3008 = ORIENTED_EDGE( '', *, *, #3438, .F. );
#3009 = CARTESIAN_POINT( '', ( 2.20000000000000, -0.785000000000000, 0.000000000000000 ) );
#3010 = DIRECTION( '', ( 0.000000000000000, -0.982123011927037, 0.188240243952682 ) );
#3011 = DIRECTION( '', ( 0.000000000000000, -0.188240243952682, -0.982123011927037 ) );
#3012 = SURFACE_STYLE_FILL_AREA( #3721 );
#3013 = ORIENTED_EDGE( '', *, *, #3593, .T. );
#3014 = ORIENTED_EDGE( '', *, *, #3629, .F. );
#3015 = ORIENTED_EDGE( '', *, *, #3713, .F. );
#3016 = ORIENTED_EDGE( '', *, *, #3453, .T. );
#3017 = CARTESIAN_POINT( '', ( 0.500000000000000, -0.635000000000000, 0.000000000000000 ) );
#3018 = DIRECTION( '', ( -1.00000000000000, 0.000000000000000, 0.000000000000000 ) );
#3019 = DIRECTION( '', ( 0.000000000000000, 0.000000000000000, 1.00000000000000 ) );
#3020 = SURFACE_STYLE_FILL_AREA( #3722 );
#3021 = ORIENTED_EDGE( '', *, *, #3492, .T. );
#3022 = ORIENTED_EDGE( '', *, *, #3280, .F. );
#3023 = ORIENTED_EDGE( '', *, *, #3622, .F. );
#3024 = ORIENTED_EDGE( '', *, *, #3514, .T. );
#3025 = CARTESIAN_POINT( '', ( -2.10000000000000, 1.45000000000000, 0.800000000000000 ) );
#3026 = DIRECTION( '', ( -1.00000000000000, 0.000000000000000, 0.000000000000000 ) );
#3027 = DIRECTION( '', ( 0.000000000000000, 0.000000000000000, 1.00000000000000 ) );
#3028 = FACE_OUTER_BOUND( '', #3723, .T. );
#3029 = PLANE( '', #3724 );
#3030 = FACE_OUTER_BOUND( '', #3725, .T. );
#3031 = PLANE( '', #3726 );
#3032 = FACE_OUTER_BOUND( '', #3727, .T. );
#3033 = PLANE( '', #3728 );
#3034 = FACE_OUTER_BOUND( '', #3729, .T. );
#3035 = PLANE( '', #3730 );
#3036 = FACE_OUTER_BOUND( '', #3731, .T. );
#3037 = PLANE( '', #3732 );
#3038 = FACE_OUTER_BOUND( '', #3733, .T. );
#3039 = PLANE( '', #3734 );
#3040 = FACE_OUTER_BOUND( '', #3735, .T. );
#3041 = CYLINDRICAL_SURFACE( '', #3736, 0.100000000000000 );
#3042 = FACE_OUTER_BOUND( '', #3737, .T. );
#3043 = PLANE( '', #3738 );
#3044 = FACE_OUTER_BOUND( '', #3739, .T. );
#3045 = CYLINDRICAL_SURFACE( '', #3740, 0.200000000000000 );
#3046 = FACE_OUTER_BOUND( '', #3741, .T. );
#3047 = CYLINDRICAL_SURFACE( '', #3742, 0.100000000000000 );
#3048 = FACE_OUTER_BOUND( '', #3743, .T. );
#3049 = PLANE( '', #3744 );
#3050 = FACE_OUTER_BOUND( '', #3745, .T. );
#3051 = CYLINDRICAL_SURFACE( '', #3746, 0.200000000000000 );
#3052 = FACE_OUTER_BOUND( '', #3747, .T. );
#3053 = PLANE( '', #3748 );
#3054 = FACE_OUTER_BOUND( '', #3749, .T. );
#3055 = PLANE( '', #3750 );
#3056 = FACE_OUTER_BOUND( '', #3751, .T. );
#3057 = PLANE( '', #3752 );
#3058 = FACE_OUTER_BOUND( '', #3753, .T. );
#3059 = PLANE( '', #3754 );
#3060 = FACE_OUTER_BOUND( '', #3755, .T. );
#3061 = PLANE( '', #3756 );
#3062 = FACE_OUTER_BOUND( '', #3757, .T. );
#3063 = PLANE( '', #3758 );
#3064 = FACE_OUTER_BOUND( '', #3759, .T. );
#3065 = PLANE( '', #3760 );
#3066 = FACE_OUTER_BOUND( '', #3761, .T. );
#3067 = PLANE( '', #3762 );
#3068 = FACE_OUTER_BOUND( '', #3763, .T. );
#3069 = PLANE( '', #3764 );
#3070 = FACE_OUTER_BOUND( '', #3765, .T. );
#3071 = CYLINDRICAL_SURFACE( '', #3766, 0.200000000000000 );
#3072 = FACE_OUTER_BOUND( '', #3767, .T. );
#3073 = PLANE( '', #3768 );
#3074 = FACE_OUTER_BOUND( '', #3769, .T. );
#3075 = PLANE( '', #3770 );
#3076 = FACE_OUTER_BOUND( '', #3771, .T. );
#3077 = PLANE( '', #3772 );
#3078 = FACE_OUTER_BOUND( '', #3773, .T. );
#3079 = PLANE( '', #3774 );
#3080 = FACE_OUTER_BOUND( '', #3775, .T. );
#3081 = PLANE( '', #3776 );
#3082 = FACE_OUTER_BOUND( '', #3777, .T. );
#3083 = PLANE( '', #3778 );
#3084 = FACE_OUTER_BOUND( '', #3779, .T. );
#3085 = CYLINDRICAL_SURFACE( '', #3780, 0.100000000000000 );
#3086 = FACE_OUTER_BOUND( '', #3781, .T. );
#3087 = PLANE( '', #3782 );
#3088 = FACE_OUTER_BOUND( '', #3783, .T. );
#3089 = CYLINDRICAL_SURFACE( '', #3784, 0.100000000000000 );
#3090 = FACE_OUTER_BOUND( '', #3785, .T. );
#3091 = CYLINDRICAL_SURFACE( '', #3786, 0.200000000000000 );
#3092 = FACE_OUTER_BOUND( '', #3787, .T. );
#3093 = PLANE( '', #3788 );
#3094 = FACE_OUTER_BOUND( '', #3789, .T. );
#3095 = PLANE( '', #3790 );
#3096 = FACE_OUTER_BOUND( '', #3791, .T. );
#3097 = PLANE( '', #3792 );
#3098 = FACE_OUTER_BOUND( '', #3793, .T. );
#3099 = PLANE( '', #3794 );
#3100 = FACE_OUTER_BOUND( '', #3795, .T. );
#3101 = PLANE( '', #3796 );
#3102 = FACE_OUTER_BOUND( '', #3797, .T. );
#3103 = PLANE( '', #3798 );
#3104 = FACE_OUTER_BOUND( '', #3799, .T. );
#3105 = CYLINDRICAL_SURFACE( '', #3800, 0.100000000000000 );
#3106 = FACE_OUTER_BOUND( '', #3801, .T. );
#3107 = PLANE( '', #3802 );
#3108 = FACE_OUTER_BOUND( '', #3803, .T. );
#3109 = PLANE( '', #3804 );
#3110 = FACE_OUTER_BOUND( '', #3805, .T. );
#3111 = PLANE( '', #3806 );
#3112 = FACE_OUTER_BOUND( '', #3807, .T. );
#3113 = CYLINDRICAL_SURFACE( '', #3808, 0.200000000000000 );
#3114 = FACE_OUTER_BOUND( '', #3809, .T. );
#3115 = PLANE( '', #3810 );
#3116 = FACE_OUTER_BOUND( '', #3811, .T. );
#3117 = PLANE( '', #3812 );
#3118 = FACE_OUTER_BOUND( '', #3813, .T. );
#3119 = PLANE( '', #3814 );
#3120 = FACE_OUTER_BOUND( '', #3815, .T. );
#3121 = PLANE( '', #3816 );
#3122 = FACE_OUTER_BOUND( '', #3817, .T. );
#3123 = PLANE( '', #3818 );
#3124 = FACE_OUTER_BOUND( '', #3819, .T. );
#3125 = CYLINDRICAL_SURFACE( '', #3820, 0.100000000000000 );
#3126 = FACE_OUTER_BOUND( '', #3821, .T. );
#3127 = PLANE( '', #3822 );
#3128 = FACE_OUTER_BOUND( '', #3823, .T. );
#3129 = CYLINDRICAL_SURFACE( '', #3824, 0.200000000000000 );
#3130 = FACE_OUTER_BOUND( '', #3825, .T. );
#3131 = PLANE( '', #3826 );
#3132 = FACE_OUTER_BOUND( '', #3827, .T. );
#3133 = PLANE( '', #3828 );
#3134 = FACE_OUTER_BOUND( '', #3829, .T. );
#3135 = PLANE( '', #3830 );
#3136 = FACE_OUTER_BOUND( '', #3831, .T. );
#3137 = CYLINDRICAL_SURFACE( '', #3832, 0.200000000000000 );
#3138 = FACE_OUTER_BOUND( '', #3833, .T. );
#3139 = PLANE( '', #3834 );
#3140 = FACE_OUTER_BOUND( '', #3835, .T. );
#3141 = PLANE( '', #3836 );
#3142 = FACE_OUTER_BOUND( '', #3837, .T. );
#3143 = PLANE( '', #3838 );
#3144 = FACE_OUTER_BOUND( '', #3839, .T. );
#3145 = PLANE( '', #3840 );
#3146 = FACE_OUTER_BOUND( '', #3841, .T. );
#3147 = PLANE( '', #3842 );
#3148 = FACE_OUTER_BOUND( '', #3843, .T. );
#3149 = PLANE( '', #3844 );
#3150 = FACE_OUTER_BOUND( '', #3845, .T. );
#3151 = PLANE( '', #3846 );
#3152 = FACE_OUTER_BOUND( '', #3847, .T. );
#3153 = PLANE( '', #3848 );
#3154 = FACE_OUTER_BOUND( '', #3849, .T. );
#3155 = PLANE( '', #3850 );
#3156 = FACE_OUTER_BOUND( '', #3851, .T. );
#3157 = CYLINDRICAL_SURFACE( '', #3852, 0.100000000000000 );
#3158 = FACE_OUTER_BOUND( '', #3853, .T. );
#3159 = CYLINDRICAL_SURFACE( '', #3854, 0.200000000000000 );
#3160 = FACE_OUTER_BOUND( '', #3855, .T. );
#3161 = PLANE( '', #3856 );
#3162 = FACE_OUTER_BOUND( '', #3857, .T. );
#3163 = CYLINDRICAL_SURFACE( '', #3858, 0.100000000000000 );
#3164 = FACE_OUTER_BOUND( '', #3859, .T. );
#3165 = PLANE( '', #3860 );
#3166 = FACE_OUTER_BOUND( '', #3861, .T. );
#3167 = PLANE( '', #3862 );
#3168 = FACE_OUTER_BOUND( '', #3863, .T. );
#3169 = PLANE( '', #3864 );
#3170 = FACE_OUTER_BOUND( '', #3865, .T. );
#3171 = PLANE( '', #3866 );
#3172 = FILL_AREA_STYLE( '', ( #3867 ) );
#3173 = EDGE_CURVE( '', #3868, #3869, #3870, .T. );
#3174 = EDGE_CURVE( '', #3869, #3871, #3872, .T. );
#3175 = EDGE_CURVE( '', #3873, #3871, #3874, .T. );
#3176 = EDGE_CURVE( '', #3875, #3873, #3876, .T. );
#3177 = EDGE_CURVE( '', #3875, #3877, #3878, .T. );
#3178 = EDGE_CURVE( '', #3877, #3868, #3879, .T. );
#3179 = FILL_AREA_STYLE( '', ( #3880 ) );
#3180 = EDGE_CURVE( '', #3881, #3882, #3883, .T. );
#3181 = EDGE_CURVE( '', #3882, #3884, #3885, .T. );
#3182 = EDGE_CURVE( '', #3886, #3884, #3887, .T. );
#3183 = EDGE_CURVE( '', #3881, #3886, #3888, .T. );
#3184 = FILL_AREA_STYLE( '', ( #3889 ) );
#3185 = EDGE_CURVE( '', #3890, #3891, #3892, .T. );
#3186 = EDGE_CURVE( '', #3890, #3893, #3894, .T. );
#3187 = EDGE_CURVE( '', #3895, #3893, #3896, .T. );
#3188 = EDGE_CURVE( '', #3895, #3897, #3898, .T. );
#3189 = EDGE_CURVE( '', #3897, #3891, #3899, .T. );
#3190 = FILL_AREA_STYLE( '', ( #3900 ) );
#3191 = EDGE_CURVE( '', #3901, #3902, #3903, .T. );
#3192 = EDGE_CURVE( '', #3904, #3902, #3905, .T. );
#3193 = EDGE_CURVE( '', #3906, #3904, #3907, .T. );
#3194 = EDGE_CURVE( '', #3908, #3906, #3909, .T. );
#3195 = EDGE_CURVE( '', #3910, #3908, #3911, .T. );
#3196 = EDGE_CURVE( '', #3910, #3901, #3912, .T. );
#3197 = FILL_AREA_STYLE( '', ( #3913 ) );
#3198 = EDGE_CURVE( '', #3914, #3869, #3915, .T. );
#3199 = EDGE_CURVE( '', #3916, #3914, #3917, .T. );
#3200 = EDGE_CURVE( '', #3871, #3916, #3918, .T. );
#3201 = FILL_AREA_STYLE( '', ( #3919 ) );
#3202 = EDGE_CURVE( '', #3920, #3921, #3922, .T. );
#3203 = EDGE_CURVE( '', #3921, #3923, #3924, .T. );
#3204 = EDGE_CURVE( '', #3923, #3925, #3926, .T. );
#3205 = EDGE_CURVE( '', #3927, #3925, #3928, .T. );
#3206 = EDGE_CURVE( '', #3929, #3927, #3930, .T. );
#3207 = EDGE_CURVE( '', #3931, #3929, #3932, .T. );
#3208 = EDGE_CURVE( '', #3933, #3931, #3934, .T. );
#3209 = EDGE_CURVE( '', #3933, #3935, #3936, .T. );
#3210 = EDGE_CURVE( '', #3937, #3935, #3938, .T. );
#3211 = EDGE_CURVE( '', #3939, #3937, #3940, .T. );
#3212 = EDGE_CURVE( '', #3941, #3939, #3942, .T. );
#3213 = EDGE_CURVE( '', #3941, #3943, #3944, .T. );
#3214 = EDGE_CURVE( '', #3945, #3943, #3946, .T. );
#3215 = EDGE_CURVE( '', #3945, #3947, #3948, .T. );
#3216 = EDGE_CURVE( '', #3947, #3949, #3950, .T. );
#3217 = EDGE_CURVE( '', #3949, #3951, #3952, .T. );
#3218 = EDGE_CURVE( '', #3953, #3951, #3954, .T. );
#3219 = EDGE_CURVE( '', #3953, #3920, #3955, .T. );
#3220 = FILL_AREA_STYLE( '', ( #3956 ) );
#3221 = EDGE_CURVE( '', #3957, #3958, #3959, .T. );
#3222 = EDGE_CURVE( '', #3893, #3957, #3960, .T. );
#3223 = EDGE_CURVE( '', #3958, #3890, #3961, .T. );
#3224 = FILL_AREA_STYLE( '', ( #3962 ) );
#3225 = EDGE_CURVE( '', #3963, #3964, #3965, .T. );
#3226 = EDGE_CURVE( '', #3964, #3966, #3967, .T. );
#3227 = EDGE_CURVE( '', #3968, #3966, #3969, .T. );
#3228 = EDGE_CURVE( '', #3968, #3963, #3970, .T. );
#3229 = FILL_AREA_STYLE( '', ( #3971 ) );
#3230 = EDGE_CURVE( '', #3972, #3973, #3974, .T. );
#3231 = EDGE_CURVE( '', #3975, #3973, #3976, .T. );
#3232 = EDGE_CURVE( '', #3977, #3975, #3978, .T. );
#3233 = EDGE_CURVE( '', #3979, #3977, #3980, .T. );
#3234 = EDGE_CURVE( '', #3979, #3972, #3981, .T. );
#3235 = FILL_AREA_STYLE( '', ( #3982 ) );
#3236 = EDGE_CURVE( '', #3983, #3984, #3985, .T. );
#3237 = EDGE_CURVE( '', #3986, #3984, #3987, .T. );
#3238 = EDGE_CURVE( '', #3986, #3988, #3989, .T. );
#3239 = EDGE_CURVE( '', #3988, #3983, #3990, .T. );
#3240 = FILL_AREA_STYLE( '', ( #3991 ) );
#3241 = EDGE_CURVE( '', #3992, #3993, #3994, .T. );
#3242 = EDGE_CURVE( '', #3995, #3993, #3996, .T. );
#3243 = EDGE_CURVE( '', #3997, #3995, #3998, .T. );
#3244 = EDGE_CURVE( '', #3997, #3992, #3999, .T. );
#3245 = FILL_AREA_STYLE( '', ( #4000 ) );
#3246 = EDGE_CURVE( '', #4001, #4002, #4003, .T. );
#3247 = EDGE_CURVE( '', #4004, #4001, #4005, .T. );
#3248 = EDGE_CURVE( '', #4004, #4006, #4007, .T. );
#3249 = EDGE_CURVE( '', #4006, #4002, #4008, .T. );
#3250 = FILL_AREA_STYLE( '', ( #4009 ) );
#3251 = EDGE_CURVE( '', #4010, #4011, #4012, .T. );
#3252 = EDGE_CURVE( '', #4013, #4010, #4014, .T. );
#3253 = EDGE_CURVE( '', #4013, #4015, #4016, .T. );
#3254 = EDGE_CURVE( '', #4015, #4011, #4017, .T. );
#3255 = FILL_AREA_STYLE( '', ( #4018 ) );
#3256 = EDGE_CURVE( '', #4019, #4020, #4021, .F. );
#3257 = EDGE_CURVE( '', #4022, #4020, #4023, .T. );
#3258 = EDGE_CURVE( '', #4022, #4024, #4025, .F. );
#3259 = EDGE_CURVE( '', #4019, #4024, #4026, .T. );
#3260 = FILL_AREA_STYLE( '', ( #4027 ) );
#3261 = EDGE_CURVE( '', #3925, #4028, #4029, .T. );
#3262 = EDGE_CURVE( '', #4028, #4030, #4031, .T. );
#3263 = EDGE_CURVE( '', #4032, #4030, #4033, .T. );
#3264 = EDGE_CURVE( '', #4032, #3968, #4034, .T. );
#3265 = EDGE_CURVE( '', #3966, #3875, #4035, .T. );
#3266 = EDGE_CURVE( '', #4036, #3873, #4037, .T. );
#3267 = EDGE_CURVE( '', #3927, #4036, #4038, .T. );
#3268 = FILL_AREA_STYLE( '', ( #4039 ) );
#3269 = EDGE_CURVE( '', #4040, #4041, #4042, .T. );
#3270 = EDGE_CURVE( '', #4015, #4040, #4043, .T. );
#3271 = EDGE_CURVE( '', #4041, #4013, #4044, .T. );
#3272 = FILL_AREA_STYLE( '', ( #4045 ) );
#3273 = EDGE_CURVE( '', #4046, #4047, #4048, .T. );
#3274 = EDGE_CURVE( '', #4049, #4047, #4050, .T. );
#3275 = EDGE_CURVE( '', #4051, #4049, #4052, .T. );
#3276 = EDGE_CURVE( '', #4051, #4046, #4053, .T. );
#3277 = FILL_AREA_STYLE( '', ( #4054 ) );
#3278 = EDGE_CURVE( '', #4055, #4056, #4057, .T. );
#3279 = EDGE_CURVE( '', #4058, #4055, #4059, .T. );
#3280 = EDGE_CURVE( '', #4058, #4060, #4061, .T. );
#3281 = EDGE_CURVE( '', #4062, #4060, #4063, .T. );
#3282 = EDGE_CURVE( '', #4064, #4062, #4065, .T. );
#3283 = EDGE_CURVE( '', #4066, #4064, #4067, .T. );
#3284 = EDGE_CURVE( '', #4068, #4066, #4069, .T. );
#3285 = EDGE_CURVE( '', #4068, #4070, #4071, .T. );
#3286 = EDGE_CURVE( '', #4072, #4070, #4073, .T. );
#3287 = EDGE_CURVE( '', #4074, #4072, #4075, .T. );
#3288 = EDGE_CURVE( '', #4074, #4076, #4077, .T. );
#3289 = EDGE_CURVE( '', #4078, #4076, #4079, .T. );
#3290 = EDGE_CURVE( '', #4080, #4078, #4081, .T. );
#3291 = EDGE_CURVE( '', #4082, #4080, #4083, .T. );
#3292 = EDGE_CURVE( '', #4082, #4084, #4085, .T. );
#3293 = EDGE_CURVE( '', #4056, #4084, #4086, .T. );
#3294 = FILL_AREA_STYLE( '', ( #4087 ) );
#3295 = EDGE_CURVE( '', #4088, #4089, #4090, .T. );
#3296 = EDGE_CURVE( '', #4091, #4089, #4092, .T. );
#3297 = EDGE_CURVE( '', #4093, #4091, #4094, .T. );
#3298 = EDGE_CURVE( '', #4093, #4088, #4095, .T. );
#3299 = FILL_AREA_STYLE( '', ( #4096 ) );
#3300 = EDGE_CURVE( '', #4097, #4098, #4099, .T. );
#3301 = EDGE_CURVE( '', #4100, #4097, #4101, .T. );
#3302 = EDGE_CURVE( '', #4100, #4102, #4103, .T. );
#3303 = EDGE_CURVE( '', #4102, #4104, #4105, .T. );
#3304 = EDGE_CURVE( '', #4106, #4104, #4107, .T. );
#3305 = EDGE_CURVE( '', #4108, #4106, #4109, .T. );
#3306 = EDGE_CURVE( '', #4108, #4110, #4111, .T. );
#3307 = EDGE_CURVE( '', #4110, #4112, #4113, .T. );
#3308 = EDGE_CURVE( '', #4114, #4112, #4115, .T. );
#3309 = EDGE_CURVE( '', #4116, #4114, #4117, .T. );
#3310 = EDGE_CURVE( '', #4118, #4116, #4119, .T. );
#3311 = EDGE_CURVE( '', #4118, #4098, #4120, .T. );
#3312 = FILL_AREA_STYLE( '', ( #4121 ) );
#3313 = EDGE_CURVE( '', #4122, #4123, #4124, .T. );
#3314 = EDGE_CURVE( '', #4122, #4068, #4125, .T. );
#3315 = EDGE_CURVE( '', #4123, #4066, #4126, .T. );
#3316 = FILL_AREA_STYLE( '', ( #4127 ) );
#3317 = EDGE_CURVE( '', #3984, #4128, #4129, .T. );
#3318 = EDGE_CURVE( '', #4130, #3984, #4131, .T. );
#3319 = EDGE_CURVE( '', #4132, #4130, #4133, .T. );
#3320 = EDGE_CURVE( '', #4132, #4128, #4134, .T. );
#3321 = FILL_AREA_STYLE( '', ( #4135 ) );
#3322 = EDGE_CURVE( '', #4136, #4137, #4138, .T. );
#3323 = EDGE_CURVE( '', #4139, #4137, #4140, .T. );
#3324 = EDGE_CURVE( '', #4141, #4139, #4142, .T. );
#3325 = EDGE_CURVE( '', #4141, #4143, #4144, .T. );
#3326 = EDGE_CURVE( '', #4143, #4132, #4145, .T. );
#3327 = EDGE_CURVE( '', #4130, #4146, #4147, .T. );
#3328 = EDGE_CURVE( '', #4146, #4148, #4149, .T. );
#3329 = EDGE_CURVE( '', #4148, #4150, #4151, .T. );
#3330 = EDGE_CURVE( '', #4152, #4150, #4153, .T. );
#3331 = EDGE_CURVE( '', #4154, #4152, #4155, .T. );
#3332 = EDGE_CURVE( '', #4156, #4154, #4157, .T. );
#3333 = EDGE_CURVE( '', #4156, #4158, #4159, .T. );
#3334 = EDGE_CURVE( '', #4160, #4158, #4161, .T. );
#3335 = EDGE_CURVE( '', #4162, #4160, #4163, .T. );
#3336 = EDGE_CURVE( '', #4136, #4162, #4164, .T. );
#3337 = FILL_AREA_STYLE( '', ( #4165 ) );
#3338 = EDGE_CURVE( '', #4166, #4167, #4168, .T. );
#3339 = EDGE_CURVE( '', #4167, #4104, #4169, .T. );
#3340 = EDGE_CURVE( '', #4102, #4166, #4170, .T. );
#3341 = FILL_AREA_STYLE( '', ( #4171 ) );
#3342 = EDGE_CURVE( '', #4172, #3904, #4173, .T. );
#3343 = EDGE_CURVE( '', #4174, #4172, #4175, .T. );
#3344 = EDGE_CURVE( '', #3906, #4174, #4176, .T. );
#3345 = FILL_AREA_STYLE( '', ( #4177 ) );
#3346 = EDGE_CURVE( '', #4178, #4178, #4179, .F. );
#3347 = EDGE_CURVE( '', #4180, #4180, #4181, .T. );
#3348 = FILL_AREA_STYLE( '', ( #4182 ) );
#3349 = EDGE_CURVE( '', #4172, #4183, #4184, .T. );
#3350 = EDGE_CURVE( '', #4185, #4172, #4186, .T. );
#3351 = EDGE_CURVE( '', #4185, #4187, #4188, .T. );
#3352 = EDGE_CURVE( '', #4187, #4183, #4189, .T. );
#3353 = FILL_AREA_STYLE( '', ( #4190 ) );
#3354 = EDGE_CURVE( '', #4122, #4191, #4192, .T. );
#3355 = EDGE_CURVE( '', #4191, #4070, #4193, .T. );
#3356 = FILL_AREA_STYLE( '', ( #4194 ) );
#3357 = EDGE_CURVE( '', #4160, #3935, #4195, .T. );
#3358 = EDGE_CURVE( '', #4162, #3933, #4196, .T. );
#3359 = FILL_AREA_STYLE( '', ( #4197 ) );
#3360 = EDGE_CURVE( '', #3908, #4198, #4199, .T. );
#3361 = EDGE_CURVE( '', #4174, #4198, #4200, .T. );
#3362 = FILL_AREA_STYLE( '', ( #4201 ) );
#3363 = EDGE_CURVE( '', #4202, #4203, #4204, .T. );
#3364 = EDGE_CURVE( '', #4205, #4202, #4206, .T. );
#3365 = EDGE_CURVE( '', #4205, #4207, #4208, .T. );
#3366 = EDGE_CURVE( '', #4207, #4203, #4209, .T. );
#3367 = FILL_AREA_STYLE( '', ( #4210 ) );
#3368 = EDGE_CURVE( '', #4211, #4211, #4212, .T. );
#3369 = EDGE_CURVE( '', #4213, #4213, #4214, .T. );
#3370 = EDGE_CURVE( '', #4215, #3953, #4216, .T. );
#3371 = EDGE_CURVE( '', #4217, #4215, #4218, .T. );
#3372 = EDGE_CURVE( '', #4219, #4217, #4220, .T. );
#3373 = EDGE_CURVE( '', #4221, #4219, #4222, .T. );
#3374 = EDGE_CURVE( '', #4223, #4221, #4224, .T. );
#3375 = EDGE_CURVE( '', #4225, #4223, #4226, .T. );
#3376 = EDGE_CURVE( '', #3897, #4225, #4227, .T. );
#3377 = EDGE_CURVE( '', #4228, #3895, #4229, .T. );
#3378 = EDGE_CURVE( '', #4230, #4228, #4231, .T. );
#3379 = EDGE_CURVE( '', #4232, #4230, #4233, .T. );
#3380 = EDGE_CURVE( '', #4234, #4232, #4235, .T. );
#3381 = EDGE_CURVE( '', #3963, #4234, #4236, .T. );
#3382 = EDGE_CURVE( '', #4237, #4032, #4238, .T. );
#3383 = EDGE_CURVE( '', #4239, #4237, #4240, .T. );
#3384 = EDGE_CURVE( '', #4241, #4239, #4242, .T. );
#3385 = EDGE_CURVE( '', #3920, #4241, #4243, .T. );
#3386 = FILL_AREA_STYLE( '', ( #4244 ) );
#3387 = EDGE_CURVE( '', #4245, #4010, #4246, .T. );
#3388 = EDGE_CURVE( '', #4041, #4245, #4247, .T. );
#3389 = EDGE_CURVE( '', #4148, #3988, #4248, .T. );
#3390 = EDGE_CURVE( '', #4110, #3986, #4249, .T. );
#3391 = EDGE_CURVE( '', #4250, #4108, #4251, .T. );
#3392 = EDGE_CURVE( '', #4166, #4250, #4252, .T. );
#3393 = EDGE_CURVE( '', #4253, #4100, #4254, .T. );
#3394 = EDGE_CURVE( '', #4255, #4253, #4256, .T. );
#3395 = EDGE_CURVE( '', #4255, #4064, #4257, .T. );
#3396 = EDGE_CURVE( '', #4150, #4062, #4258, .T. );
#3397 = FILL_AREA_STYLE( '', ( #4259 ) );
#3398 = EDGE_CURVE( '', #4106, #4260, #4261, .T. );
#3399 = EDGE_CURVE( '', #4250, #4260, #4262, .T. );
#3400 = FILL_AREA_STYLE( '', ( #4263 ) );
#3401 = EDGE_CURVE( '', #4089, #4264, #4265, .T. );
#3402 = EDGE_CURVE( '', #4266, #4264, #4267, .T. );
#3403 = EDGE_CURVE( '', #4091, #4266, #4268, .T. );
#3404 = FILL_AREA_STYLE( '', ( #4269 ) );
#3405 = EDGE_CURVE( '', #4270, #4271, #4272, .T. );
#3406 = EDGE_CURVE( '', #4273, #4271, #4274, .T. );
#3407 = EDGE_CURVE( '', #4275, #4273, #4276, .T. );
#3408 = EDGE_CURVE( '', #4275, #4270, #4277, .T. );
#3409 = FILL_AREA_STYLE( '', ( #4278 ) );
#3410 = EDGE_CURVE( '', #4146, #3983, #4279, .T. );
#3411 = FILL_AREA_STYLE( '', ( #4280 ) );
#3412 = EDGE_CURVE( '', #4219, #4281, #4282, .T. );
#3413 = EDGE_CURVE( '', #4281, #4283, #4284, .T. );
#3414 = EDGE_CURVE( '', #4221, #4283, #4285, .T. );
#3415 = FILL_AREA_STYLE( '', ( #4286 ) );
#3416 = EDGE_CURVE( '', #4287, #4205, #4288, .T. );
#3417 = EDGE_CURVE( '', #4289, #4287, #4290, .T. );
#3418 = EDGE_CURVE( '', #4207, #4289, #4291, .T. );
#3419 = FILL_AREA_STYLE( '', ( #4292 ) );
#3420 = EDGE_CURVE( '', #4198, #4293, #4294, .T. );
#3421 = EDGE_CURVE( '', #4293, #3910, #4295, .T. );
#3422 = EDGE_CURVE( '', #4296, #3908, #4297, .T. );
#3423 = EDGE_CURVE( '', #4298, #4296, #4299, .T. );
#3424 = EDGE_CURVE( '', #4300, #4298, #4301, .T. );
#3425 = EDGE_CURVE( '', #4300, #4302, #4303, .T. );
#3426 = EDGE_CURVE( '', #4198, #4302, #4304, .T. );
#3427 = FILL_AREA_STYLE( '', ( #4305 ) );
#3428 = EDGE_CURVE( '', #4306, #3992, #4307, .T. );
#3429 = EDGE_CURVE( '', #4308, #4306, #4309, .T. );
#3430 = EDGE_CURVE( '', #4296, #4308, #4310, .T. );
#3431 = EDGE_CURVE( '', #4311, #4302, #4312, .T. );
#3432 = EDGE_CURVE( '', #4264, #4311, #4313, .T. );
#3433 = EDGE_CURVE( '', #4314, #4088, #4315, .T. );
#3434 = EDGE_CURVE( '', #4316, #4314, #4317, .T. );
#3435 = EDGE_CURVE( '', #3977, #4316, #4318, .T. );
#3436 = EDGE_CURVE( '', #4319, #3977, #4320, .T. );
#3437 = EDGE_CURVE( '', #3993, #4319, #4321, .T. );
#3438 = EDGE_CURVE( '', #4322, #4323, #4324, .T. );
#3439 = EDGE_CURVE( '', #4323, #4325, #4326, .T. );
#3440 = EDGE_CURVE( '', #4325, #4327, #4328, .T. );
#3441 = EDGE_CURVE( '', #4327, #4322, #4329, .T. );
#3442 = FILL_AREA_STYLE( '', ( #4330 ) );
#3443 = EDGE_CURVE( '', #4331, #4332, #4333, .T. );
#3444 = EDGE_CURVE( '', #3951, #4331, #4334, .T. );
#3445 = EDGE_CURVE( '', #4332, #3949, #4335, .T. );
#3446 = FILL_AREA_STYLE( '', ( #4336 ) );
#3447 = FILL_AREA_STYLE( '', ( #4337 ) );
#3448 = EDGE_CURVE( '', #4338, #4084, #4339, .T. );
#3449 = EDGE_CURVE( '', #4340, #4082, #4341, .T. );
#3450 = EDGE_CURVE( '', #4340, #4338, #4342, .T. );
#3451 = FILL_AREA_STYLE( '', ( #4343 ) );
#3452 = EDGE_CURVE( '', #4344, #4345, #4346, .T. );
#3453 = EDGE_CURVE( '', #4347, #4345, #4348, .T. );
#3454 = EDGE_CURVE( '', #4349, #4347, #4350, .T. );
#3455 = EDGE_CURVE( '', #4349, #4344, #4351, .T. );
#3456 = FILL_AREA_STYLE( '', ( #4352 ) );
#3457 = EDGE_CURVE( '', #4225, #4353, #4354, .T. );
#3458 = EDGE_CURVE( '', #4353, #4355, #4356, .T. );
#3459 = EDGE_CURVE( '', #3891, #4355, #4357, .T. );
#3460 = FILL_AREA_STYLE( '', ( #4358 ) );
#3461 = EDGE_CURVE( '', #4359, #4359, #4360, .T. );
#3462 = FILL_AREA_STYLE( '', ( #4361 ) );
#3463 = FILL_AREA_STYLE( '', ( #4362 ) );
#3464 = EDGE_CURVE( '', #4030, #4363, #4364, .T. );
#3465 = EDGE_CURVE( '', #4237, #4363, #4365, .T. );
#3466 = FILL_AREA_STYLE( '', ( #4366 ) );
#3467 = EDGE_CURVE( '', #4367, #4344, #4368, .T. );
#3468 = EDGE_CURVE( '', #4369, #4349, #4370, .T. );
#3469 = EDGE_CURVE( '', #4369, #4367, #4371, .T. );
#3470 = FILL_AREA_STYLE( '', ( #4372 ) );
#3471 = EDGE_CURVE( '', #4373, #4374, #4375, .T. );
#3472 = EDGE_CURVE( '', #4020, #4374, #4376, .T. );
#3473 = EDGE_CURVE( '', #4373, #4019, #4377, .T. );
#3474 = FILL_AREA_STYLE( '', ( #4378 ) );
#3475 = EDGE_CURVE( '', #4215, #4331, #4379, .T. );
#3476 = FILL_AREA_STYLE( '', ( #4380 ) );
#3477 = EDGE_CURVE( '', #4381, #4245, #4382, .T. );
#3478 = EDGE_CURVE( '', #4040, #4381, #4383, .T. );
#3479 = FILL_AREA_STYLE( '', ( #4384 ) );
#3480 = EDGE_CURVE( '', #4316, #4385, #4386, .T. );
#3481 = EDGE_CURVE( '', #4385, #3979, #4387, .T. );
#3482 = FILL_AREA_STYLE( '', ( #4388 ) );
#3483 = EDGE_CURVE( '', #4011, #4381, #4389, .T. );
#3484 = FILL_AREA_STYLE( '', ( #4390 ) );
#3485 = EDGE_CURVE( '', #4391, #4392, #4393, .F. );
#3486 = EDGE_CURVE( '', #4374, #4391, #4394, .T. );
#3487 = EDGE_CURVE( '', #4392, #4373, #4395, .T. );
#3488 = FILL_AREA_STYLE( '', ( #4396 ) );
#3489 = EDGE_CURVE( '', #4397, #4191, #4398, .T. );
#3490 = EDGE_CURVE( '', #4397, #4072, #4399, .T. );
#3491 = FILL_AREA_STYLE( '', ( #4400 ) );
#3492 = EDGE_CURVE( '', #4401, #4060, #4402, .T. );
#3493 = EDGE_CURVE( '', #4401, #4403, #4404, .T. );
#3494 = EDGE_CURVE( '', #4403, #3945, #4405, .T. );
#3495 = EDGE_CURVE( '', #4152, #3943, #4406, .T. );
#3496 = FILL_AREA_STYLE( '', ( #4407 ) );
#3497 = EDGE_CURVE( '', #4408, #4409, #4410, .T. );
#3498 = EDGE_CURVE( '', #4409, #4411, #4412, .T. );
#3499 = EDGE_CURVE( '', #4411, #4413, #4414, .T. );
#3500 = EDGE_CURVE( '', #4413, #4314, #4415, .T. );
#3501 = EDGE_CURVE( '', #4408, #4093, #4416, .T. );
#3502 = FILL_AREA_STYLE( '', ( #4417 ) );
#3503 = EDGE_CURVE( '', #4418, #4419, #4420, .F. );
#3504 = EDGE_CURVE( '', #4421, #4419, #4422, .T. );
#3505 = EDGE_CURVE( '', #4185, #4421, #4423, .F. );
#3506 = EDGE_CURVE( '', #3904, #4418, #4424, .T. );
#3507 = FILL_AREA_STYLE( '', ( #4425 ) );
#3508 = EDGE_CURVE( '', #4154, #3941, #4426, .T. );
#3509 = FILL_AREA_STYLE( '', ( #4427 ) );
#3510 = EDGE_CURVE( '', #4230, #3916, #4428, .T. );
#3511 = EDGE_CURVE( '', #4228, #3957, #4429, .T. );
#3512 = EDGE_CURVE( '', #3958, #4430, #4431, .T. );
#3513 = EDGE_CURVE( '', #4403, #4430, #4432, .T. );
#3514 = EDGE_CURVE( '', #4433, #4401, #4434, .T. );
#3515 = EDGE_CURVE( '', #4435, #4433, #4436, .T. );
#3516 = EDGE_CURVE( '', #4435, #4437, #4438, .T. );
#3517 = EDGE_CURVE( '', #4338, #4437, #4439, .T. );
#3518 = EDGE_CURVE( '', #4440, #4340, #4441, .T. );
#3519 = EDGE_CURVE( '', #4440, #4442, #4443, .T. );
#3520 = EDGE_CURVE( '', #4036, #4442, #4444, .T. );
#3521 = FILL_AREA_STYLE( '', ( #4445 ) );
#3522 = EDGE_CURVE( '', #4002, #4298, #4446, .T. );
#3523 = EDGE_CURVE( '', #4006, #4300, #4447, .T. );
#3524 = FILL_AREA_STYLE( '', ( #4448 ) );
#3525 = EDGE_CURVE( '', #4255, #4123, #4449, .T. );
#3526 = FILL_AREA_STYLE( '', ( #4450 ) );
#3527 = EDGE_CURVE( '', #3882, #4116, #4451, .T. );
#3528 = EDGE_CURVE( '', #4118, #3881, #4452, .T. );
#3529 = FILL_AREA_STYLE( '', ( #4453 ) );
#3530 = EDGE_CURVE( '', #4327, #4373, #4454, .T. );
#3531 = EDGE_CURVE( '', #4019, #4322, #4455, .T. );
#3532 = FILL_AREA_STYLE( '', ( #4456 ) );
#3533 = EDGE_CURVE( '', #4457, #4458, #4459, .T. );
#3534 = EDGE_CURVE( '', #4457, #4460, #4461, .T. );
#3535 = EDGE_CURVE( '', #4462, #4460, #4463, .T. );
#3536 = EDGE_CURVE( '', #4458, #4462, #4464, .T. );
#3537 = FILL_AREA_STYLE( '', ( #4465 ) );
#3538 = EDGE_CURVE( '', #4260, #4167, #4466, .T. );
#3539 = FILL_AREA_STYLE( '', ( #4467 ) );
#3540 = EDGE_CURVE( '', #4385, #4468, #4469, .T. );
#3541 = EDGE_CURVE( '', #4468, #4408, #4470, .T. );
#3542 = EDGE_CURVE( '', #4266, #4471, #4472, .T. );
#3543 = EDGE_CURVE( '', #4460, #4471, #4473, .T. );
#3544 = EDGE_CURVE( '', #4474, #4457, #4475, .T. );
#3545 = EDGE_CURVE( '', #4474, #4476, #4477, .T. );
#3546 = EDGE_CURVE( '', #4476, #3997, #4478, .T. );
#3547 = EDGE_CURVE( '', #3995, #4479, #4480, .T. );
#3548 = EDGE_CURVE( '', #4479, #3972, #4481, .T. );
#3549 = FILL_AREA_STYLE( '', ( #4482 ) );
#3550 = EDGE_CURVE( '', #4483, #4397, #4484, .T. );
#3551 = EDGE_CURVE( '', #4483, #4074, #4485, .T. );
#3552 = FILL_AREA_STYLE( '', ( #4486 ) );
#3553 = EDGE_CURVE( '', #3923, #4487, #4488, .T. );
#3554 = EDGE_CURVE( '', #4487, #4489, #4490, .T. );
#3555 = EDGE_CURVE( '', #4489, #4491, #4492, .T. );
#3556 = EDGE_CURVE( '', #4491, #4028, #4493, .T. );
#3557 = FILL_AREA_STYLE( '', ( #4494 ) );
#3558 = EDGE_CURVE( '', #4112, #4495, #4496, .T. );
#3559 = EDGE_CURVE( '', #4128, #4495, #4497, .T. );
#3560 = FILL_AREA_STYLE( '', ( #4498 ) );
#3561 = EDGE_CURVE( '', #4391, #4022, #4499, .T. );
#3562 = EDGE_CURVE( '', #4419, #4458, #4500, .T. );
#3563 = EDGE_CURVE( '', #4462, #4421, #4501, .T. );
#3564 = FILL_AREA_STYLE( '', ( #4502 ) );
#3565 = EDGE_CURVE( '', #4271, #4046, #4503, .T. );
#3566 = EDGE_CURVE( '', #4273, #4051, #4504, .T. );
#3567 = FILL_AREA_STYLE( '', ( #4505 ) );
#3568 = EDGE_CURVE( '', #3931, #4136, #4506, .T. );
#3569 = FILL_AREA_STYLE( '', ( #4507 ) );
#3570 = EDGE_CURVE( '', #4430, #4508, #4509, .T. );
#3571 = EDGE_CURVE( '', #4508, #4510, #4511, .T. );
#3572 = EDGE_CURVE( '', #4223, #4510, #4512, .T. );
#3573 = EDGE_CURVE( '', #4283, #4513, #4514, .T. );
#3574 = EDGE_CURVE( '', #4513, #3947, #4515, .T. );
#3575 = FILL_AREA_STYLE( '', ( #4516 ) );
#3576 = EDGE_CURVE( '', #4056, #4437, #4517, .T. );
#3577 = EDGE_CURVE( '', #4055, #4435, #4518, .T. );
#3578 = FILL_AREA_STYLE( '', ( #4519 ) );
#3579 = EDGE_CURVE( '', #4049, #4275, #4520, .T. );
#3580 = EDGE_CURVE( '', #4047, #4270, #4521, .T. );
#3581 = EDGE_CURVE( '', #4495, #4522, #4523, .T. );
#3582 = EDGE_CURVE( '', #4141, #4522, #4524, .T. );
#3583 = EDGE_CURVE( '', #4076, #4139, #4525, .T. );
#3584 = EDGE_CURVE( '', #4483, #4526, #4527, .T. );
#3585 = EDGE_CURVE( '', #4526, #4097, #4528, .T. );
#3586 = EDGE_CURVE( '', #4098, #3886, #4529, .T. );
#3587 = EDGE_CURVE( '', #3884, #4114, #4530, .T. );
#3588 = FILL_AREA_STYLE( '', ( #4531 ) );
#3589 = EDGE_CURVE( '', #4183, #4532, #4533, .T. );
#3590 = EDGE_CURVE( '', #4293, #4532, #4534, .T. );
#3591 = FILL_AREA_STYLE( '', ( #4535 ) );
#3592 = EDGE_CURVE( '', #4536, #4367, #4537, .T. );
#3593 = EDGE_CURVE( '', #4345, #4536, #4538, .T. );
#3594 = FILL_AREA_STYLE( '', ( #4539 ) );
#3595 = EDGE_CURVE( '', #4128, #4540, #4541, .T. );
#3596 = EDGE_CURVE( '', #4143, #4540, #4542, .T. );
#3597 = FILL_AREA_STYLE( '', ( #4543 ) );
#3598 = EDGE_CURVE( '', #3937, #4158, #4544, .T. );
#3599 = FILL_AREA_STYLE( '', ( #4545 ) );
#3600 = EDGE_CURVE( '', #4546, #4281, #4547, .T. );
#3601 = EDGE_CURVE( '', #4513, #4546, #4548, .T. );
#3602 = FILL_AREA_STYLE( '', ( #4549 ) );
#3603 = EDGE_CURVE( '', #4323, #4024, #4550, .T. );
#3604 = EDGE_CURVE( '', #4024, #4392, #4551, .T. );
#3605 = EDGE_CURVE( '', #4392, #4325, #4552, .T. );
#3606 = FILL_AREA_STYLE( '', ( #4553 ) );
#3607 = EDGE_CURVE( '', #4474, #4308, #4554, .T. );
#3608 = EDGE_CURVE( '', #4474, #4418, #4555, .T. );
#3609 = EDGE_CURVE( '', #4556, #4418, #4557, .T. );
#3610 = EDGE_CURVE( '', #4556, #4001, #4558, .T. );
#3611 = FILL_AREA_STYLE( '', ( #4559 ) );
#3612 = EDGE_CURVE( '', #4355, #4508, #4560, .T. );
#3613 = FILL_AREA_STYLE( '', ( #4561 ) );
#3614 = EDGE_CURVE( '', #4078, #4442, #4562, .T. );
#3615 = EDGE_CURVE( '', #4080, #4440, #4563, .T. );
#3616 = FILL_AREA_STYLE( '', ( #4564 ) );
#3617 = EDGE_CURVE( '', #4565, #4565, #4566, .F. );
#3618 = FILL_AREA_STYLE( '', ( #4567 ) );
#3619 = EDGE_CURVE( '', #4241, #4568, #4569, .T. );
#3620 = EDGE_CURVE( '', #4568, #3921, #4570, .T. );
#3621 = FILL_AREA_STYLE( '', ( #4571 ) );
#3622 = EDGE_CURVE( '', #4433, #4058, #4572, .T. );
#3623 = FILL_AREA_STYLE( '', ( #4573 ) );
#3624 = EDGE_CURVE( '', #3929, #4137, #4574, .T. );
#3625 = FILL_AREA_STYLE( '', ( #4575 ) );
#3626 = FILL_AREA_STYLE( '', ( #4576 ) );
#3627 = EDGE_CURVE( '', #4487, #4568, #4577, .T. );
#3628 = FILL_AREA_STYLE( '', ( #4578 ) );
#3629 = EDGE_CURVE( '', #4579, #4536, #4580, .T. );
#3630 = EDGE_CURVE( '', #4579, #4369, #4581, .T. );
#3631 = EDGE_CURVE( '', #4203, #4582, #4583, .T. );
#3632 = EDGE_CURVE( '', #4289, #4582, #4584, .T. );
#3633 = FILL_AREA_STYLE( '', ( #4585 ) );
#3634 = FILL_AREA_STYLE( '', ( #4586 ) );
#3635 = EDGE_CURVE( '', #4587, #4332, #4588, .T. );
#3636 = EDGE_CURVE( '', #4546, #4587, #4589, .T. );
#3637 = FILL_AREA_STYLE( '', ( #4590 ) );
#3638 = EDGE_CURVE( '', #4582, #4591, #4592, .T. );
#3639 = EDGE_CURVE( '', #4591, #4202, #4593, .T. );
#3640 = FILL_AREA_STYLE( '', ( #4594 ) );
#3641 = EDGE_CURVE( '', #4471, #4311, #4595, .T. );
#3642 = FILL_AREA_STYLE( '', ( #4596 ) );
#3643 = EDGE_CURVE( '', #4597, #4598, #4599, .T. );
#3644 = EDGE_CURVE( '', #4413, #4598, #4600, .T. );
#3645 = EDGE_CURVE( '', #4411, #4597, #4601, .T. );
#3646 = FILL_AREA_STYLE( '', ( #4602 ) );
#3647 = FILL_AREA_STYLE( '', ( #4603 ) );
#3648 = EDGE_CURVE( '', #4191, #4526, #4604, .T. );
#3649 = EDGE_CURVE( '', #4253, #4122, #4605, .T. );
#3650 = FILL_AREA_STYLE( '', ( #4606 ) );
#3651 = EDGE_CURVE( '', #4540, #4522, #4607, .T. );
#3652 = FILL_AREA_STYLE( '', ( #4608 ) );
#3653 = FILL_AREA_STYLE( '', ( #4609 ) );
#3654 = EDGE_CURVE( '', #3973, #4610, #4611, .T. );
#3655 = EDGE_CURVE( '', #4612, #4610, #4613, .T. );
#3656 = EDGE_CURVE( '', #3975, #4612, #4614, .T. );
#3657 = FILL_AREA_STYLE( '', ( #4615 ) );
#3658 = FILL_AREA_STYLE( '', ( #4616 ) );
#3659 = EDGE_CURVE( '', #4239, #4489, #4617, .T. );
#3660 = FILL_AREA_STYLE( '', ( #4618 ) );
#3661 = EDGE_CURVE( '', #3877, #3964, #4619, .T. );
#3662 = FILL_AREA_STYLE( '', ( #4620 ) );
#3663 = EDGE_CURVE( '', #4232, #3914, #4621, .T. );
#3664 = EDGE_CURVE( '', #4234, #3868, #4622, .T. );
#3665 = FILL_AREA_STYLE( '', ( #4623 ) );
#3666 = FILL_AREA_STYLE( '', ( #4624 ) );
#3667 = EDGE_CURVE( '', #4287, #4591, #4625, .T. );
#3668 = FILL_AREA_STYLE( '', ( #4626 ) );
#3669 = EDGE_CURVE( '', #4185, #4471, #4627, .T. );
#3670 = EDGE_CURVE( '', #4187, #4004, #4628, .T. );
#3671 = FILL_AREA_STYLE( '', ( #4629 ) );
#3672 = FILL_AREA_STYLE( '', ( #4630 ) );
#3673 = EDGE_CURVE( '', #4610, #4468, #4631, .T. );
#3674 = EDGE_CURVE( '', #4612, #4316, #4632, .T. );
#3675 = FILL_AREA_STYLE( '', ( #4633 ) );
#3676 = EDGE_CURVE( '', #4598, #4319, #4634, .T. );
#3677 = FILL_AREA_STYLE( '', ( #4635 ) );
#3678 = EDGE_CURVE( '', #4510, #4353, #4636, .T. );
#3679 = FILL_AREA_STYLE( '', ( #4637 ) );
#3680 = FILL_AREA_STYLE( '', ( #4638 ) );
#3681 = EDGE_CURVE( '', #4639, #4597, #4640, .T. );
#3682 = EDGE_CURVE( '', #4409, #4639, #4641, .T. );
#3683 = FILL_AREA_STYLE( '', ( #4642 ) );
#3684 = FILL_AREA_STYLE( '', ( #4643 ) );
#3685 = EDGE_CURVE( '', #4476, #4306, #4644, .T. );
#3686 = FILL_AREA_STYLE( '', ( #4645 ) );
#3687 = FILL_AREA_STYLE( '', ( #4646 ) );
#3688 = FILL_AREA_STYLE( '', ( #4647 ) );
#3689 = FILL_AREA_STYLE( '', ( #4648 ) );
#3690 = EDGE_CURVE( '', #4532, #3901, #4649, .T. );
#3691 = EDGE_CURVE( '', #3902, #4556, #4650, .T. );
#3692 = FILL_AREA_STYLE( '', ( #4651 ) );
#3693 = FILL_AREA_STYLE( '', ( #4652 ) );
#3694 = FILL_AREA_STYLE( '', ( #4653 ) );
#3695 = EDGE_CURVE( '', #3939, #4156, #4654, .T. );
#3696 = FILL_AREA_STYLE( '', ( #4655 ) );
#3697 = EDGE_CURVE( '', #4363, #4491, #4656, .T. );
#3698 = FILL_AREA_STYLE( '', ( #4657 ) );
#3699 = FILL_AREA_STYLE( '', ( #4658 ) );
#3700 = FILL_AREA_STYLE( '', ( #4659 ) );
#3701 = FILL_AREA_STYLE( '', ( #4660 ) );
#3702 = FILL_AREA_STYLE( '', ( #4661 ) );
#3703 = FILL_AREA_STYLE( '', ( #4662 ) );
#3704 = EDGE_CURVE( '', #4217, #4587, #4663, .T. );
#3705 = FILL_AREA_STYLE( '', ( #4664 ) );
#3706 = FILL_AREA_STYLE( '', ( #4665 ) );
#3707 = FILL_AREA_STYLE( '', ( #4666 ) );
#3708 = EDGE_CURVE( '', #4479, #4639, #4667, .T. );
#3709 = FILL_AREA_STYLE( '', ( #4668 ) );
#3710 = FILL_AREA_STYLE( '', ( #4669 ) );
#3711 = FILL_AREA_STYLE( '', ( #4670 ) );
#3712 = FILL_AREA_STYLE( '', ( #4671 ) );
#3713 = EDGE_CURVE( '', #4347, #4579, #4672, .T. );
#3714 = FILL_AREA_STYLE( '', ( #4673 ) );
#3715 = FILL_AREA_STYLE( '', ( #4674 ) );
#3716 = FILL_AREA_STYLE( '', ( #4675 ) );
#3717 = FILL_AREA_STYLE( '', ( #4676 ) );
#3718 = FILL_AREA_STYLE( '', ( #4677 ) );
#3719 = FILL_AREA_STYLE( '', ( #4678 ) );
#3720 = FILL_AREA_STYLE( '', ( #4679 ) );
#3721 = FILL_AREA_STYLE( '', ( #4680 ) );
#3722 = FILL_AREA_STYLE( '', ( #4681 ) );
#3723 = EDGE_LOOP( '', ( #4682, #4683, #4684, #4685, #4686, #4687, #4688, #4689 ) );
#3724 = AXIS2_PLACEMENT_3D( '', #4690, #4691, #4692 );
#3725 = EDGE_LOOP( '', ( #4693, #4694, #4695, #4696 ) );
#3726 = AXIS2_PLACEMENT_3D( '', #4697, #4698, #4699 );
#3727 = EDGE_LOOP( '', ( #4700, #4701, #4702, #4703 ) );
#3728 = AXIS2_PLACEMENT_3D( '', #4704, #4705, #4706 );
#3729 = EDGE_LOOP( '', ( #4707, #4708, #4709, #4710 ) );
#3730 = AXIS2_PLACEMENT_3D( '', #4711, #4712, #4713 );
#3731 = EDGE_LOOP( '', ( #4714, #4715, #4716, #4717 ) );
#3732 = AXIS2_PLACEMENT_3D( '', #4718, #4719, #4720 );
#3733 = EDGE_LOOP( '', ( #4721, #4722, #4723, #4724, #4725, #4726, #4727, #4728 ) );
#3734 = AXIS2_PLACEMENT_3D( '', #4729, #4730, #4731 );
#3735 = EDGE_LOOP( '', ( #4732, #4733, #4734, #4735 ) );
#3736 = AXIS2_PLACEMENT_3D( '', #4736, #4737, #4738 );
#3737 = EDGE_LOOP( '', ( #4739, #4740, #4741, #4742, #4743, #4744, #4745, #4746 ) );
#3738 = AXIS2_PLACEMENT_3D( '', #4747, #4748, #4749 );
#3739 = EDGE_LOOP( '', ( #4750, #4751, #4752, #4753 ) );
#3740 = AXIS2_PLACEMENT_3D( '', #4754, #4755, #4756 );
#3741 = EDGE_LOOP( '', ( #4757, #4758, #4759, #4760 ) );
#3742 = AXIS2_PLACEMENT_3D( '', #4761, #4762, #4763 );
#3743 = EDGE_LOOP( '', ( #4764, #4765, #4766, #4767, #4768, #4769, #4770, #4771 ) );
#3744 = AXIS2_PLACEMENT_3D( '', #4772, #4773, #4774 );
#3745 = EDGE_LOOP( '', ( #4775, #4776, #4777, #4778 ) );
#3746 = AXIS2_PLACEMENT_3D( '', #4779, #4780, #4781 );
#3747 = EDGE_LOOP( '', ( #4782, #4783, #4784, #4785 ) );
#3748 = AXIS2_PLACEMENT_3D( '', #4786, #4787, #4788 );
#3749 = EDGE_LOOP( '', ( #4789, #4790, #4791, #4792 ) );
#3750 = AXIS2_PLACEMENT_3D( '', #4793, #4794, #4795 );
#3751 = EDGE_LOOP( '', ( #4796, #4797, #4798, #4799, #4800, #4801, #4802, #4803 ) );
#3752 = AXIS2_PLACEMENT_3D( '', #4804, #4805, #4806 );
#3753 = EDGE_LOOP( '', ( #4807, #4808, #4809, #4810, #4811, #4812, #4813, #4814 ) );
#3754 = AXIS2_PLACEMENT_3D( '', #4815, #4816, #4817 );
#3755 = EDGE_LOOP( '', ( #4818, #4819, #4820, #4821 ) );
#3756 = AXIS2_PLACEMENT_3D( '', #4822, #4823, #4824 );
#3757 = EDGE_LOOP( '', ( #4825, #4826, #4827, #4828 ) );
#3758 = AXIS2_PLACEMENT_3D( '', #4829, #4830, #4831 );
#3759 = EDGE_LOOP( '', ( #4832, #4833, #4834, #4835, #4836, #4837, #4838, #4839 ) );
#3760 = AXIS2_PLACEMENT_3D( '', #4840, #4841, #4842 );
#3761 = EDGE_LOOP( '', ( #4843, #4844, #4845, #4846, #4847, #4848, #4849, #4850 ) );
#3762 = AXIS2_PLACEMENT_3D( '', #4851, #4852, #4853 );
#3763 = EDGE_LOOP( '', ( #4854, #4855, #4856, #4857, #4858, #4859, #4860, #4861 ) );
#3764 = AXIS2_PLACEMENT_3D( '', #4862, #4863, #4864 );
#3765 = EDGE_LOOP( '', ( #4865, #4866, #4867, #4868 ) );
#3766 = AXIS2_PLACEMENT_3D( '', #4869, #4870, #4871 );
#3767 = EDGE_LOOP( '', ( #4872, #4873, #4874, #4875, #4876, #4877, #4878, #4879 ) );
#3768 = AXIS2_PLACEMENT_3D( '', #4880, #4881, #4882 );
#3769 = EDGE_LOOP( '', ( #4883, #4884, #4885, #4886 ) );
#3770 = AXIS2_PLACEMENT_3D( '', #4887, #4888, #4889 );
#3771 = EDGE_LOOP( '', ( #4890, #4891, #4892, #4893 ) );
#3772 = AXIS2_PLACEMENT_3D( '', #4894, #4895, #4896 );
#3773 = EDGE_LOOP( '', ( #4897, #4898, #4899, #4900 ) );
#3774 = AXIS2_PLACEMENT_3D( '', #4901, #4902, #4903 );
#3775 = EDGE_LOOP( '', ( #4904, #4905, #4906, #4907 ) );
#3776 = AXIS2_PLACEMENT_3D( '', #4908, #4909, #4910 );
#3777 = EDGE_LOOP( '', ( #4911, #4912, #4913, #4914 ) );
#3778 = AXIS2_PLACEMENT_3D( '', #4915, #4916, #4917 );
#3779 = EDGE_LOOP( '', ( #4918, #4919, #4920, #4921 ) );
#3780 = AXIS2_PLACEMENT_3D( '', #4922, #4923, #4924 );
#3781 = EDGE_LOOP( '', ( #4925, #4926, #4927, #4928 ) );
#3782 = AXIS2_PLACEMENT_3D( '', #4929, #4930, #4931 );
#3783 = EDGE_LOOP( '', ( #4932, #4933, #4934, #4935 ) );
#3784 = AXIS2_PLACEMENT_3D( '', #4936, #4937, #4938 );
#3785 = EDGE_LOOP( '', ( #4939, #4940, #4941, #4942 ) );
#3786 = AXIS2_PLACEMENT_3D( '', #4943, #4944, #4945 );
#3787 = EDGE_LOOP( '', ( #4946, #4947, #4948, #4949, #4950, #4951, #4952, #4953 ) );
#3788 = AXIS2_PLACEMENT_3D( '', #4954, #4955, #4956 );
#3789 = EDGE_LOOP( '', ( #4957, #4958, #4959, #4960 ) );
#3790 = AXIS2_PLACEMENT_3D( '', #4961, #4962, #4963 );
#3791 = EDGE_LOOP( '', ( #4964, #4965, #4966, #4967, #4968, #4969, #4970, #4971 ) );
#3792 = AXIS2_PLACEMENT_3D( '', #4972, #4973, #4974 );
#3793 = EDGE_LOOP( '', ( #4975, #4976, #4977, #4978 ) );
#3794 = AXIS2_PLACEMENT_3D( '', #4979, #4980, #4981 );
#3795 = EDGE_LOOP( '', ( #4982, #4983, #4984, #4985 ) );
#3796 = AXIS2_PLACEMENT_3D( '', #4986, #4987, #4988 );
#3797 = EDGE_LOOP( '', ( #4989, #4990, #4991, #4992, #4993, #4994, #4995, #4996 ) );
#3798 = AXIS2_PLACEMENT_3D( '', #4997, #4998, #4999 );
#3799 = EDGE_LOOP( '', ( #5000, #5001, #5002, #5003 ) );
#3800 = AXIS2_PLACEMENT_3D( '', #5004, #5005, #5006 );
#3801 = EDGE_LOOP( '', ( #5007, #5008, #5009, #5010, #5011, #5012, #5013, #5014 ) );
#3802 = AXIS2_PLACEMENT_3D( '', #5015, #5016, #5017 );
#3803 = EDGE_LOOP( '', ( #5018, #5019, #5020, #5021 ) );
#3804 = AXIS2_PLACEMENT_3D( '', #5022, #5023, #5024 );
#3805 = EDGE_LOOP( '', ( #5025, #5026, #5027, #5028 ) );
#3806 = AXIS2_PLACEMENT_3D( '', #5029, #5030, #5031 );
#3807 = EDGE_LOOP( '', ( #5032, #5033, #5034, #5035 ) );
#3808 = AXIS2_PLACEMENT_3D( '', #5036, #5037, #5038 );
#3809 = EDGE_LOOP( '', ( #5039, #5040, #5041, #5042, #5043, #5044, #5045, #5046 ) );
#3810 = AXIS2_PLACEMENT_3D( '', #5047, #5048, #5049 );
#3811 = EDGE_LOOP( '', ( #5050, #5051, #5052, #5053 ) );
#3812 = AXIS2_PLACEMENT_3D( '', #5054, #5055, #5056 );
#3813 = EDGE_LOOP( '', ( #5057, #5058, #5059, #5060, #5061, #5062, #5063, #5064 ) );
#3814 = AXIS2_PLACEMENT_3D( '', #5065, #5066, #5067 );
#3815 = EDGE_LOOP( '', ( #5068, #5069, #5070, #5071 ) );
#3816 = AXIS2_PLACEMENT_3D( '', #5072, #5073, #5074 );
#3817 = EDGE_LOOP( '', ( #5075, #5076, #5077, #5078, #5079, #5080, #5081, #5082 ) );
#3818 = AXIS2_PLACEMENT_3D( '', #5083, #5084, #5085 );
#3819 = EDGE_LOOP( '', ( #5086, #5087, #5088, #5089 ) );
#3820 = AXIS2_PLACEMENT_3D( '', #5090, #5091, #5092 );
#3821 = EDGE_LOOP( '', ( #5093, #5094, #5095, #5096, #5097, #5098, #5099, #5100 ) );
#3822 = AXIS2_PLACEMENT_3D( '', #5101, #5102, #5103 );
#3823 = EDGE_LOOP( '', ( #5104, #5105, #5106, #5107 ) );
#3824 = AXIS2_PLACEMENT_3D( '', #5108, #5109, #5110 );
#3825 = EDGE_LOOP( '', ( #5111, #5112, #5113, #5114 ) );
#3826 = AXIS2_PLACEMENT_3D( '', #5115, #5116, #5117 );
#3827 = EDGE_LOOP( '', ( #5118, #5119, #5120, #5121 ) );
#3828 = AXIS2_PLACEMENT_3D( '', #5122, #5123, #5124 );
#3829 = EDGE_LOOP( '', ( #5125, #5126, #5127, #5128 ) );
#3830 = AXIS2_PLACEMENT_3D( '', #5129, #5130, #5131 );
#3831 = EDGE_LOOP( '', ( #5132, #5133, #5134, #5135 ) );
#3832 = AXIS2_PLACEMENT_3D( '', #5136, #5137, #5138 );
#3833 = EDGE_LOOP( '', ( #5139, #5140, #5141, #5142, #5143, #5144, #5145, #5146 ) );
#3834 = AXIS2_PLACEMENT_3D( '', #5147, #5148, #5149 );
#3835 = EDGE_LOOP( '', ( #5150, #5151, #5152, #5153 ) );
#3836 = AXIS2_PLACEMENT_3D( '', #5154, #5155, #5156 );
#3837 = EDGE_LOOP( '', ( #5157, #5158, #5159, #5160 ) );
#3838 = AXIS2_PLACEMENT_3D( '', #5161, #5162, #5163 );
#3839 = EDGE_LOOP( '', ( #5164, #5165, #5166, #5167 ) );
#3840 = AXIS2_PLACEMENT_3D( '', #5168, #5169, #5170 );
#3841 = EDGE_LOOP( '', ( #5171, #5172, #5173, #5174, #5175, #5176, #5177, #5178 ) );
#3842 = AXIS2_PLACEMENT_3D( '', #5179, #5180, #5181 );
#3843 = EDGE_LOOP( '', ( #5182, #5183, #5184, #5185, #5186, #5187, #5188, #5189 ) );
#3844 = AXIS2_PLACEMENT_3D( '', #5190, #5191, #5192 );
#3845 = EDGE_LOOP( '', ( #5193, #5194, #5195, #5196 ) );
#3846 = AXIS2_PLACEMENT_3D( '', #5197, #5198, #5199 );
#3847 = EDGE_LOOP( '', ( #5200, #5201, #5202, #5203 ) );
#3848 = AXIS2_PLACEMENT_3D( '', #5204, #5205, #5206 );
#3849 = EDGE_LOOP( '', ( #5207, #5208, #5209, #5210, #5211, #5212, #5213, #5214 ) );
#3850 = AXIS2_PLACEMENT_3D( '', #5215, #5216, #5217 );
#3851 = EDGE_LOOP( '', ( #5218, #5219, #5220, #5221 ) );
#3852 = AXIS2_PLACEMENT_3D( '', #5222, #5223, #5224 );
#3853 = EDGE_LOOP( '', ( #5225, #5226, #5227, #5228 ) );
#3854 = AXIS2_PLACEMENT_3D( '', #5229, #5230, #5231 );
#3855 = EDGE_LOOP( '', ( #5232, #5233, #5234, #5235 ) );
#3856 = AXIS2_PLACEMENT_3D( '', #5236, #5237, #5238 );
#3857 = EDGE_LOOP( '', ( #5239, #5240, #5241, #5242 ) );
#3858 = AXIS2_PLACEMENT_3D( '', #5243, #5244, #5245 );
#3859 = EDGE_LOOP( '', ( #5246, #5247, #5248, #5249, #5250, #5251, #5252, #5253 ) );
#3860 = AXIS2_PLACEMENT_3D( '', #5254, #5255, #5256 );
#3861 = EDGE_LOOP( '', ( #5257, #5258, #5259, #5260 ) );
#3862 = AXIS2_PLACEMENT_3D( '', #5261, #5262, #5263 );
#3863 = EDGE_LOOP( '', ( #5264, #5265, #5266, #5267 ) );
#3864 = AXIS2_PLACEMENT_3D( '', #5268, #5269, #5270 );
#3865 = EDGE_LOOP( '', ( #5271, #5272, #5273, #5274, #5275, #5276, #5277, #5278 ) );
#3866 = AXIS2_PLACEMENT_3D( '', #5279, #5280, #5281 );
#3867 = FILL_AREA_STYLE_COLOUR( '', #5282 );
#3868 = VERTEX_POINT( '', #5283 );
#3869 = VERTEX_POINT( '', #5284 );
#3870 = LINE( '', #5285, #5286 );
#3871 = VERTEX_POINT( '', #5287 );
#3872 = LINE( '', #5288, #5289 );
#3873 = VERTEX_POINT( '', #5290 );
#3874 = LINE( '', #5291, #5292 );
#3875 = VERTEX_POINT( '', #5293 );
#3876 = LINE( '', #5294, #5295 );
#3877 = VERTEX_POINT( '', #5296 );
#3878 = LINE( '', #5297, #5298 );
#3879 = LINE( '', #5299, #5300 );
#3880 = FILL_AREA_STYLE_COLOUR( '', #5301 );
#3881 = VERTEX_POINT( '', #5302 );
#3882 = VERTEX_POINT( '', #5303 );
#3883 = LINE( '', #5304, #5305 );
#3884 = VERTEX_POINT( '', #5306 );
#3885 = LINE( '', #5307, #5308 );
#3886 = VERTEX_POINT( '', #5309 );
#3887 = LINE( '', #5310, #5311 );
#3888 = LINE( '', #5312, #5313 );
#3889 = FILL_AREA_STYLE_COLOUR( '', #5314 );
#3890 = VERTEX_POINT( '', #5315 );
#3891 = VERTEX_POINT( '', #5316 );
#3892 = LINE( '', #5317, #5318 );
#3893 = VERTEX_POINT( '', #5319 );
#3894 = LINE( '', #5320, #5321 );
#3895 = VERTEX_POINT( '', #5322 );
#3896 = LINE( '', #5323, #5324 );
#3897 = VERTEX_POINT( '', #5325 );
#3898 = LINE( '', #5326, #5327 );
#3899 = LINE( '', #5328, #5329 );
#3900 = FILL_AREA_STYLE_COLOUR( '', #5330 );
#3901 = VERTEX_POINT( '', #5331 );
#3902 = VERTEX_POINT( '', #5332 );
#3903 = LINE( '', #5333, #5334 );
#3904 = VERTEX_POINT( '', #5335 );
#3905 = LINE( '', #5336, #5337 );
#3906 = VERTEX_POINT( '', #5338 );
#3907 = LINE( '', #5339, #5340 );
#3908 = VERTEX_POINT( '', #5341 );
#3909 = LINE( '', #5342, #5343 );
#3910 = VERTEX_POINT( '', #5344 );
#3911 = LINE( '', #5345, #5346 );
#3912 = LINE( '', #5347, #5348 );
#3913 = FILL_AREA_STYLE_COLOUR( '', #5349 );
#3914 = VERTEX_POINT( '', #5350 );
#3915 = LINE( '', #5351, #5352 );
#3916 = VERTEX_POINT( '', #5353 );
#3917 = LINE( '', #5354, #5355 );
#3918 = LINE( '', #5356, #5357 );
#3919 = FILL_AREA_STYLE_COLOUR( '', #5358 );
#3920 = VERTEX_POINT( '', #5359 );
#3921 = VERTEX_POINT( '', #5360 );
#3922 = LINE( '', #5361, #5362 );
#3923 = VERTEX_POINT( '', #5363 );
#3924 = LINE( '', #5364, #5365 );
#3925 = VERTEX_POINT( '', #5366 );
#3926 = LINE( '', #5367, #5368 );
#3927 = VERTEX_POINT( '', #5369 );
#3928 = LINE( '', #5370, #5371 );
#3929 = VERTEX_POINT( '', #5372 );
#3930 = LINE( '', #5373, #5374 );
#3931 = VERTEX_POINT( '', #5375 );
#3932 = LINE( '', #5376, #5377 );
#3933 = VERTEX_POINT( '', #5378 );
#3934 = LINE( '', #5379, #5380 );
#3935 = VERTEX_POINT( '', #5381 );
#3936 = LINE( '', #5382, #5383 );
#3937 = VERTEX_POINT( '', #5384 );
#3938 = LINE( '', #5385, #5386 );
#3939 = VERTEX_POINT( '', #5387 );
#3940 = LINE( '', #5388, #5389 );
#3941 = VERTEX_POINT( '', #5390 );
#3942 = LINE( '', #5391, #5392 );
#3943 = VERTEX_POINT( '', #5393 );
#3944 = LINE( '', #5394, #5395 );
#3945 = VERTEX_POINT( '', #5396 );
#3946 = LINE( '', #5397, #5398 );
#3947 = VERTEX_POINT( '', #5399 );
#3948 = LINE( '', #5400, #5401 );
#3949 = VERTEX_POINT( '', #5402 );
#3950 = LINE( '', #5403, #5404 );
#3951 = VERTEX_POINT( '', #5405 );
#3952 = LINE( '', #5406, #5407 );
#3953 = VERTEX_POINT( '', #5408 );
#3954 = LINE( '', #5409, #5410 );
#3955 = LINE( '', #5411, #5412 );
#3956 = FILL_AREA_STYLE_COLOUR( '', #5413 );
#3957 = VERTEX_POINT( '', #5414 );
#3958 = VERTEX_POINT( '', #5415 );
#3959 = LINE( '', #5416, #5417 );
#3960 = LINE( '', #5418, #5419 );
#3961 = LINE( '', #5420, #5421 );
#3962 = FILL_AREA_STYLE_COLOUR( '', #5422 );
#3963 = VERTEX_POINT( '', #5423 );
#3964 = VERTEX_POINT( '', #5424 );
#3965 = LINE( '', #5425, #5426 );
#3966 = VERTEX_POINT( '', #5427 );
#3967 = LINE( '', #5428, #5429 );
#3968 = VERTEX_POINT( '', #5430 );
#3969 = LINE( '', #5431, #5432 );
#3970 = LINE( '', #5433, #5434 );
#3971 = FILL_AREA_STYLE_COLOUR( '', #5435 );
#3972 = VERTEX_POINT( '', #5436 );
#3973 = VERTEX_POINT( '', #5437 );
#3974 = LINE( '', #5438, #5439 );
#3975 = VERTEX_POINT( '', #5440 );
#3976 = LINE( '', #5441, #5442 );
#3977 = VERTEX_POINT( '', #5443 );
#3978 = LINE( '', #5444, #5445 );
#3979 = VERTEX_POINT( '', #5446 );
#3980 = LINE( '', #5447, #5448 );
#3981 = LINE( '', #5449, #5450 );
#3982 = FILL_AREA_STYLE_COLOUR( '', #5451 );
#3983 = VERTEX_POINT( '', #5452 );
#3984 = VERTEX_POINT( '', #5453 );
#3985 = LINE( '', #5454, #5455 );
#3986 = VERTEX_POINT( '', #5456 );
#3987 = LINE( '', #5457, #5458 );
#3988 = VERTEX_POINT( '', #5459 );
#3989 = LINE( '', #5460, #5461 );
#3990 = LINE( '', #5462, #5463 );
#3991 = FILL_AREA_STYLE_COLOUR( '', #5464 );
#3992 = VERTEX_POINT( '', #5465 );
#3993 = VERTEX_POINT( '', #5466 );
#3994 = LINE( '', #5467, #5468 );
#3995 = VERTEX_POINT( '', #5469 );
#3996 = LINE( '', #5470, #5471 );
#3997 = VERTEX_POINT( '', #5472 );
#3998 = LINE( '', #5473, #5474 );
#3999 = LINE( '', #5475, #5476 );
#4000 = FILL_AREA_STYLE_COLOUR( '', #5477 );
#4001 = VERTEX_POINT( '', #5478 );
#4002 = VERTEX_POINT( '', #5479 );
#4003 = LINE( '', #5480, #5481 );
#4004 = VERTEX_POINT( '', #5482 );
#4005 = LINE( '', #5483, #5484 );
#4006 = VERTEX_POINT( '', #5485 );
#4007 = LINE( '', #5486, #5487 );
#4008 = LINE( '', #5488, #5489 );
#4009 = FILL_AREA_STYLE_COLOUR( '', #5490 );
#4010 = VERTEX_POINT( '', #5491 );
#4011 = VERTEX_POINT( '', #5492 );
#4012 = LINE( '', #5493, #5494 );
#4013 = VERTEX_POINT( '', #5495 );
#4014 = LINE( '', #5496, #5497 );
#4015 = VERTEX_POINT( '', #5498 );
#4016 = LINE( '', #5499, #5500 );
#4017 = LINE( '', #5501, #5502 );
#4018 = FILL_AREA_STYLE_COLOUR( '', #5503 );
#4019 = VERTEX_POINT( '', #5504 );
#4020 = VERTEX_POINT( '', #5505 );
#4021 = LINE( '', #5506, #5507 );
#4022 = VERTEX_POINT( '', #5508 );
#4023 = LINE( '', #5509, #5510 );
#4024 = VERTEX_POINT( '', #5511 );
#4025 = LINE( '', #5512, #5513 );
#4026 = LINE( '', #5514, #5515 );
#4027 = FILL_AREA_STYLE_COLOUR( '', #5516 );
#4028 = VERTEX_POINT( '', #5517 );
#4029 = LINE( '', #5518, #5519 );
#4030 = VERTEX_POINT( '', #5520 );
#4031 = LINE( '', #5521, #5522 );
#4032 = VERTEX_POINT( '', #5523 );
#4033 = LINE( '', #5524, #5525 );
#4034 = LINE( '', #5526, #5527 );
#4035 = LINE( '', #5528, #5529 );
#4036 = VERTEX_POINT( '', #5530 );
#4037 = LINE( '', #5531, #5532 );
#4038 = LINE( '', #5533, #5534 );
#4039 = FILL_AREA_STYLE_COLOUR( '', #5535 );
#4040 = VERTEX_POINT( '', #5536 );
#4041 = VERTEX_POINT( '', #5537 );
#4042 = LINE( '', #5538, #5539 );
#4043 = LINE( '', #5540, #5541 );
#4044 = LINE( '', #5542, #5543 );
#4045 = FILL_AREA_STYLE_COLOUR( '', #5544 );
#4046 = VERTEX_POINT( '', #5545 );
#4047 = VERTEX_POINT( '', #5546 );
#4048 = LINE( '', #5547, #5548 );
#4049 = VERTEX_POINT( '', #5549 );
#4050 = LINE( '', #5550, #5551 );
#4051 = VERTEX_POINT( '', #5552 );
#4052 = LINE( '', #5553, #5554 );
#4053 = LINE( '', #5555, #5556 );
#4054 = FILL_AREA_STYLE_COLOUR( '', #5557 );
#4055 = VERTEX_POINT( '', #5558 );
#4056 = VERTEX_POINT( '', #5559 );
#4057 = LINE( '', #5560, #5561 );
#4058 = VERTEX_POINT( '', #5562 );
#4059 = LINE( '', #5563, #5564 );
#4060 = VERTEX_POINT( '', #5565 );
#4061 = LINE( '', #5566, #5567 );
#4062 = VERTEX_POINT( '', #5568 );
#4063 = LINE( '', #5569, #5570 );
#4064 = VERTEX_POINT( '', #5571 );
#4065 = LINE( '', #5572, #5573 );
#4066 = VERTEX_POINT( '', #5574 );
#4067 = LINE( '', #5575, #5576 );
#4068 = VERTEX_POINT( '', #5577 );
#4069 = LINE( '', #5578, #5579 );
#4070 = VERTEX_POINT( '', #5580 );
#4071 = LINE( '', #5581, #5582 );
#4072 = VERTEX_POINT( '', #5583 );
#4073 = LINE( '', #5584, #5585 );
#4074 = VERTEX_POINT( '', #5586 );
#4075 = LINE( '', #5587, #5588 );
#4076 = VERTEX_POINT( '', #5589 );
#4077 = LINE( '', #5590, #5591 );
#4078 = VERTEX_POINT( '', #5592 );
#4079 = LINE( '', #5593, #5594 );
#4080 = VERTEX_POINT( '', #5595 );
#4081 = LINE( '', #5596, #5597 );
#4082 = VERTEX_POINT( '', #5598 );
#4083 = LINE( '', #5599, #5600 );
#4084 = VERTEX_POINT( '', #5601 );
#4085 = LINE( '', #5602, #5603 );
#4086 = LINE( '', #5604, #5605 );
#4087 = FILL_AREA_STYLE_COLOUR( '', #5606 );
#4088 = VERTEX_POINT( '', #5607 );
#4089 = VERTEX_POINT( '', #5608 );
#4090 = LINE( '', #5609, #5610 );
#4091 = VERTEX_POINT( '', #5611 );
#4092 = LINE( '', #5612, #5613 );
#4093 = VERTEX_POINT( '', #5614 );
#4094 = LINE( '', #5615, #5616 );
#4095 = LINE( '', #5617, #5618 );
#4096 = FILL_AREA_STYLE_COLOUR( '', #5619 );
#4097 = VERTEX_POINT( '', #5620 );
#4098 = VERTEX_POINT( '', #5621 );
#4099 = LINE( '', #5622, #5623 );
#4100 = VERTEX_POINT( '', #5624 );
#4101 = LINE( '', #5625, #5626 );
#4102 = VERTEX_POINT( '', #5627 );
#4103 = LINE( '', #5628, #5629 );
#4104 = VERTEX_POINT( '', #5630 );
#4105 = LINE( '', #5631, #5632 );
#4106 = VERTEX_POINT( '', #5633 );
#4107 = LINE( '', #5634, #5635 );
#4108 = VERTEX_POINT( '', #5636 );
#4109 = LINE( '', #5637, #5638 );
#4110 = VERTEX_POINT( '', #5639 );
#4111 = LINE( '', #5640, #5641 );
#4112 = VERTEX_POINT( '', #5642 );
#4113 = LINE( '', #5643, #5644 );
#4114 = VERTEX_POINT( '', #5645 );
#4115 = LINE( '', #5646, #5647 );
#4116 = VERTEX_POINT( '', #5648 );
#4117 = LINE( '', #5649, #5650 );
#4118 = VERTEX_POINT( '', #5651 );
#4119 = LINE( '', #5652, #5653 );
#4120 = LINE( '', #5654, #5655 );
#4121 = FILL_AREA_STYLE_COLOUR( '', #5656 );
#4122 = VERTEX_POINT( '', #5657 );
#4123 = VERTEX_POINT( '', #5658 );
#4124 = LINE( '', #5659, #5660 );
#4125 = LINE( '', #5661, #5662 );
#4126 = LINE( '', #5663, #5664 );
#4127 = FILL_AREA_STYLE_COLOUR( '', #5665 );
#4128 = VERTEX_POINT( '', #5666 );
#4129 = LINE( '', #5667, #5668 );
#4130 = VERTEX_POINT( '', #5669 );
#4131 = LINE( '', #5670, #5671 );
#4132 = VERTEX_POINT( '', #5672 );
#4133 = LINE( '', #5673, #5674 );
#4134 = LINE( '', #5675, #5676 );
#4135 = FILL_AREA_STYLE_COLOUR( '', #5677 );
#4136 = VERTEX_POINT( '', #5678 );
#4137 = VERTEX_POINT( '', #5679 );
#4138 = LINE( '', #5680, #5681 );
#4139 = VERTEX_POINT( '', #5682 );
#4140 = LINE( '', #5683, #5684 );
#4141 = VERTEX_POINT( '', #5685 );
#4142 = LINE( '', #5686, #5687 );
#4143 = VERTEX_POINT( '', #5688 );
#4144 = LINE( '', #5689, #5690 );
#4145 = LINE( '', #5691, #5692 );
#4146 = VERTEX_POINT( '', #5693 );
#4147 = LINE( '', #5694, #5695 );
#4148 = VERTEX_POINT( '', #5696 );
#4149 = LINE( '', #5697, #5698 );
#4150 = VERTEX_POINT( '', #5699 );
#4151 = LINE( '', #5700, #5701 );
#4152 = VERTEX_POINT( '', #5702 );
#4153 = LINE( '', #5703, #5704 );
#4154 = VERTEX_POINT( '', #5705 );
#4155 = LINE( '', #5706, #5707 );
#4156 = VERTEX_POINT( '', #5708 );
#4157 = LINE( '', #5709, #5710 );
#4158 = VERTEX_POINT( '', #5711 );
#4159 = LINE( '', #5712, #5713 );
#4160 = VERTEX_POINT( '', #5714 );
#4161 = LINE( '', #5715, #5716 );
#4162 = VERTEX_POINT( '', #5717 );
#4163 = LINE( '', #5718, #5719 );
#4164 = LINE( '', #5720, #5721 );
#4165 = FILL_AREA_STYLE_COLOUR( '', #5722 );
#4166 = VERTEX_POINT( '', #5723 );
#4167 = VERTEX_POINT( '', #5724 );
#4168 = LINE( '', #5725, #5726 );
#4169 = LINE( '', #5727, #5728 );
#4170 = LINE( '', #5729, #5730 );
#4171 = FILL_AREA_STYLE_COLOUR( '', #5731 );
#4172 = VERTEX_POINT( '', #5732 );
#4173 = LINE( '', #5733, #5734 );
#4174 = VERTEX_POINT( '', #5735 );
#4175 = LINE( '', #5736, #5737 );
#4176 = LINE( '', #5738, #5739 );
#4177 = FILL_AREA_STYLE_COLOUR( '', #5740 );
#4178 = VERTEX_POINT( '', #5741 );
#4179 = CIRCLE( '', #5742, 0.400000000000000 );
#4180 = VERTEX_POINT( '', #5743 );
#4181 = CIRCLE( '', #5744, 0.600000000000000 );
#4182 = FILL_AREA_STYLE_COLOUR( '', #5745 );
#4183 = VERTEX_POINT( '', #5746 );
#4184 = LINE( '', #5747, #5748 );
#4185 = VERTEX_POINT( '', #5749 );
#4186 = LINE( '', #5750, #5751 );
#4187 = VERTEX_POINT( '', #5752 );
#4188 = LINE( '', #5753, #5754 );
#4189 = LINE( '', #5755, #5756 );
#4190 = FILL_AREA_STYLE_COLOUR( '', #5757 );
#4191 = VERTEX_POINT( '', #5758 );
#4192 = LINE( '', #5759, #5760 );
#4193 = LINE( '', #5761, #5762 );
#4194 = FILL_AREA_STYLE_COLOUR( '', #5763 );
#4195 = LINE( '', #5764, #5765 );
#4196 = LINE( '', #5766, #5767 );
#4197 = FILL_AREA_STYLE_COLOUR( '', #5768 );
#4198 = VERTEX_POINT( '', #5769 );
#4199 = LINE( '', #5770, #5771 );
#4200 = LINE( '', #5772, #5773 );
#4201 = FILL_AREA_STYLE_COLOUR( '', #5774 );
#4202 = VERTEX_POINT( '', #5775 );
#4203 = VERTEX_POINT( '', #5776 );
#4204 = LINE( '', #5777, #5778 );
#4205 = VERTEX_POINT( '', #5779 );
#4206 = LINE( '', #5780, #5781 );
#4207 = VERTEX_POINT( '', #5782 );
#4208 = LINE( '', #5783, #5784 );
#4209 = LINE( '', #5785, #5786 );
#4210 = FILL_AREA_STYLE_COLOUR( '', #5787 );
#4211 = VERTEX_POINT( '', #5788 );
#4212 = CIRCLE( '', #5789, 0.600000000000000 );
#4213 = VERTEX_POINT( '', #5790 );
#4214 = CIRCLE( '', #5791, 0.600000000000000 );
#4215 = VERTEX_POINT( '', #5792 );
#4216 = LINE( '', #5793, #5794 );
#4217 = VERTEX_POINT( '', #5795 );
#4218 = LINE( '', #5796, #5797 );
#4219 = VERTEX_POINT( '', #5798 );
#4220 = LINE( '', #5799, #5800 );
#4221 = VERTEX_POINT( '', #5801 );
#4222 = LINE( '', #5802, #5803 );
#4223 = VERTEX_POINT( '', #5804 );
#4224 = LINE( '', #5805, #5806 );
#4225 = VERTEX_POINT( '', #5807 );
#4226 = LINE( '', #5808, #5809 );
#4227 = LINE( '', #5810, #5811 );
#4228 = VERTEX_POINT( '', #5812 );
#4229 = LINE( '', #5813, #5814 );
#4230 = VERTEX_POINT( '', #5815 );
#4231 = LINE( '', #5816, #5817 );
#4232 = VERTEX_POINT( '', #5818 );
#4233 = LINE( '', #5819, #5820 );
#4234 = VERTEX_POINT( '', #5821 );
#4235 = LINE( '', #5822, #5823 );
#4236 = LINE( '', #5824, #5825 );
#4237 = VERTEX_POINT( '', #5826 );
#4238 = LINE( '', #5827, #5828 );
#4239 = VERTEX_POINT( '', #5829 );
#4240 = LINE( '', #5830, #5831 );
#4241 = VERTEX_POINT( '', #5832 );
#4242 = LINE( '', #5833, #5834 );
#4243 = LINE( '', #5835, #5836 );
#4244 = FILL_AREA_STYLE_COLOUR( '', #5837 );
#4245 = VERTEX_POINT( '', #5838 );
#4246 = LINE( '', #5839, #5840 );
#4247 = LINE( '', #5841, #5842 );
#4248 = LINE( '', #5843, #5844 );
#4249 = LINE( '', #5845, #5846 );
#4250 = VERTEX_POINT( '', #5847 );
#4251 = LINE( '', #5848, #5849 );
#4252 = LINE( '', #5850, #5851 );
#4253 = VERTEX_POINT( '', #5852 );
#4254 = LINE( '', #5853, #5854 );
#4255 = VERTEX_POINT( '', #5855 );
#4256 = LINE( '', #5856, #5857 );
#4257 = LINE( '', #5858, #5859 );
#4258 = LINE( '', #5860, #5861 );
#4259 = FILL_AREA_STYLE_COLOUR( '', #5862 );
#4260 = VERTEX_POINT( '', #5863 );
#4261 = LINE( '', #5864, #5865 );
#4262 = LINE( '', #5866, #5867 );
#4263 = FILL_AREA_STYLE_COLOUR( '', #5868 );
#4264 = VERTEX_POINT( '', #5869 );
#4265 = LINE( '', #5870, #5871 );
#4266 = VERTEX_POINT( '', #5872 );
#4267 = LINE( '', #5873, #5874 );
#4268 = LINE( '', #5875, #5876 );
#4269 = FILL_AREA_STYLE_COLOUR( '', #5877 );
#4270 = VERTEX_POINT( '', #5878 );
#4271 = VERTEX_POINT( '', #5879 );
#4272 = LINE( '', #5880, #5881 );
#4273 = VERTEX_POINT( '', #5882 );
#4274 = LINE( '', #5883, #5884 );
#4275 = VERTEX_POINT( '', #5885 );
#4276 = LINE( '', #5886, #5887 );
#4277 = LINE( '', #5888, #5889 );
#4278 = FILL_AREA_STYLE_COLOUR( '', #5890 );
#4279 = LINE( '', #5891, #5892 );
#4280 = FILL_AREA_STYLE_COLOUR( '', #5893 );
#4281 = VERTEX_POINT( '', #5894 );
#4282 = LINE( '', #5895, #5896 );
#4283 = VERTEX_POINT( '', #5897 );
#4284 = LINE( '', #5898, #5899 );
#4285 = LINE( '', #5900, #5901 );
#4286 = FILL_AREA_STYLE_COLOUR( '', #5902 );
#4287 = VERTEX_POINT( '', #5903 );
#4288 = ELLIPSE( '', #5904, 0.709655628534792, 0.700000000000000 );
#4289 = VERTEX_POINT( '', #5905 );
#4290 = LINE( '', #5906, #5907 );
#4291 = LINE( '', #5908, #5909 );
#4292 = FILL_AREA_STYLE_COLOUR( '', #5910 );
#4293 = VERTEX_POINT( '', #5911 );
#4294 = LINE( '', #5912, #5913 );
#4295 = LINE( '', #5914, #5915 );
#4296 = VERTEX_POINT( '', #5916 );
#4297 = LINE( '', #5917, #5918 );
#4298 = VERTEX_POINT( '', #5919 );
#4299 = LINE( '', #5920, #5921 );
#4300 = VERTEX_POINT( '', #5922 );
#4301 = LINE( '', #5923, #5924 );
#4302 = VERTEX_POINT( '', #5925 );
#4303 = LINE( '', #5926, #5927 );
#4304 = LINE( '', #5928, #5929 );
#4305 = FILL_AREA_STYLE_COLOUR( '', #5930 );
#4306 = VERTEX_POINT( '', #5931 );
#4307 = LINE( '', #5932, #5933 );
#4308 = VERTEX_POINT( '', #5934 );
#4309 = LINE( '', #5935, #5936 );
#4310 = LINE( '', #5937, #5938 );
#4311 = VERTEX_POINT( '', #5939 );
#4312 = LINE( '', #5940, #5941 );
#4313 = LINE( '', #5942, #5943 );
#4314 = VERTEX_POINT( '', #5944 );
#4315 = LINE( '', #5945, #5946 );
#4316 = VERTEX_POINT( '', #5947 );
#4317 = LINE( '', #5948, #5949 );
#4318 = LINE( '', #5950, #5951 );
#4319 = VERTEX_POINT( '', #5952 );
#4320 = LINE( '', #5953, #5954 );
#4321 = LINE( '', #5955, #5956 );
#4322 = VERTEX_POINT( '', #5957 );
#4323 = VERTEX_POINT( '', #5958 );
#4324 = LINE( '', #5959, #5960 );
#4325 = VERTEX_POINT( '', #5961 );
#4326 = LINE( '', #5962, #5963 );
#4327 = VERTEX_POINT( '', #5964 );
#4328 = LINE( '', #5965, #5966 );
#4329 = LINE( '', #5967, #5968 );
#4330 = FILL_AREA_STYLE_COLOUR( '', #5969 );
#4331 = VERTEX_POINT( '', #5970 );
#4332 = VERTEX_POINT( '', #5971 );
#4333 = LINE( '', #5972, #5973 );
#4334 = LINE( '', #5974, #5975 );
#4335 = LINE( '', #5976, #5977 );
#4336 = FILL_AREA_STYLE_COLOUR( '', #5978 );
#4337 = FILL_AREA_STYLE_COLOUR( '', #5979 );
#4338 = VERTEX_POINT( '', #5980 );
#4339 = LINE( '', #5981, #5982 );
#4340 = VERTEX_POINT( '', #5983 );
#4341 = LINE( '', #5984, #5985 );
#4342 = LINE( '', #5986, #5987 );
#4343 = FILL_AREA_STYLE_COLOUR( '', #5988 );
#4344 = VERTEX_POINT( '', #5989 );
#4345 = VERTEX_POINT( '', #5990 );
#4346 = LINE( '', #5991, #5992 );
#4347 = VERTEX_POINT( '', #5993 );
#4348 = LINE( '', #5994, #5995 );
#4349 = VERTEX_POINT( '', #5996 );
#4350 = LINE( '', #5997, #5998 );
#4351 = LINE( '', #5999, #6000 );
#4352 = FILL_AREA_STYLE_COLOUR( '', #6001 );
#4353 = VERTEX_POINT( '', #6002 );
#4354 = LINE( '', #6003, #6004 );
#4355 = VERTEX_POINT( '', #6005 );
#4356 = LINE( '', #6006, #6007 );
#4357 = LINE( '', #6008, #6009 );
#4358 = FILL_AREA_STYLE_COLOUR( '', #6010 );
#4359 = VERTEX_POINT( '', #6011 );
#4360 = CIRCLE( '', #6012, 0.600000000000000 );
#4361 = FILL_AREA_STYLE_COLOUR( '', #6013 );
#4362 = FILL_AREA_STYLE_COLOUR( '', #6014 );
#4363 = VERTEX_POINT( '', #6015 );
#4364 = LINE( '', #6016, #6017 );
#4365 = LINE( '', #6018, #6019 );
#4366 = FILL_AREA_STYLE_COLOUR( '', #6020 );
#4367 = VERTEX_POINT( '', #6021 );
#4368 = LINE( '', #6022, #6023 );
#4369 = VERTEX_POINT( '', #6024 );
#4370 = LINE( '', #6025, #6026 );
#4371 = LINE( '', #6027, #6028 );
#4372 = FILL_AREA_STYLE_COLOUR( '', #6029 );
#4373 = VERTEX_POINT( '', #6030 );
#4374 = VERTEX_POINT( '', #6031 );
#4375 = LINE( '', #6032, #6033 );
#4376 = LINE( '', #6034, #6035 );
#4377 = LINE( '', #6036, #6037 );
#4378 = FILL_AREA_STYLE_COLOUR( '', #6038 );
#4379 = LINE( '', #6039, #6040 );
#4380 = FILL_AREA_STYLE_COLOUR( '', #6041 );
#4381 = VERTEX_POINT( '', #6042 );
#4382 = LINE( '', #6043, #6044 );
#4383 = LINE( '', #6045, #6046 );
#4384 = FILL_AREA_STYLE_COLOUR( '', #6047 );
#4385 = VERTEX_POINT( '', #6048 );
#4386 = LINE( '', #6049, #6050 );
#4387 = LINE( '', #6051, #6052 );
#4388 = FILL_AREA_STYLE_COLOUR( '', #6053 );
#4389 = LINE( '', #6054, #6055 );
#4390 = FILL_AREA_STYLE_COLOUR( '', #6056 );
#4391 = VERTEX_POINT( '', #6057 );
#4392 = VERTEX_POINT( '', #6058 );
#4393 = LINE( '', #6059, #6060 );
#4394 = LINE( '', #6061, #6062 );
#4395 = LINE( '', #6063, #6064 );
#4396 = FILL_AREA_STYLE_COLOUR( '', #6065 );
#4397 = VERTEX_POINT( '', #6066 );
#4398 = LINE( '', #6067, #6068 );
#4399 = LINE( '', #6069, #6070 );
#4400 = FILL_AREA_STYLE_COLOUR( '', #6071 );
#4401 = VERTEX_POINT( '', #6072 );
#4402 = LINE( '', #6073, #6074 );
#4403 = VERTEX_POINT( '', #6075 );
#4404 = LINE( '', #6076, #6077 );
#4405 = LINE( '', #6078, #6079 );
#4406 = LINE( '', #6080, #6081 );
#4407 = FILL_AREA_STYLE_COLOUR( '', #6082 );
#4408 = VERTEX_POINT( '', #6083 );
#4409 = VERTEX_POINT( '', #6084 );
#4410 = LINE( '', #6085, #6086 );
#4411 = VERTEX_POINT( '', #6087 );
#4412 = LINE( '', #6088, #6089 );
#4413 = VERTEX_POINT( '', #6090 );
#4414 = LINE( '', #6091, #6092 );
#4415 = LINE( '', #6093, #6094 );
#4416 = LINE( '', #6095, #6096 );
#4417 = FILL_AREA_STYLE_COLOUR( '', #6097 );
#4418 = VERTEX_POINT( '', #6098 );
#4419 = VERTEX_POINT( '', #6099 );
#4420 = LINE( '', #6100, #6101 );
#4421 = VERTEX_POINT( '', #6102 );
#4422 = LINE( '', #6103, #6104 );
#4423 = LINE( '', #6105, #6106 );
#4424 = LINE( '', #6107, #6108 );
#4425 = FILL_AREA_STYLE_COLOUR( '', #6109 );
#4426 = LINE( '', #6110, #6111 );
#4427 = FILL_AREA_STYLE_COLOUR( '', #6112 );
#4428 = LINE( '', #6113, #6114 );
#4429 = LINE( '', #6115, #6116 );
#4430 = VERTEX_POINT( '', #6117 );
#4431 = LINE( '', #6118, #6119 );
#4432 = LINE( '', #6120, #6121 );
#4433 = VERTEX_POINT( '', #6122 );
#4434 = LINE( '', #6123, #6124 );
#4435 = VERTEX_POINT( '', #6125 );
#4436 = LINE( '', #6126, #6127 );
#4437 = VERTEX_POINT( '', #6128 );
#4438 = LINE( '', #6129, #6130 );
#4439 = LINE( '', #6131, #6132 );
#4440 = VERTEX_POINT( '', #6133 );
#4441 = LINE( '', #6134, #6135 );
#4442 = VERTEX_POINT( '', #6136 );
#4443 = LINE( '', #6137, #6138 );
#4444 = LINE( '', #6139, #6140 );
#4445 = FILL_AREA_STYLE_COLOUR( '', #6141 );
#4446 = LINE( '', #6142, #6143 );
#4447 = LINE( '', #6144, #6145 );
#4448 = FILL_AREA_STYLE_COLOUR( '', #6146 );
#4449 = LINE( '', #6147, #6148 );
#4450 = FILL_AREA_STYLE_COLOUR( '', #6149 );
#4451 = LINE( '', #6150, #6151 );
#4452 = LINE( '', #6152, #6153 );
#4453 = FILL_AREA_STYLE_COLOUR( '', #6154 );
#4454 = LINE( '', #6155, #6156 );
#4455 = LINE( '', #6157, #6158 );
#4456 = FILL_AREA_STYLE_COLOUR( '', #6159 );
#4457 = VERTEX_POINT( '', #6160 );
#4458 = VERTEX_POINT( '', #6161 );
#4459 = LINE( '', #6162, #6163 );
#4460 = VERTEX_POINT( '', #6164 );
#4461 = LINE( '', #6165, #6166 );
#4462 = VERTEX_POINT( '', #6167 );
#4463 = LINE( '', #6168, #6169 );
#4464 = LINE( '', #6170, #6171 );
#4465 = FILL_AREA_STYLE_COLOUR( '', #6172 );
#4466 = LINE( '', #6173, #6174 );
#4467 = FILL_AREA_STYLE_COLOUR( '', #6175 );
#4468 = VERTEX_POINT( '', #6176 );
#4469 = LINE( '', #6177, #6178 );
#4470 = LINE( '', #6179, #6180 );
#4471 = VERTEX_POINT( '', #6181 );
#4472 = LINE( '', #6182, #6183 );
#4473 = LINE( '', #6184, #6185 );
#4474 = VERTEX_POINT( '', #6186 );
#4475 = LINE( '', #6187, #6188 );
#4476 = VERTEX_POINT( '', #6189 );
#4477 = LINE( '', #6190, #6191 );
#4478 = LINE( '', #6192, #6193 );
#4479 = VERTEX_POINT( '', #6194 );
#4480 = LINE( '', #6195, #6196 );
#4481 = LINE( '', #6197, #6198 );
#4482 = FILL_AREA_STYLE_COLOUR( '', #6199 );
#4483 = VERTEX_POINT( '', #6200 );
#4484 = LINE( '', #6201, #6202 );
#4485 = LINE( '', #6203, #6204 );
#4486 = FILL_AREA_STYLE_COLOUR( '', #6205 );
#4487 = VERTEX_POINT( '', #6206 );
#4488 = LINE( '', #6207, #6208 );
#4489 = VERTEX_POINT( '', #6209 );
#4490 = LINE( '', #6210, #6211 );
#4491 = VERTEX_POINT( '', #6212 );
#4492 = LINE( '', #6213, #6214 );
#4493 = LINE( '', #6215, #6216 );
#4494 = FILL_AREA_STYLE_COLOUR( '', #6217 );
#4495 = VERTEX_POINT( '', #6218 );
#4496 = LINE( '', #6219, #6220 );
#4497 = LINE( '', #6221, #6222 );
#4498 = FILL_AREA_STYLE_COLOUR( '', #6223 );
#4499 = LINE( '', #6224, #6225 );
#4500 = LINE( '', #6226, #6227 );
#4501 = LINE( '', #6228, #6229 );
#4502 = FILL_AREA_STYLE_COLOUR( '', #6230 );
#4503 = LINE( '', #6231, #6232 );
#4504 = LINE( '', #6233, #6234 );
#4505 = FILL_AREA_STYLE_COLOUR( '', #6235 );
#4506 = LINE( '', #6236, #6237 );
#4507 = FILL_AREA_STYLE_COLOUR( '', #6238 );
#4508 = VERTEX_POINT( '', #6239 );
#4509 = LINE( '', #6240, #6241 );
#4510 = VERTEX_POINT( '', #6242 );
#4511 = LINE( '', #6243, #6244 );
#4512 = LINE( '', #6245, #6246 );
#4513 = VERTEX_POINT( '', #6247 );
#4514 = LINE( '', #6248, #6249 );
#4515 = LINE( '', #6250, #6251 );
#4516 = FILL_AREA_STYLE_COLOUR( '', #6252 );
#4517 = LINE( '', #6253, #6254 );
#4518 = LINE( '', #6255, #6256 );
#4519 = FILL_AREA_STYLE_COLOUR( '', #6257 );
#4520 = LINE( '', #6258, #6259 );
#4521 = LINE( '', #6260, #6261 );
#4522 = VERTEX_POINT( '', #6262 );
#4523 = LINE( '', #6263, #6264 );
#4524 = LINE( '', #6265, #6266 );
#4525 = LINE( '', #6267, #6268 );
#4526 = VERTEX_POINT( '', #6269 );
#4527 = LINE( '', #6270, #6271 );
#4528 = LINE( '', #6272, #6273 );
#4529 = LINE( '', #6274, #6275 );
#4530 = LINE( '', #6276, #6277 );
#4531 = FILL_AREA_STYLE_COLOUR( '', #6278 );
#4532 = VERTEX_POINT( '', #6279 );
#4533 = LINE( '', #6280, #6281 );
#4534 = LINE( '', #6282, #6283 );
#4535 = FILL_AREA_STYLE_COLOUR( '', #6284 );
#4536 = VERTEX_POINT( '', #6285 );
#4537 = LINE( '', #6286, #6287 );
#4538 = LINE( '', #6288, #6289 );
#4539 = FILL_AREA_STYLE_COLOUR( '', #6290 );
#4540 = VERTEX_POINT( '', #6291 );
#4541 = LINE( '', #6292, #6293 );
#4542 = LINE( '', #6294, #6295 );
#4543 = FILL_AREA_STYLE_COLOUR( '', #6296 );
#4544 = LINE( '', #6297, #6298 );
#4545 = FILL_AREA_STYLE_COLOUR( '', #6299 );
#4546 = VERTEX_POINT( '', #6300 );
#4547 = LINE( '', #6301, #6302 );
#4548 = LINE( '', #6303, #6304 );
#4549 = FILL_AREA_STYLE_COLOUR( '', #6305 );
#4550 = LINE( '', #6306, #6307 );
#4551 = LINE( '', #6308, #6309 );
#4552 = LINE( '', #6310, #6311 );
#4553 = FILL_AREA_STYLE_COLOUR( '', #6312 );
#4554 = LINE( '', #6313, #6314 );
#4555 = LINE( '', #6315, #6316 );
#4556 = VERTEX_POINT( '', #6317 );
#4557 = LINE( '', #6318, #6319 );
#4558 = LINE( '', #6320, #6321 );
#4559 = FILL_AREA_STYLE_COLOUR( '', #6322 );
#4560 = LINE( '', #6323, #6324 );
#4561 = FILL_AREA_STYLE_COLOUR( '', #6325 );
#4562 = LINE( '', #6326, #6327 );
#4563 = LINE( '', #6328, #6329 );
#4564 = FILL_AREA_STYLE_COLOUR( '', #6330 );
#4565 = VERTEX_POINT( '', #6331 );
#4566 = CIRCLE( '', #6332, 0.400000000000000 );
#4567 = FILL_AREA_STYLE_COLOUR( '', #6333 );
#4568 = VERTEX_POINT( '', #6334 );
#4569 = LINE( '', #6335, #6336 );
#4570 = LINE( '', #6337, #6338 );
#4571 = FILL_AREA_STYLE_COLOUR( '', #6339 );
#4572 = LINE( '', #6340, #6341 );
#4573 = FILL_AREA_STYLE_COLOUR( '', #6342 );
#4574 = LINE( '', #6343, #6344 );
#4575 = FILL_AREA_STYLE_COLOUR( '', #6345 );
#4576 = FILL_AREA_STYLE_COLOUR( '', #6346 );
#4577 = LINE( '', #6347, #6348 );
#4578 = FILL_AREA_STYLE_COLOUR( '', #6349 );
#4579 = VERTEX_POINT( '', #6350 );
#4580 = LINE( '', #6351, #6352 );
#4581 = LINE( '', #6353, #6354 );
#4582 = VERTEX_POINT( '', #6355 );
#4583 = LINE( '', #6356, #6357 );
#4584 = LINE( '', #6358, #6359 );
#4585 = FILL_AREA_STYLE_COLOUR( '', #6360 );
#4586 = FILL_AREA_STYLE_COLOUR( '', #6361 );
#4587 = VERTEX_POINT( '', #6362 );
#4588 = LINE( '', #6363, #6364 );
#4589 = LINE( '', #6365, #6366 );
#4590 = FILL_AREA_STYLE_COLOUR( '', #6367 );
#4591 = VERTEX_POINT( '', #6368 );
#4592 = LINE( '', #6369, #6370 );
#4593 = ELLIPSE( '', #6371, 0.709655628534793, 0.700000000000000 );
#4594 = FILL_AREA_STYLE_COLOUR( '', #6372 );
#4595 = LINE( '', #6373, #6374 );
#4596 = FILL_AREA_STYLE_COLOUR( '', #6375 );
#4597 = VERTEX_POINT( '', #6376 );
#4598 = VERTEX_POINT( '', #6377 );
#4599 = LINE( '', #6378, #6379 );
#4600 = LINE( '', #6380, #6381 );
#4601 = LINE( '', #6382, #6383 );
#4602 = FILL_AREA_STYLE_COLOUR( '', #6384 );
#4603 = FILL_AREA_STYLE_COLOUR( '', #6385 );
#4604 = LINE( '', #6386, #6387 );
#4605 = LINE( '', #6388, #6389 );
#4606 = FILL_AREA_STYLE_COLOUR( '', #6390 );
#4607 = LINE( '', #6391, #6392 );
#4608 = FILL_AREA_STYLE_COLOUR( '', #6393 );
#4609 = FILL_AREA_STYLE_COLOUR( '', #6394 );
#4610 = VERTEX_POINT( '', #6395 );
#4611 = LINE( '', #6396, #6397 );
#4612 = VERTEX_POINT( '', #6398 );
#4613 = LINE( '', #6399, #6400 );
#4614 = LINE( '', #6401, #6402 );
#4615 = FILL_AREA_STYLE_COLOUR( '', #6403 );
#4616 = FILL_AREA_STYLE_COLOUR( '', #6404 );
#4617 = LINE( '', #6405, #6406 );
#4618 = FILL_AREA_STYLE_COLOUR( '', #6407 );
#4619 = LINE( '', #6408, #6409 );
#4620 = FILL_AREA_STYLE_COLOUR( '', #6410 );
#4621 = LINE( '', #6411, #6412 );
#4622 = LINE( '', #6413, #6414 );
#4623 = FILL_AREA_STYLE_COLOUR( '', #6415 );
#4624 = FILL_AREA_STYLE_COLOUR( '', #6416 );
#4625 = LINE( '', #6417, #6418 );
#4626 = FILL_AREA_STYLE_COLOUR( '', #6419 );
#4627 = LINE( '', #6420, #6421 );
#4628 = LINE( '', #6422, #6423 );
#4629 = FILL_AREA_STYLE_COLOUR( '', #6424 );
#4630 = FILL_AREA_STYLE_COLOUR( '', #6425 );
#4631 = LINE( '', #6426, #6427 );
#4632 = LINE( '', #6428, #6429 );
#4633 = FILL_AREA_STYLE_COLOUR( '', #6430 );
#4634 = LINE( '', #6431, #6432 );
#4635 = FILL_AREA_STYLE_COLOUR( '', #6433 );
#4636 = LINE( '', #6434, #6435 );
#4637 = FILL_AREA_STYLE_COLOUR( '', #6436 );
#4638 = FILL_AREA_STYLE_COLOUR( '', #6437 );
#4639 = VERTEX_POINT( '', #6438 );
#4640 = LINE( '', #6439, #6440 );
#4641 = LINE( '', #6441, #6442 );
#4642 = FILL_AREA_STYLE_COLOUR( '', #6443 );
#4643 = FILL_AREA_STYLE_COLOUR( '', #6444 );
#4644 = LINE( '', #6445, #6446 );
#4645 = FILL_AREA_STYLE_COLOUR( '', #6447 );
#4646 = FILL_AREA_STYLE_COLOUR( '', #6448 );
#4647 = FILL_AREA_STYLE_COLOUR( '', #6449 );
#4648 = FILL_AREA_STYLE_COLOUR( '', #6450 );
#4649 = LINE( '', #6451, #6452 );
#4650 = LINE( '', #6453, #6454 );
#4651 = FILL_AREA_STYLE_COLOUR( '', #6455 );
#4652 = FILL_AREA_STYLE_COLOUR( '', #6456 );
#4653 = FILL_AREA_STYLE_COLOUR( '', #6457 );
#4654 = LINE( '', #6458, #6459 );
#4655 = FILL_AREA_STYLE_COLOUR( '', #6460 );
#4656 = LINE( '', #6461, #6462 );
#4657 = FILL_AREA_STYLE_COLOUR( '', #6463 );
#4658 = FILL_AREA_STYLE_COLOUR( '', #6464 );
#4659 = FILL_AREA_STYLE_COLOUR( '', #6465 );
#4660 = FILL_AREA_STYLE_COLOUR( '', #6466 );
#4661 = FILL_AREA_STYLE_COLOUR( '', #6467 );
#4662 = FILL_AREA_STYLE_COLOUR( '', #6468 );
#4663 = LINE( '', #6469, #6470 );
#4664 = FILL_AREA_STYLE_COLOUR( '', #6471 );
#4665 = FILL_AREA_STYLE_COLOUR( '', #6472 );
#4666 = FILL_AREA_STYLE_COLOUR( '', #6473 );
#4667 = LINE( '', #6474, #6475 );
#4668 = FILL_AREA_STYLE_COLOUR( '', #6476 );
#4669 = FILL_AREA_STYLE_COLOUR( '', #6477 );
#4670 = FILL_AREA_STYLE_COLOUR( '', #6478 );
#4671 = FILL_AREA_STYLE_COLOUR( '', #6479 );
#4672 = LINE( '', #6480, #6481 );
#4673 = FILL_AREA_STYLE_COLOUR( '', #6482 );
#4674 = FILL_AREA_STYLE_COLOUR( '', #6483 );
#4675 = FILL_AREA_STYLE_COLOUR( '', #6484 );
#4676 = FILL_AREA_STYLE_COLOUR( '', #6485 );
#4677 = FILL_AREA_STYLE_COLOUR( '', #6486 );
#4678 = FILL_AREA_STYLE_COLOUR( '', #6487 );
#4679 = FILL_AREA_STYLE_COLOUR( '', #6488 );
#4680 = FILL_AREA_STYLE_COLOUR( '', #6489 );
#4681 = FILL_AREA_STYLE_COLOUR( '', #6490 );
#4682 = ORIENTED_EDGE( '', *, *, #6491, .T. );
#4683 = ORIENTED_EDGE( '', *, *, #6492, .T. );
#4684 = ORIENTED_EDGE( '', *, *, #6493, .T. );
#4685 = ORIENTED_EDGE( '', *, *, #6494, .T. );
#4686 = ORIENTED_EDGE( '', *, *, #6495, .T. );
#4687 = ORIENTED_EDGE( '', *, *, #6496, .T. );
#4688 = ORIENTED_EDGE( '', *, *, #6497, .F. );
#4689 = ORIENTED_EDGE( '', *, *, #6498, .T. );
#4690 = CARTESIAN_POINT( '', ( -1.02500000000000, -1.90000000000000, 0.000000000000000 ) );
#4691 = DIRECTION( '', ( -1.44560289664734E-016, 1.00000000000000, 0.000000000000000 ) );
#4692 = DIRECTION( '', ( -1.00000000000000, -1.44560289664734E-016, 0.000000000000000 ) );
#4693 = ORIENTED_EDGE( '', *, *, #6499, .T. );
#4694 = ORIENTED_EDGE( '', *, *, #6500, .F. );
#4695 = ORIENTED_EDGE( '', *, *, #6501, .T. );
#4696 = ORIENTED_EDGE( '', *, *, #6502, .T. );
#4697 = CARTESIAN_POINT( '', ( -1.02500000000000, -1.90000000000000, -0.700000000000000 ) );
#4698 = DIRECTION( '', ( 0.000000000000000, 0.000000000000000, -1.00000000000000 ) );
#4699 = DIRECTION( '', ( -1.00000000000000, 0.000000000000000, 0.000000000000000 ) );
#4700 = ORIENTED_EDGE( '', *, *, #6501, .F. );
#4701 = ORIENTED_EDGE( '', *, *, #6503, .T. );
#4702 = ORIENTED_EDGE( '', *, *, #6504, .T. );
#4703 = ORIENTED_EDGE( '', *, *, #6505, .T. );
#4704 = CARTESIAN_POINT( '', ( -1.02500000000000, -2.70000000000000, -0.700000000000000 ) );
#4705 = DIRECTION( '', ( 1.44560289664734E-016, -1.00000000000000, 0.000000000000000 ) );
#4706 = DIRECTION( '', ( 1.00000000000000, 1.44560289664734E-016, 0.000000000000000 ) );
#4707 = ORIENTED_EDGE( '', *, *, #6506, .F. );
#4708 = ORIENTED_EDGE( '', *, *, #6507, .T. );
#4709 = ORIENTED_EDGE( '', *, *, #6508, .T. );
#4710 = ORIENTED_EDGE( '', *, *, #6509, .T. );
#4711 = CARTESIAN_POINT( '', ( -2.22500000000000, 1.50000000000000, 0.100000000000000 ) );
#4712 = DIRECTION( '', ( 0.000000000000000, 0.000000000000000, 1.00000000000000 ) );
#4713 = DIRECTION( '', ( 1.00000000000000, 0.000000000000000, 0.000000000000000 ) );
#4714 = ORIENTED_EDGE( '', *, *, #6510, .F. );
#4715 = ORIENTED_EDGE( '', *, *, #6511, .T. );
#4716 = ORIENTED_EDGE( '', *, *, #6512, .F. );
#4717 = ORIENTED_EDGE( '', *, *, #6513, .T. );
#4718 = CARTESIAN_POINT( '', ( -2.22500000000000, 1.50000000000000, 0.000000000000000 ) );
#4719 = DIRECTION( '', ( 0.000000000000000, 0.000000000000000, 1.00000000000000 ) );
#4720 = DIRECTION( '', ( 1.00000000000000, 0.000000000000000, 0.000000000000000 ) );
#4721 = ORIENTED_EDGE( '', *, *, #6514, .F. );
#4722 = ORIENTED_EDGE( '', *, *, #6515, .T. );
#4723 = ORIENTED_EDGE( '', *, *, #6516, .T. );
#4724 = ORIENTED_EDGE( '', *, *, #6507, .F. );
#4725 = ORIENTED_EDGE( '', *, *, #6517, .T. );
#4726 = ORIENTED_EDGE( '', *, *, #6510, .T. );
#4727 = ORIENTED_EDGE( '', *, *, #6518, .T. );
#4728 = ORIENTED_EDGE( '', *, *, #6497, .T. );
#4729 = CARTESIAN_POINT( '', ( -2.22500000000000, 1.50000000000000, 0.100000000000000 ) );
#4730 = DIRECTION( '', ( 1.00000000000000, 0.000000000000000, 0.000000000000000 ) );
#4731 = DIRECTION( '', ( 0.000000000000000, 0.000000000000000, -1.00000000000000 ) );
#4732 = ORIENTED_EDGE( '', *, *, #6519, .F. );
#4733 = ORIENTED_EDGE( '', *, *, #6498, .F. );
#4734 = ORIENTED_EDGE( '', *, *, #6518, .F. );
#4735 = ORIENTED_EDGE( '', *, *, #6513, .F. );
#4736 = CARTESIAN_POINT( '', ( -2.22500000000000, -1.80000000000000, -0.100000000000000 ) );
#4737 = DIRECTION( '', ( 1.00000000000000, 1.44560289664734E-016, -0.000000000000000 ) );
#4738 = DIRECTION( '', ( 1.44560289664734E-016, -1.00000000000000, 0.000000000000000 ) );
#4739 = ORIENTED_EDGE( '', *, *, #6520, .F. );
#4740 = ORIENTED_EDGE( '', *, *, #6491, .F. );
#4741 = ORIENTED_EDGE( '', *, *, #6519, .T. );
#4742 = ORIENTED_EDGE( '', *, *, #6512, .T. );
#4743 = ORIENTED_EDGE( '', *, *, #6521, .T. );
#4744 = ORIENTED_EDGE( '', *, *, #6509, .F. );
#4745 = ORIENTED_EDGE( '', *, *, #6522, .T. );
#4746 = ORIENTED_EDGE( '', *, *, #6523, .F. );
#4747 = CARTESIAN_POINT( '', ( -1.02500000000000, 1.50000000000000, 0.100000000000000 ) );
#4748 = DIRECTION( '', ( -1.00000000000000, -7.22801448323670E-017, 0.000000000000000 ) );
#4749 = DIRECTION( '', ( 7.22801448323670E-017, -1.00000000000000, 0.000000000000000 ) );
#4750 = ORIENTED_EDGE( '', *, *, #6494, .F. );
#4751 = ORIENTED_EDGE( '', *, *, #6524, .T. );
#4752 = ORIENTED_EDGE( '', *, *, #6499, .F. );
#4753 = ORIENTED_EDGE( '', *, *, #6525, .T. );
#4754 = CARTESIAN_POINT( '', ( -1.02500000000000, -2.10000000000000, -0.500000000000000 ) );
#4755 = DIRECTION( '', ( 1.00000000000000, 1.44560289664734E-016, -0.000000000000000 ) );
#4756 = DIRECTION( '', ( 1.44560289664734E-016, -1.00000000000000, 0.000000000000000 ) );
#4757 = ORIENTED_EDGE( '', *, *, #6526, .F. );
#4758 = ORIENTED_EDGE( '', *, *, #6527, .F. );
#4759 = ORIENTED_EDGE( '', *, *, #6528, .F. );
#4760 = ORIENTED_EDGE( '', *, *, #6529, .F. );
#4761 = CARTESIAN_POINT( '', ( -1.02500000000000, -2.10000000000000, -0.500000000000000 ) );
#4762 = DIRECTION( '', ( -1.00000000000000, -1.44560289664734E-016, -0.000000000000000 ) );
#4763 = DIRECTION( '', ( -1.44560289664734E-016, 1.00000000000000, 0.000000000000000 ) );
#4764 = ORIENTED_EDGE( '', *, *, #6530, .T. );
#4765 = ORIENTED_EDGE( '', *, *, #6531, .T. );
#4766 = ORIENTED_EDGE( '', *, *, #6523, .T. );
#4767 = ORIENTED_EDGE( '', *, *, #6532, .T. );
#4768 = ORIENTED_EDGE( '', *, *, #6515, .F. );
#4769 = ORIENTED_EDGE( '', *, *, #6533, .T. );
#4770 = ORIENTED_EDGE( '', *, *, #6534, .T. );
#4771 = ORIENTED_EDGE( '', *, *, #6527, .T. );
#4772 = CARTESIAN_POINT( '', ( -1.02500000000000, -2.00000000000000, -0.600000000000000 ) );
#4773 = DIRECTION( '', ( 1.44560289664734E-016, -1.00000000000000, 0.000000000000000 ) );
#4774 = DIRECTION( '', ( 1.00000000000000, 1.44560289664734E-016, 0.000000000000000 ) );
#4775 = ORIENTED_EDGE( '', *, *, #6522, .F. );
#4776 = ORIENTED_EDGE( '', *, *, #6508, .F. );
#4777 = ORIENTED_EDGE( '', *, *, #6516, .F. );
#4778 = ORIENTED_EDGE( '', *, *, #6532, .F. );
#4779 = CARTESIAN_POINT( '', ( -1.02500000000000, -1.80000000000000, -0.100000000000000 ) );
#4780 = DIRECTION( '', ( 1.00000000000000, 1.44560289664734E-016, -0.000000000000000 ) );
#4781 = DIRECTION( '', ( 1.44560289664734E-016, -1.00000000000000, 0.000000000000000 ) );
#4782 = ORIENTED_EDGE( '', *, *, #6506, .T. );
#4783 = ORIENTED_EDGE( '', *, *, #6521, .F. );
#4784 = ORIENTED_EDGE( '', *, *, #6511, .F. );
#4785 = ORIENTED_EDGE( '', *, *, #6517, .F. );
#4786 = CARTESIAN_POINT( '', ( -2.72500000000000, -1.45000000000000, -5.83157486130180 ) );
#4787 = DIRECTION( '', ( 0.000000000000000, -1.00000000000000, 0.000000000000000 ) );
#4788 = DIRECTION( '', ( 0.000000000000000, 0.000000000000000, -1.00000000000000 ) );
#4789 = ORIENTED_EDGE( '', *, *, #6535, .T. );
#4790 = ORIENTED_EDGE( '', *, *, #6492, .F. );
#4791 = ORIENTED_EDGE( '', *, *, #6520, .T. );
#4792 = ORIENTED_EDGE( '', *, *, #6531, .F. );
#4793 = CARTESIAN_POINT( '', ( -1.02500000000000, -7.48927544499285, -0.200000000000000 ) );
#4794 = DIRECTION( '', ( 0.832050294337843, 1.50351789456382E-016, -0.554700196225230 ) );
#4795 = DIRECTION( '', ( -0.554700196225229, 0.000000000000000, -0.832050294337843 ) );
#4796 = ORIENTED_EDGE( '', *, *, #6500, .T. );
#4797 = ORIENTED_EDGE( '', *, *, #6524, .F. );
#4798 = ORIENTED_EDGE( '', *, *, #6493, .F. );
#4799 = ORIENTED_EDGE( '', *, *, #6535, .F. );
#4800 = ORIENTED_EDGE( '', *, *, #6530, .F. );
#4801 = ORIENTED_EDGE( '', *, *, #6526, .T. );
#4802 = ORIENTED_EDGE( '', *, *, #6536, .F. );
#4803 = ORIENTED_EDGE( '', *, *, #6503, .F. );
#4804 = CARTESIAN_POINT( '', ( -1.12500000000000, -7.48927544499285, -0.350000000000000 ) );
#4805 = DIRECTION( '', ( 1.00000000000000, 1.80700362080917E-016, 0.000000000000000 ) );
#4806 = DIRECTION( '', ( -1.80700362080917E-016, 1.00000000000000, 0.000000000000000 ) );
#4807 = ORIENTED_EDGE( '', *, *, #6537, .F. );
#4808 = ORIENTED_EDGE( '', *, *, #6528, .T. );
#4809 = ORIENTED_EDGE( '', *, *, #6534, .F. );
#4810 = ORIENTED_EDGE( '', *, *, #6538, .T. );
#4811 = ORIENTED_EDGE( '', *, *, #6495, .F. );
#4812 = ORIENTED_EDGE( '', *, *, #6525, .F. );
#4813 = ORIENTED_EDGE( '', *, *, #6502, .F. );
#4814 = ORIENTED_EDGE( '', *, *, #6505, .F. );
#4815 = CARTESIAN_POINT( '', ( -2.12500000000000, -7.48927544499285, -0.700000000000000 ) );
#4816 = DIRECTION( '', ( -1.00000000000000, -1.80700362080917E-016, 0.000000000000000 ) );
#4817 = DIRECTION( '', ( 1.80700362080917E-016, -1.00000000000000, 0.000000000000000 ) );
#4818 = ORIENTED_EDGE( '', *, *, #6504, .F. );
#4819 = ORIENTED_EDGE( '', *, *, #6536, .T. );
#4820 = ORIENTED_EDGE( '', *, *, #6529, .T. );
#4821 = ORIENTED_EDGE( '', *, *, #6537, .T. );
#4822 = CARTESIAN_POINT( '', ( -1.02500000000000, -2.70000000000000, -0.600000000000000 ) );
#4823 = DIRECTION( '', ( 0.000000000000000, 0.000000000000000, 1.00000000000000 ) );
#4824 = DIRECTION( '', ( 1.00000000000000, 0.000000000000000, 0.000000000000000 ) );
#4825 = ORIENTED_EDGE( '', *, *, #6514, .T. );
#4826 = ORIENTED_EDGE( '', *, *, #6496, .F. );
#4827 = ORIENTED_EDGE( '', *, *, #6538, .F. );
#4828 = ORIENTED_EDGE( '', *, *, #6533, .F. );
#4829 = CARTESIAN_POINT( '', ( -2.12500000000000, -7.48927544499285, -0.350000000000000 ) );
#4830 = DIRECTION( '', ( -0.832050294337844, -1.50351789456382E-016, -0.554700196225229 ) );
#4831 = DIRECTION( '', ( -0.554700196225229, 0.000000000000000, 0.832050294337844 ) );
#4832 = ORIENTED_EDGE( '', *, *, #6539, .F. );
#4833 = ORIENTED_EDGE( '', *, *, #6540, .T. );
#4834 = ORIENTED_EDGE( '', *, *, #6541, .T. );
#4835 = ORIENTED_EDGE( '', *, *, #6542, .T. );
#4836 = ORIENTED_EDGE( '', *, *, #6543, .T. );
#4837 = ORIENTED_EDGE( '', *, *, #6544, .T. );
#4838 = ORIENTED_EDGE( '', *, *, #6545, .F. );
#4839 = ORIENTED_EDGE( '', *, *, #6546, .F. );
#4840 = CARTESIAN_POINT( '', ( -1.02500000000000, 1.90000000000000, -0.700000000000000 ) );
#4841 = DIRECTION( '', ( 1.44560289664734E-016, -1.00000000000000, 0.000000000000000 ) );
#4842 = DIRECTION( '', ( 1.00000000000000, 1.44560289664734E-016, 0.000000000000000 ) );
#4843 = ORIENTED_EDGE( '', *, *, #6547, .F. );
#4844 = ORIENTED_EDGE( '', *, *, #6548, .F. );
#4845 = ORIENTED_EDGE( '', *, *, #6549, .F. );
#4846 = ORIENTED_EDGE( '', *, *, #6550, .T. );
#4847 = ORIENTED_EDGE( '', *, *, #6551, .T. );
#4848 = ORIENTED_EDGE( '', *, *, #6552, .T. );
#4849 = ORIENTED_EDGE( '', *, *, #6553, .T. );
#4850 = ORIENTED_EDGE( '', *, *, #6554, .T. );
#4851 = CARTESIAN_POINT( '', ( -1.02500000000000, 2.00000000000000, 0.100000000000000 ) );
#4852 = DIRECTION( '', ( -1.44560289664734E-016, 1.00000000000000, 0.000000000000000 ) );
#4853 = DIRECTION( '', ( -1.00000000000000, -1.44560289664734E-016, 0.000000000000000 ) );
#4854 = ORIENTED_EDGE( '', *, *, #6555, .F. );
#4855 = ORIENTED_EDGE( '', *, *, #6551, .F. );
#4856 = ORIENTED_EDGE( '', *, *, #6556, .T. );
#4857 = ORIENTED_EDGE( '', *, *, #6557, .F. );
#4858 = ORIENTED_EDGE( '', *, *, #6558, .T. );
#4859 = ORIENTED_EDGE( '', *, *, #6559, .T. );
#4860 = ORIENTED_EDGE( '', *, *, #6560, .T. );
#4861 = ORIENTED_EDGE( '', *, *, #6543, .F. );
#4862 = CARTESIAN_POINT( '', ( -1.02500000000000, 1.50000000000000, 0.100000000000000 ) );
#4863 = DIRECTION( '', ( -1.00000000000000, -7.22801448323670E-017, 0.000000000000000 ) );
#4864 = DIRECTION( '', ( 7.22801448323670E-017, -1.00000000000000, 0.000000000000000 ) );
#4865 = ORIENTED_EDGE( '', *, *, #6556, .F. );
#4866 = ORIENTED_EDGE( '', *, *, #6550, .F. );
#4867 = ORIENTED_EDGE( '', *, *, #6561, .F. );
#4868 = ORIENTED_EDGE( '', *, *, #6562, .F. );
#4869 = CARTESIAN_POINT( '', ( -2.22500000000000, 1.80000000000000, -0.100000000000000 ) );
#4870 = DIRECTION( '', ( 1.00000000000000, 1.44560289664734E-016, -0.000000000000000 ) );
#4871 = DIRECTION( '', ( 1.44560289664734E-016, -1.00000000000000, 0.000000000000000 ) );
#4872 = ORIENTED_EDGE( '', *, *, #6549, .T. );
#4873 = ORIENTED_EDGE( '', *, *, #6563, .T. );
#4874 = ORIENTED_EDGE( '', *, *, #6545, .T. );
#4875 = ORIENTED_EDGE( '', *, *, #6564, .T. );
#4876 = ORIENTED_EDGE( '', *, *, #6565, .T. );
#4877 = ORIENTED_EDGE( '', *, *, #6566, .T. );
#4878 = ORIENTED_EDGE( '', *, *, #6567, .F. );
#4879 = ORIENTED_EDGE( '', *, *, #6561, .T. );
#4880 = CARTESIAN_POINT( '', ( -2.22500000000000, 1.50000000000000, 0.100000000000000 ) );
#4881 = DIRECTION( '', ( 1.00000000000000, 0.000000000000000, 0.000000000000000 ) );
#4882 = DIRECTION( '', ( 0.000000000000000, 0.000000000000000, -1.00000000000000 ) );
#4883 = ORIENTED_EDGE( '', *, *, #6557, .T. );
#4884 = ORIENTED_EDGE( '', *, *, #6562, .T. );
#4885 = ORIENTED_EDGE( '', *, *, #6567, .T. );
#4886 = ORIENTED_EDGE( '', *, *, #6568, .F. );
#4887 = CARTESIAN_POINT( '', ( -2.22500000000000, 1.50000000000000, 0.100000000000000 ) );
#4888 = DIRECTION( '', ( 0.000000000000000, 0.000000000000000, 1.00000000000000 ) );
#4889 = DIRECTION( '', ( 1.00000000000000, 0.000000000000000, 0.000000000000000 ) );
#4890 = ORIENTED_EDGE( '', *, *, #6565, .F. );
#4891 = ORIENTED_EDGE( '', *, *, #6569, .T. );
#4892 = ORIENTED_EDGE( '', *, *, #6559, .F. );
#4893 = ORIENTED_EDGE( '', *, *, #6570, .T. );
#4894 = CARTESIAN_POINT( '', ( -2.22500000000000, 1.50000000000000, 0.000000000000000 ) );
#4895 = DIRECTION( '', ( 0.000000000000000, 0.000000000000000, 1.00000000000000 ) );
#4896 = DIRECTION( '', ( 1.00000000000000, 0.000000000000000, 0.000000000000000 ) );
#4897 = ORIENTED_EDGE( '', *, *, #6571, .F. );
#4898 = ORIENTED_EDGE( '', *, *, #6572, .F. );
#4899 = ORIENTED_EDGE( '', *, *, #6573, .T. );
#4900 = ORIENTED_EDGE( '', *, *, #6574, .T. );
#4901 = CARTESIAN_POINT( '', ( -1.02500000000000, 2.70000000000000, -0.700000000000000 ) );
#4902 = DIRECTION( '', ( 0.000000000000000, 0.000000000000000, -1.00000000000000 ) );
#4903 = DIRECTION( '', ( -1.00000000000000, 0.000000000000000, 0.000000000000000 ) );
#4904 = ORIENTED_EDGE( '', *, *, #6575, .F. );
#4905 = ORIENTED_EDGE( '', *, *, #6576, .F. );
#4906 = ORIENTED_EDGE( '', *, *, #6577, .T. );
#4907 = ORIENTED_EDGE( '', *, *, #6572, .T. );
#4908 = CARTESIAN_POINT( '', ( -1.02500000000000, 2.70000000000000, -0.600000000000000 ) );
#4909 = DIRECTION( '', ( -1.44560289664734E-016, 1.00000000000000, 0.000000000000000 ) );
#4910 = DIRECTION( '', ( -1.00000000000000, -1.44560289664734E-016, 0.000000000000000 ) );
#4911 = ORIENTED_EDGE( '', *, *, #6578, .F. );
#4912 = ORIENTED_EDGE( '', *, *, #6579, .T. );
#4913 = ORIENTED_EDGE( '', *, *, #6580, .T. );
#4914 = ORIENTED_EDGE( '', *, *, #6576, .T. );
#4915 = CARTESIAN_POINT( '', ( -1.02500000000000, 2.00000000000000, -0.600000000000000 ) );
#4916 = DIRECTION( '', ( 0.000000000000000, 0.000000000000000, 1.00000000000000 ) );
#4917 = DIRECTION( '', ( 1.00000000000000, 0.000000000000000, 0.000000000000000 ) );
#4918 = ORIENTED_EDGE( '', *, *, #6560, .F. );
#4919 = ORIENTED_EDGE( '', *, *, #6569, .F. );
#4920 = ORIENTED_EDGE( '', *, *, #6564, .F. );
#4921 = ORIENTED_EDGE( '', *, *, #6544, .F. );
#4922 = CARTESIAN_POINT( '', ( -1.02500000000000, 1.80000000000000, -0.100000000000000 ) );
#4923 = DIRECTION( '', ( 1.00000000000000, 1.44560289664734E-016, -0.000000000000000 ) );
#4924 = DIRECTION( '', ( 1.44560289664734E-016, -1.00000000000000, 0.000000000000000 ) );
#4925 = ORIENTED_EDGE( '', *, *, #6570, .F. );
#4926 = ORIENTED_EDGE( '', *, *, #6558, .F. );
#4927 = ORIENTED_EDGE( '', *, *, #6568, .T. );
#4928 = ORIENTED_EDGE( '', *, *, #6566, .F. );
#4929 = CARTESIAN_POINT( '', ( -0.404745631352587, 1.45000000000000, -5.83157486130180 ) );
#4930 = DIRECTION( '', ( 0.000000000000000, 1.00000000000000, 0.000000000000000 ) );
#4931 = DIRECTION( '', ( 0.000000000000000, 0.000000000000000, 1.00000000000000 ) );
#4932 = ORIENTED_EDGE( '', *, *, #6579, .F. );
#4933 = ORIENTED_EDGE( '', *, *, #6581, .T. );
#4934 = ORIENTED_EDGE( '', *, *, #6554, .F. );
#4935 = ORIENTED_EDGE( '', *, *, #6582, .F. );
#4936 = CARTESIAN_POINT( '', ( -1.02500000000000, 2.10000000000000, -0.500000000000000 ) );
#4937 = DIRECTION( '', ( -1.00000000000000, -1.44560289664734E-016, -0.000000000000000 ) );
#4938 = DIRECTION( '', ( -1.44560289664734E-016, 1.00000000000000, 0.000000000000000 ) );
#4939 = ORIENTED_EDGE( '', *, *, #6583, .F. );
#4940 = ORIENTED_EDGE( '', *, *, #6574, .F. );
#4941 = ORIENTED_EDGE( '', *, *, #6584, .T. );
#4942 = ORIENTED_EDGE( '', *, *, #6540, .F. );
#4943 = CARTESIAN_POINT( '', ( -1.02500000000000, 2.10000000000000, -0.500000000000000 ) );
#4944 = DIRECTION( '', ( 1.00000000000000, 1.44560289664734E-016, -0.000000000000000 ) );
#4945 = DIRECTION( '', ( 1.44560289664734E-016, -1.00000000000000, 0.000000000000000 ) );
#4946 = ORIENTED_EDGE( '', *, *, #6580, .F. );
#4947 = ORIENTED_EDGE( '', *, *, #6582, .T. );
#4948 = ORIENTED_EDGE( '', *, *, #6553, .F. );
#4949 = ORIENTED_EDGE( '', *, *, #6585, .T. );
#4950 = ORIENTED_EDGE( '', *, *, #6541, .F. );
#4951 = ORIENTED_EDGE( '', *, *, #6584, .F. );
#4952 = ORIENTED_EDGE( '', *, *, #6573, .F. );
#4953 = ORIENTED_EDGE( '', *, *, #6577, .F. );
#4954 = CARTESIAN_POINT( '', ( -1.12500000000000, 3.03350470304719, -0.700000000000000 ) );
#4955 = DIRECTION( '', ( 1.00000000000000, 0.000000000000000, 1.54886024640786E-015 ) );
#4956 = DIRECTION( '', ( 1.54886024640786E-015, 0.000000000000000, -1.00000000000000 ) );
#4957 = ORIENTED_EDGE( '', *, *, #6546, .T. );
#4958 = ORIENTED_EDGE( '', *, *, #6563, .F. );
#4959 = ORIENTED_EDGE( '', *, *, #6548, .T. );
#4960 = ORIENTED_EDGE( '', *, *, #6586, .T. );
#4961 = CARTESIAN_POINT( '', ( -2.12500000000000, 3.03350470304719, -0.350000000000000 ) );
#4962 = DIRECTION( '', ( 0.832050294337843, 0.000000000000000, 0.554700196225230 ) );
#4963 = DIRECTION( '', ( 0.554700196225230, 0.000000000000000, -0.832050294337843 ) );
#4964 = ORIENTED_EDGE( '', *, *, #6575, .T. );
#4965 = ORIENTED_EDGE( '', *, *, #6571, .T. );
#4966 = ORIENTED_EDGE( '', *, *, #6583, .T. );
#4967 = ORIENTED_EDGE( '', *, *, #6539, .T. );
#4968 = ORIENTED_EDGE( '', *, *, #6586, .F. );
#4969 = ORIENTED_EDGE( '', *, *, #6547, .T. );
#4970 = ORIENTED_EDGE( '', *, *, #6581, .F. );
#4971 = ORIENTED_EDGE( '', *, *, #6578, .T. );
#4972 = CARTESIAN_POINT( '', ( -2.12500000000000, 3.03350470304719, -0.350000000000000 ) );
#4973 = DIRECTION( '', ( 1.00000000000000, 0.000000000000000, 0.000000000000000 ) );
#4974 = DIRECTION( '', ( 0.000000000000000, 0.000000000000000, -1.00000000000000 ) );
#4975 = ORIENTED_EDGE( '', *, *, #6585, .F. );
#4976 = ORIENTED_EDGE( '', *, *, #6552, .F. );
#4977 = ORIENTED_EDGE( '', *, *, #6555, .T. );
#4978 = ORIENTED_EDGE( '', *, *, #6542, .F. );
#4979 = CARTESIAN_POINT( '', ( -1.12500000000000, 3.03350470304719, -0.350000000000000 ) );
#4980 = DIRECTION( '', ( 0.832050294337844, 0.000000000000000, -0.554700196225229 ) );
#4981 = DIRECTION( '', ( -0.554700196225229, 0.000000000000000, -0.832050294337844 ) );
#4982 = ORIENTED_EDGE( '', *, *, #6587, .T. );
#4983 = ORIENTED_EDGE( '', *, *, #6588, .F. );
#4984 = ORIENTED_EDGE( '', *, *, #6589, .T. );
#4985 = ORIENTED_EDGE( '', *, *, #6590, .F. );
#4986 = CARTESIAN_POINT( '', ( 2.22500000000000, 1.50000000000000, 0.000000000000000 ) );
#4987 = DIRECTION( '', ( 0.000000000000000, 0.000000000000000, 1.00000000000000 ) );
#4988 = DIRECTION( '', ( -1.00000000000000, 0.000000000000000, 0.000000000000000 ) );
#4989 = ORIENTED_EDGE( '', *, *, #6591, .T. );
#4990 = ORIENTED_EDGE( '', *, *, #6592, .F. );
#4991 = ORIENTED_EDGE( '', *, *, #6593, .F. );
#4992 = ORIENTED_EDGE( '', *, *, #6587, .F. );
#4993 = ORIENTED_EDGE( '', *, *, #6594, .F. );
#4994 = ORIENTED_EDGE( '', *, *, #6595, .T. );
#4995 = ORIENTED_EDGE( '', *, *, #6596, .F. );
#4996 = ORIENTED_EDGE( '', *, *, #6597, .F. );
#4997 = CARTESIAN_POINT( '', ( 2.22500000000000, 1.50000000000000, 0.100000000000000 ) );
#4998 = DIRECTION( '', ( -1.00000000000000, 0.000000000000000, 0.000000000000000 ) );
#4999 = DIRECTION( '', ( 0.000000000000000, 0.000000000000000, -1.00000000000000 ) );
#5000 = ORIENTED_EDGE( '', *, *, #6598, .T. );
#5001 = ORIENTED_EDGE( '', *, *, #6588, .T. );
#5002 = ORIENTED_EDGE( '', *, *, #6593, .T. );
#5003 = ORIENTED_EDGE( '', *, *, #6599, .T. );
#5004 = CARTESIAN_POINT( '', ( 2.22500000000000, -1.80000000000000, -0.100000000000000 ) );
#5005 = DIRECTION( '', ( -1.00000000000000, 1.44560289664734E-016, -0.000000000000000 ) );
#5006 = DIRECTION( '', ( -1.44560289664734E-016, -1.00000000000000, 0.000000000000000 ) );
#5007 = ORIENTED_EDGE( '', *, *, #6600, .T. );
#5008 = ORIENTED_EDGE( '', *, *, #6601, .T. );
#5009 = ORIENTED_EDGE( '', *, *, #6602, .F. );
#5010 = ORIENTED_EDGE( '', *, *, #6603, .T. );
#5011 = ORIENTED_EDGE( '', *, *, #6604, .F. );
#5012 = ORIENTED_EDGE( '', *, *, #6589, .F. );
#5013 = ORIENTED_EDGE( '', *, *, #6598, .F. );
#5014 = ORIENTED_EDGE( '', *, *, #6605, .T. );
#5015 = CARTESIAN_POINT( '', ( 1.02500000000000, 1.50000000000000, 0.100000000000000 ) );
#5016 = DIRECTION( '', ( 1.00000000000000, -7.22801448323670E-017, 0.000000000000000 ) );
#5017 = DIRECTION( '', ( -7.22801448323670E-017, -1.00000000000000, 0.000000000000000 ) );
#5018 = ORIENTED_EDGE( '', *, *, #6606, .F. );
#5019 = ORIENTED_EDGE( '', *, *, #6594, .T. );
#5020 = ORIENTED_EDGE( '', *, *, #6590, .T. );
#5021 = ORIENTED_EDGE( '', *, *, #6604, .T. );
#5022 = CARTESIAN_POINT( '', ( 2.72500000000000, -1.45000000000000, -5.83157486130180 ) );
#5023 = DIRECTION( '', ( 0.000000000000000, -1.00000000000000, 0.000000000000000 ) );
#5024 = DIRECTION( '', ( 0.000000000000000, 0.000000000000000, -1.00000000000000 ) );
#5025 = ORIENTED_EDGE( '', *, *, #6606, .T. );
#5026 = ORIENTED_EDGE( '', *, *, #6603, .F. );
#5027 = ORIENTED_EDGE( '', *, *, #6607, .F. );
#5028 = ORIENTED_EDGE( '', *, *, #6595, .F. );
#5029 = CARTESIAN_POINT( '', ( 2.22500000000000, 1.50000000000000, 0.100000000000000 ) );
#5030 = DIRECTION( '', ( 0.000000000000000, 0.000000000000000, 1.00000000000000 ) );
#5031 = DIRECTION( '', ( -1.00000000000000, 0.000000000000000, 0.000000000000000 ) );
#5032 = ORIENTED_EDGE( '', *, *, #6602, .T. );
#5033 = ORIENTED_EDGE( '', *, *, #6608, .T. );
#5034 = ORIENTED_EDGE( '', *, *, #6596, .T. );
#5035 = ORIENTED_EDGE( '', *, *, #6607, .T. );
#5036 = CARTESIAN_POINT( '', ( 1.02500000000000, -1.80000000000000, -0.100000000000000 ) );
#5037 = DIRECTION( '', ( -1.00000000000000, 1.44560289664734E-016, -0.000000000000000 ) );
#5038 = DIRECTION( '', ( -1.44560289664734E-016, -1.00000000000000, 0.000000000000000 ) );
#5039 = ORIENTED_EDGE( '', *, *, #6609, .F. );
#5040 = ORIENTED_EDGE( '', *, *, #6610, .F. );
#5041 = ORIENTED_EDGE( '', *, *, #6611, .F. );
#5042 = ORIENTED_EDGE( '', *, *, #6612, .F. );
#5043 = ORIENTED_EDGE( '', *, *, #6597, .T. );
#5044 = ORIENTED_EDGE( '', *, *, #6608, .F. );
#5045 = ORIENTED_EDGE( '', *, *, #6601, .F. );
#5046 = ORIENTED_EDGE( '', *, *, #6613, .F. );
#5047 = CARTESIAN_POINT( '', ( 1.02500000000000, -2.00000000000000, -0.600000000000000 ) );
#5048 = DIRECTION( '', ( -1.44560289664734E-016, -1.00000000000000, 0.000000000000000 ) );
#5049 = DIRECTION( '', ( -1.00000000000000, 1.44560289664734E-016, 0.000000000000000 ) );
#5050 = ORIENTED_EDGE( '', *, *, #6591, .F. );
#5051 = ORIENTED_EDGE( '', *, *, #6612, .T. );
#5052 = ORIENTED_EDGE( '', *, *, #6614, .T. );
#5053 = ORIENTED_EDGE( '', *, *, #6615, .T. );
#5054 = CARTESIAN_POINT( '', ( 2.12500000000000, -7.48927544499285, -0.350000000000000 ) );
#5055 = DIRECTION( '', ( 0.832050294337844, -1.50351789456382E-016, -0.554700196225229 ) );
#5056 = DIRECTION( '', ( 0.554700196225229, 0.000000000000000, 0.832050294337844 ) );
#5057 = ORIENTED_EDGE( '', *, *, #6605, .F. );
#5058 = ORIENTED_EDGE( '', *, *, #6599, .F. );
#5059 = ORIENTED_EDGE( '', *, *, #6592, .T. );
#5060 = ORIENTED_EDGE( '', *, *, #6615, .F. );
#5061 = ORIENTED_EDGE( '', *, *, #6616, .F. );
#5062 = ORIENTED_EDGE( '', *, *, #6617, .F. );
#5063 = ORIENTED_EDGE( '', *, *, #6618, .F. );
#5064 = ORIENTED_EDGE( '', *, *, #6619, .F. );
#5065 = CARTESIAN_POINT( '', ( 1.02500000000000, -1.90000000000000, 0.000000000000000 ) );
#5066 = DIRECTION( '', ( 1.44560289664734E-016, 1.00000000000000, 0.000000000000000 ) );
#5067 = DIRECTION( '', ( 1.00000000000000, -1.44560289664734E-016, 0.000000000000000 ) );
#5068 = ORIENTED_EDGE( '', *, *, #6620, .F. );
#5069 = ORIENTED_EDGE( '', *, *, #6613, .T. );
#5070 = ORIENTED_EDGE( '', *, *, #6600, .F. );
#5071 = ORIENTED_EDGE( '', *, *, #6619, .T. );
#5072 = CARTESIAN_POINT( '', ( 1.02500000000000, -7.48927544499285, -0.200000000000000 ) );
#5073 = DIRECTION( '', ( -0.832050294337843, 1.50351789456382E-016, -0.554700196225230 ) );
#5074 = DIRECTION( '', ( 0.554700196225229, 0.000000000000000, -0.832050294337843 ) );
#5075 = ORIENTED_EDGE( '', *, *, #6621, .F. );
#5076 = ORIENTED_EDGE( '', *, *, #6622, .T. );
#5077 = ORIENTED_EDGE( '', *, *, #6623, .T. );
#5078 = ORIENTED_EDGE( '', *, *, #6624, .F. );
#5079 = ORIENTED_EDGE( '', *, *, #6609, .T. );
#5080 = ORIENTED_EDGE( '', *, *, #6620, .T. );
#5081 = ORIENTED_EDGE( '', *, *, #6618, .T. );
#5082 = ORIENTED_EDGE( '', *, *, #6625, .T. );
#5083 = CARTESIAN_POINT( '', ( 1.12500000000000, -7.48927544499285, -0.350000000000000 ) );
#5084 = DIRECTION( '', ( -1.00000000000000, 1.80700362080917E-016, 0.000000000000000 ) );
#5085 = DIRECTION( '', ( 1.80700362080917E-016, 1.00000000000000, 0.000000000000000 ) );
#5086 = ORIENTED_EDGE( '', *, *, #6624, .T. );
#5087 = ORIENTED_EDGE( '', *, *, #6626, .T. );
#5088 = ORIENTED_EDGE( '', *, *, #6627, .T. );
#5089 = ORIENTED_EDGE( '', *, *, #6610, .T. );
#5090 = CARTESIAN_POINT( '', ( 1.02500000000000, -2.10000000000000, -0.500000000000000 ) );
#5091 = DIRECTION( '', ( 1.00000000000000, -1.44560289664734E-016, -0.000000000000000 ) );
#5092 = DIRECTION( '', ( 1.44560289664734E-016, 1.00000000000000, 0.000000000000000 ) );
#5093 = ORIENTED_EDGE( '', *, *, #6628, .T. );
#5094 = ORIENTED_EDGE( '', *, *, #6629, .T. );
#5095 = ORIENTED_EDGE( '', *, *, #6630, .T. );
#5096 = ORIENTED_EDGE( '', *, *, #6631, .T. );
#5097 = ORIENTED_EDGE( '', *, *, #6616, .T. );
#5098 = ORIENTED_EDGE( '', *, *, #6614, .F. );
#5099 = ORIENTED_EDGE( '', *, *, #6611, .T. );
#5100 = ORIENTED_EDGE( '', *, *, #6627, .F. );
#5101 = CARTESIAN_POINT( '', ( 2.12500000000000, -7.48927544499285, -0.700000000000000 ) );
#5102 = DIRECTION( '', ( 1.00000000000000, -1.80700362080917E-016, 0.000000000000000 ) );
#5103 = DIRECTION( '', ( -1.80700362080917E-016, -1.00000000000000, 0.000000000000000 ) );
#5104 = ORIENTED_EDGE( '', *, *, #6617, .T. );
#5105 = ORIENTED_EDGE( '', *, *, #6631, .F. );
#5106 = ORIENTED_EDGE( '', *, *, #6632, .T. );
#5107 = ORIENTED_EDGE( '', *, *, #6625, .F. );
#5108 = CARTESIAN_POINT( '', ( 1.02500000000000, -2.10000000000000, -0.500000000000000 ) );
#5109 = DIRECTION( '', ( -1.00000000000000, 1.44560289664734E-016, -0.000000000000000 ) );
#5110 = DIRECTION( '', ( -1.44560289664734E-016, -1.00000000000000, 0.000000000000000 ) );
#5111 = ORIENTED_EDGE( '', *, *, #6632, .F. );
#5112 = ORIENTED_EDGE( '', *, *, #6630, .F. );
#5113 = ORIENTED_EDGE( '', *, *, #6633, .F. );
#5114 = ORIENTED_EDGE( '', *, *, #6621, .T. );
#5115 = CARTESIAN_POINT( '', ( 1.02500000000000, -1.90000000000000, -0.700000000000000 ) );
#5116 = DIRECTION( '', ( 0.000000000000000, 0.000000000000000, -1.00000000000000 ) );
#5117 = DIRECTION( '', ( 1.00000000000000, 0.000000000000000, 0.000000000000000 ) );
#5118 = ORIENTED_EDGE( '', *, *, #6633, .T. );
#5119 = ORIENTED_EDGE( '', *, *, #6629, .F. );
#5120 = ORIENTED_EDGE( '', *, *, #6634, .F. );
#5121 = ORIENTED_EDGE( '', *, *, #6622, .F. );
#5122 = CARTESIAN_POINT( '', ( 1.02500000000000, -2.70000000000000, -0.700000000000000 ) );
#5123 = DIRECTION( '', ( -1.44560289664734E-016, -1.00000000000000, 0.000000000000000 ) );
#5124 = DIRECTION( '', ( -1.00000000000000, 1.44560289664734E-016, 0.000000000000000 ) );
#5125 = ORIENTED_EDGE( '', *, *, #6634, .T. );
#5126 = ORIENTED_EDGE( '', *, *, #6628, .F. );
#5127 = ORIENTED_EDGE( '', *, *, #6626, .F. );
#5128 = ORIENTED_EDGE( '', *, *, #6623, .F. );
#5129 = CARTESIAN_POINT( '', ( 1.02500000000000, -2.70000000000000, -0.600000000000000 ) );
#5130 = DIRECTION( '', ( 0.000000000000000, 0.000000000000000, 1.00000000000000 ) );
#5131 = DIRECTION( '', ( -1.00000000000000, 0.000000000000000, 0.000000000000000 ) );
#5132 = ORIENTED_EDGE( '', *, *, #6635, .T. );
#5133 = ORIENTED_EDGE( '', *, *, #6636, .T. );
#5134 = ORIENTED_EDGE( '', *, *, #6637, .F. );
#5135 = ORIENTED_EDGE( '', *, *, #6638, .T. );
#5136 = CARTESIAN_POINT( '', ( 1.02500000000000, 2.10000000000000, -0.500000000000000 ) );
#5137 = DIRECTION( '', ( -1.00000000000000, 1.44560289664734E-016, -0.000000000000000 ) );
#5138 = DIRECTION( '', ( -1.44560289664734E-016, -1.00000000000000, 0.000000000000000 ) );
#5139 = ORIENTED_EDGE( '', *, *, #6639, .T. );
#5140 = ORIENTED_EDGE( '', *, *, #6640, .T. );
#5141 = ORIENTED_EDGE( '', *, *, #6641, .T. );
#5142 = ORIENTED_EDGE( '', *, *, #6642, .F. );
#5143 = ORIENTED_EDGE( '', *, *, #6643, .F. );
#5144 = ORIENTED_EDGE( '', *, *, #6644, .F. );
#5145 = ORIENTED_EDGE( '', *, *, #6645, .F. );
#5146 = ORIENTED_EDGE( '', *, *, #6636, .F. );
#5147 = CARTESIAN_POINT( '', ( 1.02500000000000, 1.90000000000000, -0.700000000000000 ) );
#5148 = DIRECTION( '', ( -1.44560289664734E-016, -1.00000000000000, 0.000000000000000 ) );
#5149 = DIRECTION( '', ( -1.00000000000000, 1.44560289664734E-016, 0.000000000000000 ) );
#5150 = ORIENTED_EDGE( '', *, *, #6646, .T. );
#5151 = ORIENTED_EDGE( '', *, *, #6638, .F. );
#5152 = ORIENTED_EDGE( '', *, *, #6647, .F. );
#5153 = ORIENTED_EDGE( '', *, *, #6648, .T. );
#5154 = CARTESIAN_POINT( '', ( 1.02500000000000, 2.70000000000000, -0.700000000000000 ) );
#5155 = DIRECTION( '', ( 0.000000000000000, 0.000000000000000, -1.00000000000000 ) );
#5156 = DIRECTION( '', ( 1.00000000000000, 0.000000000000000, 0.000000000000000 ) );
#5157 = ORIENTED_EDGE( '', *, *, #6649, .T. );
#5158 = ORIENTED_EDGE( '', *, *, #6648, .F. );
#5159 = ORIENTED_EDGE( '', *, *, #6650, .F. );
#5160 = ORIENTED_EDGE( '', *, *, #6651, .T. );
#5161 = CARTESIAN_POINT( '', ( 1.02500000000000, 2.70000000000000, -0.600000000000000 ) );
#5162 = DIRECTION( '', ( 1.44560289664734E-016, 1.00000000000000, 0.000000000000000 ) );
#5163 = DIRECTION( '', ( 1.00000000000000, -1.44560289664734E-016, 0.000000000000000 ) );
#5164 = ORIENTED_EDGE( '', *, *, #6652, .T. );
#5165 = ORIENTED_EDGE( '', *, *, #6651, .F. );
#5166 = ORIENTED_EDGE( '', *, *, #6653, .F. );
#5167 = ORIENTED_EDGE( '', *, *, #6654, .F. );
#5168 = CARTESIAN_POINT( '', ( 1.02500000000000, 2.00000000000000, -0.600000000000000 ) );
#5169 = DIRECTION( '', ( 0.000000000000000, 0.000000000000000, 1.00000000000000 ) );
#5170 = DIRECTION( '', ( -1.00000000000000, 0.000000000000000, 0.000000000000000 ) );
#5171 = ORIENTED_EDGE( '', *, *, #6655, .T. );
#5172 = ORIENTED_EDGE( '', *, *, #6656, .F. );
#5173 = ORIENTED_EDGE( '', *, *, #6657, .F. );
#5174 = ORIENTED_EDGE( '', *, *, #6658, .F. );
#5175 = ORIENTED_EDGE( '', *, *, #6659, .F. );
#5176 = ORIENTED_EDGE( '', *, *, #6660, .F. );
#5177 = ORIENTED_EDGE( '', *, *, #6661, .T. );
#5178 = ORIENTED_EDGE( '', *, *, #6662, .T. );
#5179 = CARTESIAN_POINT( '', ( 1.02500000000000, 2.00000000000000, 0.100000000000000 ) );
#5180 = DIRECTION( '', ( 1.44560289664734E-016, 1.00000000000000, 0.000000000000000 ) );
#5181 = DIRECTION( '', ( 1.00000000000000, -1.44560289664734E-016, 0.000000000000000 ) );
#5182 = ORIENTED_EDGE( '', *, *, #6663, .T. );
#5183 = ORIENTED_EDGE( '', *, *, #6643, .T. );
#5184 = ORIENTED_EDGE( '', *, *, #6664, .F. );
#5185 = ORIENTED_EDGE( '', *, *, #6665, .F. );
#5186 = ORIENTED_EDGE( '', *, *, #6666, .F. );
#5187 = ORIENTED_EDGE( '', *, *, #6667, .T. );
#5188 = ORIENTED_EDGE( '', *, *, #6668, .F. );
#5189 = ORIENTED_EDGE( '', *, *, #6659, .T. );
#5190 = CARTESIAN_POINT( '', ( 1.02500000000000, 1.50000000000000, 0.100000000000000 ) );
#5191 = DIRECTION( '', ( 1.00000000000000, -7.22801448323670E-017, 0.000000000000000 ) );
#5192 = DIRECTION( '', ( -7.22801448323670E-017, -1.00000000000000, 0.000000000000000 ) );
#5193 = ORIENTED_EDGE( '', *, *, #6667, .F. );
#5194 = ORIENTED_EDGE( '', *, *, #6669, .T. );
#5195 = ORIENTED_EDGE( '', *, *, #6670, .F. );
#5196 = ORIENTED_EDGE( '', *, *, #6671, .F. );
#5197 = CARTESIAN_POINT( '', ( 2.22500000000000, 1.50000000000000, 0.100000000000000 ) );
#5198 = DIRECTION( '', ( 0.000000000000000, 0.000000000000000, 1.00000000000000 ) );
#5199 = DIRECTION( '', ( -1.00000000000000, 0.000000000000000, 0.000000000000000 ) );
#5200 = ORIENTED_EDGE( '', *, *, #6672, .T. );
#5201 = ORIENTED_EDGE( '', *, *, #6673, .F. );
#5202 = ORIENTED_EDGE( '', *, *, #6665, .T. );
#5203 = ORIENTED_EDGE( '', *, *, #6674, .F. );
#5204 = CARTESIAN_POINT( '', ( 2.22500000000000, 1.50000000000000, 0.000000000000000 ) );
#5205 = DIRECTION( '', ( 0.000000000000000, 0.000000000000000, 1.00000000000000 ) );
#5206 = DIRECTION( '', ( -1.00000000000000, 0.000000000000000, 0.000000000000000 ) );
#5207 = ORIENTED_EDGE( '', *, *, #6661, .F. );
#5208 = ORIENTED_EDGE( '', *, *, #6675, .F. );
#5209 = ORIENTED_EDGE( '', *, *, #6670, .T. );
#5210 = ORIENTED_EDGE( '', *, *, #6676, .F. );
#5211 = ORIENTED_EDGE( '', *, *, #6672, .F. );
#5212 = ORIENTED_EDGE( '', *, *, #6677, .F. );
#5213 = ORIENTED_EDGE( '', *, *, #6641, .F. );
#5214 = ORIENTED_EDGE( '', *, *, #6678, .F. );
#5215 = CARTESIAN_POINT( '', ( 2.22500000000000, 1.50000000000000, 0.100000000000000 ) );
#5216 = DIRECTION( '', ( -1.00000000000000, 0.000000000000000, 0.000000000000000 ) );
#5217 = DIRECTION( '', ( 0.000000000000000, 0.000000000000000, -1.00000000000000 ) );
#5218 = ORIENTED_EDGE( '', *, *, #6664, .T. );
#5219 = ORIENTED_EDGE( '', *, *, #6642, .T. );
#5220 = ORIENTED_EDGE( '', *, *, #6677, .T. );
#5221 = ORIENTED_EDGE( '', *, *, #6674, .T. );
#5222 = CARTESIAN_POINT( '', ( 1.02500000000000, 1.80000000000000, -0.100000000000000 ) );
#5223 = DIRECTION( '', ( -1.00000000000000, 1.44560289664734E-016, -0.000000000000000 ) );
#5224 = DIRECTION( '', ( -1.44560289664734E-016, -1.00000000000000, 0.000000000000000 ) );
#5225 = ORIENTED_EDGE( '', *, *, #6668, .T. );
#5226 = ORIENTED_EDGE( '', *, *, #6671, .T. );
#5227 = ORIENTED_EDGE( '', *, *, #6675, .T. );
#5228 = ORIENTED_EDGE( '', *, *, #6660, .T. );
#5229 = CARTESIAN_POINT( '', ( 2.22500000000000, 1.80000000000000, -0.100000000000000 ) );
#5230 = DIRECTION( '', ( -1.00000000000000, 1.44560289664734E-016, -0.000000000000000 ) );
#5231 = DIRECTION( '', ( -1.44560289664734E-016, -1.00000000000000, 0.000000000000000 ) );
#5232 = ORIENTED_EDGE( '', *, *, #6673, .T. );
#5233 = ORIENTED_EDGE( '', *, *, #6676, .T. );
#5234 = ORIENTED_EDGE( '', *, *, #6669, .F. );
#5235 = ORIENTED_EDGE( '', *, *, #6666, .T. );
#5236 = CARTESIAN_POINT( '', ( 0.404745631352587, 1.45000000000000, -5.83157486130180 ) );
#5237 = DIRECTION( '', ( 0.000000000000000, 1.00000000000000, 0.000000000000000 ) );
#5238 = DIRECTION( '', ( 0.000000000000000, 0.000000000000000, 1.00000000000000 ) );
#5239 = ORIENTED_EDGE( '', *, *, #6654, .T. );
#5240 = ORIENTED_EDGE( '', *, *, #6679, .T. );
#5241 = ORIENTED_EDGE( '', *, *, #6656, .T. );
#5242 = ORIENTED_EDGE( '', *, *, #6680, .F. );
#5243 = CARTESIAN_POINT( '', ( 1.02500000000000, 2.10000000000000, -0.500000000000000 ) );
#5244 = DIRECTION( '', ( 1.00000000000000, -1.44560289664734E-016, -0.000000000000000 ) );
#5245 = DIRECTION( '', ( 1.44560289664734E-016, 1.00000000000000, 0.000000000000000 ) );
#5246 = ORIENTED_EDGE( '', *, *, #6653, .T. );
#5247 = ORIENTED_EDGE( '', *, *, #6650, .T. );
#5248 = ORIENTED_EDGE( '', *, *, #6647, .T. );
#5249 = ORIENTED_EDGE( '', *, *, #6637, .T. );
#5250 = ORIENTED_EDGE( '', *, *, #6645, .T. );
#5251 = ORIENTED_EDGE( '', *, *, #6681, .F. );
#5252 = ORIENTED_EDGE( '', *, *, #6657, .T. );
#5253 = ORIENTED_EDGE( '', *, *, #6679, .F. );
#5254 = CARTESIAN_POINT( '', ( 1.12500000000000, 3.03350470304719, -0.700000000000000 ) );
#5255 = DIRECTION( '', ( -1.00000000000000, 0.000000000000000, 1.54886024640786E-015 ) );
#5256 = DIRECTION( '', ( -1.54886024640786E-015, 0.000000000000000, -1.00000000000000 ) );
#5257 = ORIENTED_EDGE( '', *, *, #6681, .T. );
#5258 = ORIENTED_EDGE( '', *, *, #6644, .T. );
#5259 = ORIENTED_EDGE( '', *, *, #6663, .F. );
#5260 = ORIENTED_EDGE( '', *, *, #6658, .T. );
#5261 = CARTESIAN_POINT( '', ( 1.12500000000000, 3.03350470304719, -0.350000000000000 ) );
#5262 = DIRECTION( '', ( -0.832050294337844, 0.000000000000000, -0.554700196225229 ) );
#5263 = DIRECTION( '', ( 0.554700196225229, 0.000000000000000, -0.832050294337844 ) );
#5264 = ORIENTED_EDGE( '', *, *, #6640, .F. );
#5265 = ORIENTED_EDGE( '', *, *, #6682, .F. );
#5266 = ORIENTED_EDGE( '', *, *, #6662, .F. );
#5267 = ORIENTED_EDGE( '', *, *, #6678, .T. );
#5268 = CARTESIAN_POINT( '', ( 2.12500000000000, 3.03350470304719, -0.350000000000000 ) );
#5269 = DIRECTION( '', ( -0.832050294337843, 0.000000000000000, 0.554700196225230 ) );
#5270 = DIRECTION( '', ( -0.554700196225230, 0.000000000000000, -0.832050294337843 ) );
#5271 = ORIENTED_EDGE( '', *, *, #6649, .F. );
#5272 = ORIENTED_EDGE( '', *, *, #6652, .F. );
#5273 = ORIENTED_EDGE( '', *, *, #6680, .T. );
#5274 = ORIENTED_EDGE( '', *, *, #6655, .F. );
#5275 = ORIENTED_EDGE( '', *, *, #6682, .T. );
#5276 = ORIENTED_EDGE( '', *, *, #6639, .F. );
#5277 = ORIENTED_EDGE( '', *, *, #6635, .F. );
#5278 = ORIENTED_EDGE( '', *, *, #6646, .F. );
#5279 = CARTESIAN_POINT( '', ( 2.12500000000000, 3.03350470304719, -0.350000000000000 ) );
#5280 = DIRECTION( '', ( -1.00000000000000, 0.000000000000000, 0.000000000000000 ) );
#5281 = DIRECTION( '', ( 0.000000000000000, 0.000000000000000, -1.00000000000000 ) );
#5282 = COLOUR_RGB( '', 0.000000000000000, 0.000000000000000, 0.600000023841858 );
#5283 = CARTESIAN_POINT( '', ( 2.20000000000000, 1.10000000000000, 0.000000000000000 ) );
#5284 = CARTESIAN_POINT( '', ( 0.800000000000000, 1.10000000000000, 0.000000000000000 ) );
#5285 = CARTESIAN_POINT( '', ( 0.600000000000000, 1.10000000000000, 0.000000000000000 ) );
#5286 = VECTOR( '', #6683, 1000.00000000000 );
#5287 = CARTESIAN_POINT( '', ( 0.800000000000000, 1.45000000000000, -1.50937949502884E-016 ) );
#5288 = CARTESIAN_POINT( '', ( 0.800000000000000, 1.45000000000000, 0.000000000000000 ) );
#5289 = VECTOR( '', #6684, 1000.00000000000 );
#5290 = CARTESIAN_POINT( '', ( 2.55000000000000, 1.45000000000000, 0.000000000000000 ) );
#5291 = CARTESIAN_POINT( '', ( 2.55000000000000, 1.45000000000000, 0.000000000000000 ) );
#5292 = VECTOR( '', #6685, 1000.00000000000 );
#5293 = CARTESIAN_POINT( '', ( 2.55000000000000, 0.650000000000000, -5.42101086242752E-017 ) );
#5294 = CARTESIAN_POINT( '', ( 2.55000000000000, -1.45000000000000, 0.000000000000000 ) );
#5295 = VECTOR( '', #6686, 1000.00000000000 );
#5296 = CARTESIAN_POINT( '', ( 2.20000000000000, 0.650000000000000, -6.77626357803440E-018 ) );
#5297 = CARTESIAN_POINT( '', ( 2.20000000000000, 0.650000000000000, 0.000000000000000 ) );
#5298 = VECTOR( '', #6687, 1000.00000000000 );
#5299 = CARTESIAN_POINT( '', ( 2.20000000000000, 1.10000000000000, 0.000000000000000 ) );
#5300 = VECTOR( '', #6688, 1000.00000000000 );
#5301 = COLOUR_RGB( '', 0.000000000000000, 0.000000000000000, 0.600000023841858 );
#5302 = CARTESIAN_POINT( '', ( 2.20000000000000, 0.300000000000000, 4.55000000000000 ) );
#5303 = CARTESIAN_POINT( '', ( 2.20000000000000, -0.300000000000000, 4.55000000000000 ) );
#5304 = CARTESIAN_POINT( '', ( 2.20000000000000, -0.400000000000000, 4.55000000000000 ) );
#5305 = VECTOR( '', #6689, 1000.00000000000 );
#5306 = CARTESIAN_POINT( '', ( 2.60000000000000, -0.300000000000000, 4.55000000000000 ) );
#5307 = CARTESIAN_POINT( '', ( -2.60000000000000, -0.300000000000000, 4.55000000000000 ) );
#5308 = VECTOR( '', #6690, 1000.00000000000 );
#5309 = CARTESIAN_POINT( '', ( 2.60000000000000, 0.300000000000000, 4.55000000000000 ) );
#5310 = CARTESIAN_POINT( '', ( 2.60000000000000, -0.300000000000000, 4.55000000000000 ) );
#5311 = VECTOR( '', #6691, 1000.00000000000 );
#5312 = CARTESIAN_POINT( '', ( -2.60000000000000, 0.300000000000000, 4.55000000000000 ) );
#5313 = VECTOR( '', #6692, 1000.00000000000 );
#5314 = COLOUR_RGB( '', 0.000000000000000, 0.000000000000000, 0.600000023841858 );
#5315 = CARTESIAN_POINT( '', ( -0.800000000000000, 1.10000000000000, -5.42101086242752E-017 ) );
#5316 = CARTESIAN_POINT( '', ( -2.20000000000000, 1.10000000000000, 0.000000000000000 ) );
#5317 = CARTESIAN_POINT( '', ( -2.20000000000000, 1.10000000000000, 0.000000000000000 ) );
#5318 = VECTOR( '', #6693, 1000.00000000000 );
#5319 = CARTESIAN_POINT( '', ( -0.600000000000000, 1.10000000000000, 0.200000000000000 ) );
#5320 = CARTESIAN_POINT( '', ( -1.32500000000000, 1.10000000000000, -0.525000000000000 ) );
#5321 = VECTOR( '', #6694, 1000.00000000000 );
#5322 = CARTESIAN_POINT( '', ( -0.600000000000000, 1.10000000000000, 0.350000000000000 ) );
#5323 = CARTESIAN_POINT( '', ( -0.600000000000000, 1.10000000000000, 0.350000000000000 ) );
#5324 = VECTOR( '', #6695, 1000.00000000000 );
#5325 = CARTESIAN_POINT( '', ( -2.20000000000000, 1.10000000000000, 0.350000000000000 ) );
#5326 = CARTESIAN_POINT( '', ( -2.20000000000000, 1.10000000000000, 0.350000000000000 ) );
#5327 = VECTOR( '', #6696, 1000.00000000000 );
#5328 = CARTESIAN_POINT( '', ( -2.20000000000000, 1.10000000000000, 0.350000000000000 ) );
#5329 = VECTOR( '', #6697, 1000.00000000000 );
#5330 = COLOUR_RGB( '', 0.698039233684540, 0.698039233684540, 0.000000000000000 );
#5331 = CARTESIAN_POINT( '', ( -3.20000000000000, -0.400000000000000, -1.75000000000000 ) );
#5332 = CARTESIAN_POINT( '', ( -3.20000000000000, -0.472000000000000, 0.350000000000000 ) );
#5333 = CARTESIAN_POINT( '', ( -3.20000000000000, -0.400000000000000, -1.75000000000000 ) );
#5334 = VECTOR( '', #6698, 1000.00000000000 );
#5335 = CARTESIAN_POINT( '', ( -2.65000000000000, -0.472000000000000, 0.350000000000000 ) );
#5336 = CARTESIAN_POINT( '', ( -2.60000000000000, -0.472000000000000, 0.350000000000000 ) );
#5337 = VECTOR( '', #6699, 1000.00000000000 );
#5338 = CARTESIAN_POINT( '', ( -2.60000000000000, -0.472000000000000, 0.350000000000000 ) );
#5339 = CARTESIAN_POINT( '', ( -2.60000000000000, -0.472000000000000, 0.350000000000000 ) );
#5340 = VECTOR( '', #6700, 1000.00000000000 );
#5341 = CARTESIAN_POINT( '', ( -2.60000000000000, -0.460000000000000, -5.42101086242752E-017 ) );
#5342 = CARTESIAN_POINT( '', ( -2.60000000000000, -0.400000000000000, -1.75000000000000 ) );
#5343 = VECTOR( '', #6701, 1000.00000000000 );
#5344 = CARTESIAN_POINT( '', ( -2.60000000000000, -0.400000000000000, -1.75000000000000 ) );
#5345 = CARTESIAN_POINT( '', ( -2.60000000000000, -0.400000000000000, -1.75000000000000 ) );
#5346 = VECTOR( '', #6702, 1000.00000000000 );
#5347 = CARTESIAN_POINT( '', ( -2.60000000000000, -0.400000000000000, -1.75000000000000 ) );
#5348 = VECTOR( '', #6703, 1000.00000000000 );
#5349 = COLOUR_RGB( '', 0.000000000000000, 0.000000000000000, 0.600000023841858 );
#5350 = CARTESIAN_POINT( '', ( 0.600000000000000, 1.10000000000000, 0.200000000000000 ) );
#5351 = CARTESIAN_POINT( '', ( 0.525000000000000, 1.10000000000000, 0.275000000000000 ) );
#5352 = VECTOR( '', #6704, 1000.00000000000 );
#5353 = CARTESIAN_POINT( '', ( 0.600000000000000, 1.45000000000000, 0.200000000000000 ) );
#5354 = CARTESIAN_POINT( '', ( 0.600000000000000, 1.10000000000000, 0.200000000000000 ) );
#5355 = VECTOR( '', #6705, 1000.00000000000 );
#5356 = CARTESIAN_POINT( '', ( 0.800000000000000, 1.45000000000000, -6.16507117687836E-017 ) );
#5357 = VECTOR( '', #6706, 1000.00000000000 );
#5358 = COLOUR_RGB( '', 0.000000000000000, 0.000000000000000, 0.600000023841858 );
#5359 = CARTESIAN_POINT( '', ( 0.600000000000000, -1.45000000000000, 0.350000000000000 ) );
#5360 = CARTESIAN_POINT( '', ( 0.600000000000000, -1.45000000000000, 0.200000000000000 ) );
#5361 = CARTESIAN_POINT( '', ( 0.600000000000000, -1.45000000000000, 0.350000000000000 ) );
#5362 = VECTOR( '', #6707, 1000.00000000000 );
#5363 = CARTESIAN_POINT( '', ( 0.800000000000000, -1.45000000000000, 1.08420217248550E-016 ) );
#5364 = CARTESIAN_POINT( '', ( 0.800000000000000, -1.45000000000000, 3.02799390638575E-033 ) );
#5365 = VECTOR( '', #6708, 1000.00000000000 );
#5366 = CARTESIAN_POINT( '', ( 2.55000000000000, -1.45000000000000, 0.000000000000000 ) );
#5367 = CARTESIAN_POINT( '', ( -2.55000000000000, -1.45000000000000, 0.000000000000000 ) );
#5368 = VECTOR( '', #6709, 1000.00000000000 );
#5369 = CARTESIAN_POINT( '', ( 2.55000000000000, -1.45000000000000, 0.700000000000000 ) );
#5370 = CARTESIAN_POINT( '', ( 2.55000000000000, -1.45000000000000, 0.700000000000000 ) );
#5371 = VECTOR( '', #6710, 1000.00000000000 );
#5372 = CARTESIAN_POINT( '', ( 2.35000000000000, -1.45000000000000, 0.700000000000000 ) );
#5373 = CARTESIAN_POINT( '', ( -2.55000000000000, -1.45000000000000, 0.700000000000000 ) );
#5374 = VECTOR( '', #6711, 1000.00000000000 );
#5375 = CARTESIAN_POINT( '', ( 2.35000000000000, -1.45000000000000, 0.800000000000000 ) );
#5376 = CARTESIAN_POINT( '', ( 2.35000000000000, -1.45000000000000, 0.800000000000000 ) );
#5377 = VECTOR( '', #6712, 1000.00000000000 );
#5378 = CARTESIAN_POINT( '', ( 1.15000000000000, -1.45000000000000, 0.800000000000000 ) );
#5379 = CARTESIAN_POINT( '', ( 1.15000000000000, -1.45000000000000, 0.800000000000000 ) );
#5380 = VECTOR( '', #6713, 1000.00000000000 );
#5381 = CARTESIAN_POINT( '', ( 1.15000000000000, -1.45000000000000, 0.700000000000000 ) );
#5382 = CARTESIAN_POINT( '', ( 1.15000000000000, -1.45000000000000, 0.800000000000000 ) );
#5383 = VECTOR( '', #6714, 1000.00000000000 );
#5384 = CARTESIAN_POINT( '', ( -0.900000000000000, -1.45000000000000, 0.700000000000000 ) );
#5385 = CARTESIAN_POINT( '', ( -2.55000000000000, -1.45000000000000, 0.700000000000000 ) );
#5386 = VECTOR( '', #6715, 1000.00000000000 );
#5387 = CARTESIAN_POINT( '', ( -0.900000000000000, -1.45000000000000, 0.800000000000000 ) );
#5388 = CARTESIAN_POINT( '', ( -0.900000000000000, -1.45000000000000, 0.800000000000000 ) );
#5389 = VECTOR( '', #6716, 1000.00000000000 );
#5390 = CARTESIAN_POINT( '', ( -2.10000000000000, -1.45000000000000, 0.800000000000000 ) );
#5391 = CARTESIAN_POINT( '', ( -2.10000000000000, -1.45000000000000, 0.800000000000000 ) );
#5392 = VECTOR( '', #6717, 1000.00000000000 );
#5393 = CARTESIAN_POINT( '', ( -2.10000000000000, -1.45000000000000, 0.700000000000000 ) );
#5394 = CARTESIAN_POINT( '', ( -2.10000000000000, -1.45000000000000, 0.800000000000000 ) );
#5395 = VECTOR( '', #6718, 1000.00000000000 );
#5396 = CARTESIAN_POINT( '', ( -2.55000000000000, -1.45000000000000, 0.700000000000000 ) );
#5397 = CARTESIAN_POINT( '', ( -2.55000000000000, -1.45000000000000, 0.700000000000000 ) );
#5398 = VECTOR( '', #6719, 1000.00000000000 );
#5399 = CARTESIAN_POINT( '', ( -2.55000000000000, -1.45000000000000, 0.000000000000000 ) );
#5400 = CARTESIAN_POINT( '', ( -2.55000000000000, -1.45000000000000, 0.700000000000000 ) );
#5401 = VECTOR( '', #6720, 1000.00000000000 );
#5402 = CARTESIAN_POINT( '', ( -0.800000000000000, -1.45000000000000, -3.95446965386199E-034 ) );
#5403 = CARTESIAN_POINT( '', ( -2.55000000000000, -1.45000000000000, 0.000000000000000 ) );
#5404 = VECTOR( '', #6721, 1000.00000000000 );
#5405 = CARTESIAN_POINT( '', ( -0.600000000000000, -1.45000000000000, 0.200000000000000 ) );
#5406 = CARTESIAN_POINT( '', ( -0.800000000000000, -1.45000000000000, -1.58178786154479E-033 ) );
#5407 = VECTOR( '', #6722, 1000.00000000000 );
#5408 = CARTESIAN_POINT( '', ( -0.600000000000000, -1.45000000000000, 0.350000000000000 ) );
#5409 = CARTESIAN_POINT( '', ( -0.600000000000000, -1.45000000000000, 0.350000000000000 ) );
#5410 = VECTOR( '', #6723, 1000.00000000000 );
#5411 = CARTESIAN_POINT( '', ( -0.600000000000000, -1.45000000000000, 0.350000000000000 ) );
#5412 = VECTOR( '', #6724, 1000.00000000000 );
#5413 = COLOUR_RGB( '', 0.000000000000000, 0.000000000000000, 0.600000023841858 );
#5414 = CARTESIAN_POINT( '', ( -0.600000000000000, 1.45000000000000, 0.200000000000000 ) );
#5415 = CARTESIAN_POINT( '', ( -0.800000000000000, 1.45000000000000, 2.36125263055317E-016 ) );
#5416 = CARTESIAN_POINT( '', ( -0.800000000000000, 1.45000000000000, 5.10820183227064E-016 ) );
#5417 = VECTOR( '', #6725, 1000.00000000000 );
#5418 = CARTESIAN_POINT( '', ( -0.600000000000000, 1.45000000000000, 0.200000000000000 ) );
#5419 = VECTOR( '', #6726, 1000.00000000000 );
#5420 = CARTESIAN_POINT( '', ( -0.800000000000000, 1.10000000000000, 0.000000000000000 ) );
#5421 = VECTOR( '', #6727, 1000.00000000000 );
#5422 = COLOUR_RGB( '', 0.000000000000000, 0.000000000000000, 0.600000023841858 );
#5423 = CARTESIAN_POINT( '', ( 2.20000000000000, 0.500000000000000, 0.350000000000000 ) );
#5424 = CARTESIAN_POINT( '', ( 2.20000000000000, 0.500000000000000, 0.150000000000000 ) );
#5425 = CARTESIAN_POINT( '', ( 2.20000000000000, 0.500000000000000, 0.350000000000000 ) );
#5426 = VECTOR( '', #6728, 1000.00000000000 );
#5427 = CARTESIAN_POINT( '', ( 2.55000000000000, 0.500000000000000, 0.150000000000000 ) );
#5428 = CARTESIAN_POINT( '', ( 2.55000000000000, 0.500000000000000, 0.150000000000000 ) );
#5429 = VECTOR( '', #6729, 1000.00000000000 );
#5430 = CARTESIAN_POINT( '', ( 2.55000000000000, 0.500000000000000, 0.350000000000000 ) );
#5431 = CARTESIAN_POINT( '', ( 2.55000000000000, 0.500000000000000, 0.350000000000000 ) );
#5432 = VECTOR( '', #6730, 1000.00000000000 );
#5433 = CARTESIAN_POINT( '', ( 2.20000000000000, 0.500000000000000, 0.350000000000000 ) );
#5434 = VECTOR( '', #6731, 1000.00000000000 );
#5435 = COLOUR_RGB( '', 0.698039233684540, 0.698039233684540, 0.000000000000000 );
#5436 = CARTESIAN_POINT( '', ( 3.20000000000000, -0.472000000000000, 0.350000000000000 ) );
#5437 = CARTESIAN_POINT( '', ( 3.20000000000000, -0.400000000000000, -1.75000000000000 ) );
#5438 = CARTESIAN_POINT( '', ( 3.20000000000000, -0.472000000000000, 0.350000000000000 ) );
#5439 = VECTOR( '', #6732, 1000.00000000000 );
#5440 = CARTESIAN_POINT( '', ( 2.60000000000000, -0.400000000000000, -1.75000000000000 ) );
#5441 = CARTESIAN_POINT( '', ( 2.60000000000000, -0.400000000000000, -1.75000000000000 ) );
#5442 = VECTOR( '', #6733, 1000.00000000000 );
#5443 = CARTESIAN_POINT( '', ( 2.60000000000000, -0.460000000000000, -1.08420217248550E-016 ) );
#5444 = CARTESIAN_POINT( '', ( 2.60000000000000, -0.470154267636411, 0.296166139395323 ) );
#5445 = VECTOR( '', #6734, 1000.00000000000 );
#5446 = CARTESIAN_POINT( '', ( 2.60000000000000, -0.472000000000000, 0.350000000000000 ) );
#5447 = CARTESIAN_POINT( '', ( 2.60000000000000, -0.472000000000000, 0.350000000000000 ) );
#5448 = VECTOR( '', #6735, 1000.00000000000 );
#5449 = CARTESIAN_POINT( '', ( 2.60000000000000, -0.472000000000000, 0.350000000000000 ) );
#5450 = VECTOR( '', #6736, 1000.00000000000 );
#5451 = COLOUR_RGB( '', 0.000000000000000, 0.000000000000000, 0.600000023841858 );
#5452 = CARTESIAN_POINT( '', ( -2.30000000000000, -1.20000000000000, 4.90000000000000 ) );
#5453 = CARTESIAN_POINT( '', ( -2.20000000000000, -1.10000000000000, 4.55000000000000 ) );
#5454 = CARTESIAN_POINT( '', ( -2.32105263157895, -1.22105263157895, 4.97368421052632 ) );
#5455 = VECTOR( '', #6737, 1000.00000000000 );
#5456 = CARTESIAN_POINT( '', ( -2.60000000000000, -1.10000000000000, 4.55000000000000 ) );
#5457 = CARTESIAN_POINT( '', ( -2.60000000000000, -1.10000000000000, 4.55000000000000 ) );
#5458 = VECTOR( '', #6738, 1000.00000000000 );
#5459 = CARTESIAN_POINT( '', ( -2.60000000000000, -1.20000000000000, 4.90000000000000 ) );
#5460 = CARTESIAN_POINT( '', ( -2.60000000000000, -1.20000000000000, 4.90000000000000 ) );
#5461 = VECTOR( '', #6739, 1000.00000000000 );
#5462 = CARTESIAN_POINT( '', ( -2.60000000000000, -1.20000000000000, 4.90000000000000 ) );
#5463 = VECTOR( '', #6740, 1000.00000000000 );
#5464 = COLOUR_RGB( '', 0.698039233684540, 0.698039233684540, 0.000000000000000 );
#5465 = CARTESIAN_POINT( '', ( 2.20000000000000, -1.50000000000000, 0.000000000000000 ) );
#5466 = CARTESIAN_POINT( '', ( 2.20000000000000, -1.10000000000000, 0.000000000000000 ) );
#5467 = CARTESIAN_POINT( '', ( 2.20000000000000, -1.10000000000000, 0.000000000000000 ) );
#5468 = VECTOR( '', #6741, 1000.00000000000 );
#5469 = CARTESIAN_POINT( '', ( 2.20000000000000, -1.10000000000000, 0.350000000000000 ) );
#5470 = CARTESIAN_POINT( '', ( 2.20000000000000, -1.10000000000000, 0.350000000000000 ) );
#5471 = VECTOR( '', #6742, 1000.00000000000 );
#5472 = CARTESIAN_POINT( '', ( 2.20000000000000, -1.50000000000000, 0.350000000000000 ) );
#5473 = CARTESIAN_POINT( '', ( 2.20000000000000, -1.10000000000000, 0.350000000000000 ) );
#5474 = VECTOR( '', #6743, 1000.00000000000 );
#5475 = CARTESIAN_POINT( '', ( 2.20000000000000, -1.50000000000000, 0.350000000000000 ) );
#5476 = VECTOR( '', #6744, 1000.00000000000 );
#5477 = COLOUR_RGB( '', 0.698039233684540, 0.698039233684540, 0.000000000000000 );
#5478 = CARTESIAN_POINT( '', ( -3.20000000000000, -1.10000000000000, -2.40000000000000 ) );
#5479 = CARTESIAN_POINT( '', ( -2.80000000000000, -1.10000000000000, -2.40000000000000 ) );
#5480 = CARTESIAN_POINT( '', ( -3.20000000000000, -1.10000000000000, -2.40000000000000 ) );
#5481 = VECTOR( '', #6745, 1000.00000000000 );
#5482 = CARTESIAN_POINT( '', ( -3.20000000000000, 1.10000000000000, -2.40000000000000 ) );
#5483 = CARTESIAN_POINT( '', ( -3.20000000000000, 1.10000000000000, -2.40000000000000 ) );
#5484 = VECTOR( '', #6746, 1000.00000000000 );
#5485 = CARTESIAN_POINT( '', ( -2.80000000000000, 1.10000000000000, -2.40000000000000 ) );
#5486 = CARTESIAN_POINT( '', ( -3.20000000000000, 1.10000000000000, -2.40000000000000 ) );
#5487 = VECTOR( '', #6747, 1000.00000000000 );
#5488 = CARTESIAN_POINT( '', ( -2.80000000000000, 1.10000000000000, -2.40000000000000 ) );
#5489 = VECTOR( '', #6748, 1000.00000000000 );
#5490 = COLOUR_RGB( '', 0.000000000000000, 0.000000000000000, 0.600000023841858 );
#5491 = CARTESIAN_POINT( '', ( -2.60000000000000, 0.350000000000000, 2.80000000000000 ) );
#5492 = CARTESIAN_POINT( '', ( -2.97500000000000, 0.350000000000000, 2.80000000000000 ) );
#5493 = CARTESIAN_POINT( '', ( -2.97500000000000, 0.350000000000000, 2.80000000000000 ) );
#5494 = VECTOR( '', #6749, 1000.00000000000 );
#5495 = CARTESIAN_POINT( '', ( -2.60000000000000, -0.350000000000000, 2.80000000000000 ) );
#5496 = CARTESIAN_POINT( '', ( -2.60000000000000, -0.350000000000000, 2.80000000000000 ) );
#5497 = VECTOR( '', #6750, 1000.00000000000 );
#5498 = CARTESIAN_POINT( '', ( -2.97500000000000, -0.350000000000000, 2.80000000000000 ) );
#5499 = CARTESIAN_POINT( '', ( -2.97500000000000, -0.350000000000000, 2.80000000000000 ) );
#5500 = VECTOR( '', #6751, 1000.00000000000 );
#5501 = CARTESIAN_POINT( '', ( -2.97500000000000, -0.350000000000000, 2.80000000000000 ) );
#5502 = VECTOR( '', #6752, 1000.00000000000 );
#5503 = COLOUR_RGB( '', 0.698039233684540, 0.698039233684540, 0.000000000000000 );
#5504 = CARTESIAN_POINT( '', ( -2.18500000000000, -0.670000000000000, 0.600000000000000 ) );
#5505 = CARTESIAN_POINT( '', ( -2.21000000000000, -0.695000000000000, 1.35000000000000 ) );
#5506 = CARTESIAN_POINT( '', ( -2.18381374722838, -0.668813747228381, 0.564412416851441 ) );
#5507 = VECTOR( '', #6753, 1000.00000000000 );
#5508 = CARTESIAN_POINT( '', ( -1.09000000000000, -0.695000000000000, 1.35000000000000 ) );
#5509 = CARTESIAN_POINT( '', ( -2.18500000000000, -0.695000000000000, 1.35000000000000 ) );
#5510 = VECTOR( '', #6754, 1000.00000000000 );
#5511 = CARTESIAN_POINT( '', ( -1.11500000000000, -0.670000000000000, 0.600000000000000 ) );
#5512 = CARTESIAN_POINT( '', ( -1.11500000000000, -0.670000000000000, 0.600000000000000 ) );
#5513 = VECTOR( '', #6755, 1000.00000000000 );
#5514 = CARTESIAN_POINT( '', ( -1.11500000000000, -0.670000000000000, 0.600000000000000 ) );
#5515 = VECTOR( '', #6756, 1000.00000000000 );
#5516 = COLOUR_RGB( '', 0.000000000000000, 0.000000000000000, 0.600000023841858 );
#5517 = CARTESIAN_POINT( '', ( 2.55000000000000, -0.650000000000000, -2.71050543121376E-017 ) );
#5518 = CARTESIAN_POINT( '', ( 2.55000000000000, -1.45000000000000, 0.000000000000000 ) );
#5519 = VECTOR( '', #6757, 1000.00000000000 );
#5520 = CARTESIAN_POINT( '', ( 2.55000000000000, -0.500000000000000, 0.150000000000000 ) );
#5521 = CARTESIAN_POINT( '', ( 2.55000000000000, -0.650000000000000, 0.000000000000000 ) );
#5522 = VECTOR( '', #6758, 1000.00000000000 );
#5523 = CARTESIAN_POINT( '', ( 2.55000000000000, -0.500000000000000, 0.350000000000000 ) );
#5524 = CARTESIAN_POINT( '', ( 2.55000000000000, -0.500000000000000, 0.350000000000000 ) );
#5525 = VECTOR( '', #6759, 1000.00000000000 );
#5526 = CARTESIAN_POINT( '', ( 2.55000000000000, -0.500000000000000, 0.350000000000000 ) );
#5527 = VECTOR( '', #6760, 1000.00000000000 );
#5528 = CARTESIAN_POINT( '', ( 2.55000000000000, 0.650000000000000, 0.000000000000000 ) );
#5529 = VECTOR( '', #6761, 1000.00000000000 );
#5530 = CARTESIAN_POINT( '', ( 2.55000000000000, 1.45000000000000, 0.700000000000000 ) );
#5531 = CARTESIAN_POINT( '', ( 2.55000000000000, 1.45000000000000, 0.700000000000000 ) );
#5532 = VECTOR( '', #6762, 1000.00000000000 );
#5533 = CARTESIAN_POINT( '', ( 2.55000000000000, -1.45000000000000, 0.700000000000000 ) );
#5534 = VECTOR( '', #6763, 1000.00000000000 );
#5535 = COLOUR_RGB( '', 0.000000000000000, 0.000000000000000, 0.600000023841858 );
#5536 = CARTESIAN_POINT( '', ( -2.97500000000000, -0.350000000000000, 3.00000000000000 ) );
#5537 = CARTESIAN_POINT( '', ( -2.60000000000000, -0.350000000000000, 3.80000000000000 ) );
#5538 = CARTESIAN_POINT( '', ( -2.60000000000000, -0.350000000000000, 3.80000000000000 ) );
#5539 = VECTOR( '', #6764, 1000.00000000000 );
#5540 = CARTESIAN_POINT( '', ( -2.97500000000000, -0.350000000000000, 3.00000000000000 ) );
#5541 = VECTOR( '', #6765, 1000.00000000000 );
#5542 = CARTESIAN_POINT( '', ( -2.60000000000000, -0.350000000000000, 3.80000000000000 ) );
#5543 = VECTOR( '', #6766, 1000.00000000000 );
#5544 = COLOUR_RGB( '', 0.000000000000000, 0.000000000000000, 0.600000023841858 );
#5545 = CARTESIAN_POINT( '', ( 2.97500000000000, 0.350000000000000, 3.00000000000000 ) );
#5546 = CARTESIAN_POINT( '', ( 2.60000000000000, 0.350000000000000, 3.80000000000000 ) );
#5547 = CARTESIAN_POINT( '', ( 2.97500000000000, 0.350000000000000, 3.00000000000000 ) );
#5548 = VECTOR( '', #6767, 1000.00000000000 );
#5549 = CARTESIAN_POINT( '', ( 2.60000000000000, -0.350000000000000, 3.80000000000000 ) );
#5550 = CARTESIAN_POINT( '', ( 2.60000000000000, -0.350000000000000, 3.80000000000000 ) );
#5551 = VECTOR( '', #6768, 1000.00000000000 );
#5552 = CARTESIAN_POINT( '', ( 2.97500000000000, -0.350000000000000, 3.00000000000000 ) );
#5553 = CARTESIAN_POINT( '', ( 2.97500000000000, -0.350000000000000, 3.00000000000000 ) );
#5554 = VECTOR( '', #6769, 1000.00000000000 );
#5555 = CARTESIAN_POINT( '', ( 2.97500000000000, -0.350000000000000, 3.00000000000000 ) );
#5556 = VECTOR( '', #6770, 1000.00000000000 );
#5557 = COLOUR_RGB( '', 0.000000000000000, 0.000000000000000, 0.600000023841858 );
#5558 = CARTESIAN_POINT( '', ( -0.900000000000000, 1.50000000000000, 0.800000000000000 ) );
#5559 = CARTESIAN_POINT( '', ( -0.900000000000000, 1.50000000000000, 0.700000000000000 ) );
#5560 = CARTESIAN_POINT( '', ( -0.900000000000000, 1.50000000000000, 0.800000000000000 ) );
#5561 = VECTOR( '', #6771, 1000.00000000000 );
#5562 = CARTESIAN_POINT( '', ( -2.10000000000000, 1.50000000000000, 0.800000000000000 ) );
#5563 = CARTESIAN_POINT( '', ( -2.10000000000000, 1.50000000000000, 0.800000000000000 ) );
#5564 = VECTOR( '', #6772, 1000.00000000000 );
#5565 = CARTESIAN_POINT( '', ( -2.10000000000000, 1.50000000000000, 0.700000000000000 ) );
#5566 = CARTESIAN_POINT( '', ( -2.10000000000000, 1.50000000000000, 0.800000000000000 ) );
#5567 = VECTOR( '', #6773, 1000.00000000000 );
#5568 = CARTESIAN_POINT( '', ( -2.60000000000000, 1.50000000000000, 0.700000000000000 ) );
#5569 = CARTESIAN_POINT( '', ( -2.60000000000000, 1.50000000000000, 0.700000000000000 ) );
#5570 = VECTOR( '', #6774, 1000.00000000000 );
#5571 = CARTESIAN_POINT( '', ( -2.60000000000000, 1.50000000000000, 4.90000000000000 ) );
#5572 = CARTESIAN_POINT( '', ( -2.60000000000000, 1.50000000000000, 4.55000000000000 ) );
#5573 = VECTOR( '', #6775, 1000.00000000000 );
#5574 = CARTESIAN_POINT( '', ( -2.30000000000000, 1.50000000000000, 4.90000000000000 ) );
#5575 = CARTESIAN_POINT( '', ( -2.60000000000000, 1.50000000000000, 4.90000000000000 ) );
#5576 = VECTOR( '', #6776, 1000.00000000000 );
#5577 = CARTESIAN_POINT( '', ( -2.20000000000000, 1.50000000000000, 4.55000000000000 ) );
#5578 = CARTESIAN_POINT( '', ( -2.30000000000000, 1.50000000000000, 4.90000000000000 ) );
#5579 = VECTOR( '', #6777, 1000.00000000000 );
#5580 = CARTESIAN_POINT( '', ( 2.20000000000000, 1.50000000000000, 4.55000000000000 ) );
#5581 = CARTESIAN_POINT( '', ( -2.60000000000000, 1.50000000000000, 4.55000000000000 ) );
#5582 = VECTOR( '', #6778, 1000.00000000000 );
#5583 = CARTESIAN_POINT( '', ( 2.30000000000000, 1.50000000000000, 4.90000000000000 ) );
#5584 = CARTESIAN_POINT( '', ( 2.20000000000000, 1.50000000000000, 4.55000000000000 ) );
#5585 = VECTOR( '', #6779, 1000.00000000000 );
#5586 = CARTESIAN_POINT( '', ( 2.60000000000000, 1.50000000000000, 4.90000000000000 ) );
#5587 = CARTESIAN_POINT( '', ( 2.30000000000000, 1.50000000000000, 4.90000000000000 ) );
#5588 = VECTOR( '', #6780, 1000.00000000000 );
#5589 = CARTESIAN_POINT( '', ( 2.60000000000000, 1.50000000000000, 0.700000000000000 ) );
#5590 = CARTESIAN_POINT( '', ( 2.60000000000000, 1.50000000000000, 4.55000000000000 ) );
#5591 = VECTOR( '', #6781, 1000.00000000000 );
#5592 = CARTESIAN_POINT( '', ( 2.35000000000000, 1.50000000000000, 0.700000000000000 ) );
#5593 = CARTESIAN_POINT( '', ( -2.60000000000000, 1.50000000000000, 0.700000000000000 ) );
#5594 = VECTOR( '', #6782, 1000.00000000000 );
#5595 = CARTESIAN_POINT( '', ( 2.35000000000000, 1.50000000000000, 0.800000000000000 ) );
#5596 = CARTESIAN_POINT( '', ( 2.35000000000000, 1.50000000000000, 0.800000000000000 ) );
#5597 = VECTOR( '', #6783, 1000.00000000000 );
#5598 = CARTESIAN_POINT( '', ( 1.15000000000000, 1.50000000000000, 0.800000000000000 ) );
#5599 = CARTESIAN_POINT( '', ( 1.15000000000000, 1.50000000000000, 0.800000000000000 ) );
#5600 = VECTOR( '', #6784, 1000.00000000000 );
#5601 = CARTESIAN_POINT( '', ( 1.15000000000000, 1.50000000000000, 0.700000000000000 ) );
#5602 = CARTESIAN_POINT( '', ( 1.15000000000000, 1.50000000000000, 0.800000000000000 ) );
#5603 = VECTOR( '', #6785, 1000.00000000000 );
#5604 = CARTESIAN_POINT( '', ( -2.60000000000000, 1.50000000000000, 0.700000000000000 ) );
#5605 = VECTOR( '', #6786, 1000.00000000000 );
#5606 = COLOUR_RGB( '', 0.698039233684540, 0.698039233684540, 0.000000000000000 );
#5607 = CARTESIAN_POINT( '', ( 2.20000000000000, 1.10000000000000, 0.000000000000000 ) );
#5608 = CARTESIAN_POINT( '', ( 2.20000000000000, 1.50000000000000, 0.000000000000000 ) );
#5609 = CARTESIAN_POINT( '', ( 2.20000000000000, 1.50000000000000, 0.000000000000000 ) );
#5610 = VECTOR( '', #6787, 1000.00000000000 );
#5611 = CARTESIAN_POINT( '', ( 2.20000000000000, 1.50000000000000, 0.350000000000000 ) );
#5612 = CARTESIAN_POINT( '', ( 2.20000000000000, 1.50000000000000, 0.350000000000000 ) );
#5613 = VECTOR( '', #6788, 1000.00000000000 );
#5614 = CARTESIAN_POINT( '', ( 2.20000000000000, 1.10000000000000, 0.350000000000000 ) );
#5615 = CARTESIAN_POINT( '', ( 2.20000000000000, 1.50000000000000, 0.350000000000000 ) );
#5616 = VECTOR( '', #6789, 1000.00000000000 );
#5617 = CARTESIAN_POINT( '', ( 2.20000000000000, 1.10000000000000, 0.350000000000000 ) );
#5618 = VECTOR( '', #6790, 1000.00000000000 );
#5619 = COLOUR_RGB( '', 0.000000000000000, 0.000000000000000, 0.600000023841858 );
#5620 = CARTESIAN_POINT( '', ( 2.60000000000000, 1.10000000000000, 4.30000000000000 ) );
#5621 = CARTESIAN_POINT( '', ( 2.60000000000000, 0.400000000000000, 4.30000000000000 ) );
#5622 = CARTESIAN_POINT( '', ( 2.60000000000000, 0.400000000000000, 4.30000000000000 ) );
#5623 = VECTOR( '', #6791, 1000.00000000000 );
#5624 = CARTESIAN_POINT( '', ( -2.60000000000000, 1.10000000000000, 4.30000000000000 ) );
#5625 = CARTESIAN_POINT( '', ( -2.60000000000000, 1.10000000000000, 4.30000000000000 ) );
#5626 = VECTOR( '', #6792, 1000.00000000000 );
#5627 = CARTESIAN_POINT( '', ( -2.60000000000000, 0.400000000000000, 4.30000000000000 ) );
#5628 = CARTESIAN_POINT( '', ( -2.60000000000000, 0.400000000000000, 4.30000000000000 ) );
#5629 = VECTOR( '', #6793, 1000.00000000000 );
#5630 = CARTESIAN_POINT( '', ( -2.20000000000000, 0.400000000000000, 4.30000000000000 ) );
#5631 = CARTESIAN_POINT( '', ( -2.60000000000000, 0.400000000000000, 4.30000000000000 ) );
#5632 = VECTOR( '', #6794, 1000.00000000000 );
#5633 = CARTESIAN_POINT( '', ( -2.20000000000000, -0.400000000000000, 4.30000000000000 ) );
#5634 = CARTESIAN_POINT( '', ( -2.20000000000000, 0.400000000000000, 4.30000000000000 ) );
#5635 = VECTOR( '', #6795, 1000.00000000000 );
#5636 = CARTESIAN_POINT( '', ( -2.60000000000000, -0.400000000000000, 4.30000000000000 ) );
#5637 = CARTESIAN_POINT( '', ( -2.60000000000000, -0.400000000000000, 4.30000000000000 ) );
#5638 = VECTOR( '', #6796, 1000.00000000000 );
#5639 = CARTESIAN_POINT( '', ( -2.60000000000000, -1.10000000000000, 4.30000000000000 ) );
#5640 = CARTESIAN_POINT( '', ( -2.60000000000000, -1.10000000000000, 4.30000000000000 ) );
#5641 = VECTOR( '', #6797, 1000.00000000000 );
#5642 = CARTESIAN_POINT( '', ( 2.60000000000000, -1.10000000000000, 4.30000000000000 ) );
#5643 = CARTESIAN_POINT( '', ( -2.60000000000000, -1.10000000000000, 4.30000000000000 ) );
#5644 = VECTOR( '', #6798, 1000.00000000000 );
#5645 = CARTESIAN_POINT( '', ( 2.60000000000000, -0.400000000000000, 4.30000000000000 ) );
#5646 = CARTESIAN_POINT( '', ( 2.60000000000000, -1.10000000000000, 4.30000000000000 ) );
#5647 = VECTOR( '', #6799, 1000.00000000000 );
#5648 = CARTESIAN_POINT( '', ( 2.20000000000000, -0.400000000000000, 4.30000000000000 ) );
#5649 = CARTESIAN_POINT( '', ( -2.60000000000000, -0.400000000000000, 4.30000000000000 ) );
#5650 = VECTOR( '', #6800, 1000.00000000000 );
#5651 = CARTESIAN_POINT( '', ( 2.20000000000000, 0.400000000000000, 4.30000000000000 ) );
#5652 = CARTESIAN_POINT( '', ( 2.20000000000000, -0.400000000000000, 4.30000000000000 ) );
#5653 = VECTOR( '', #6801, 1000.00000000000 );
#5654 = CARTESIAN_POINT( '', ( -2.60000000000000, 0.400000000000000, 4.30000000000000 ) );
#5655 = VECTOR( '', #6802, 1000.00000000000 );
#5656 = COLOUR_RGB( '', 0.000000000000000, 0.000000000000000, 0.600000023841858 );
#5657 = CARTESIAN_POINT( '', ( -2.20000000000000, 1.10000000000000, 4.55000000000000 ) );
#5658 = CARTESIAN_POINT( '', ( -2.30000000000000, 1.20000000000000, 4.90000000000000 ) );
#5659 = CARTESIAN_POINT( '', ( -2.11052631578948, 1.01052631578948, 4.23684210526316 ) );
#5660 = VECTOR( '', #6803, 1000.00000000000 );
#5661 = CARTESIAN_POINT( '', ( -2.20000000000000, -1.50000000000000, 4.55000000000000 ) );
#5662 = VECTOR( '', #6804, 1000.00000000000 );
#5663 = CARTESIAN_POINT( '', ( -2.30000000000000, -1.50000000000000, 4.90000000000000 ) );
#5664 = VECTOR( '', #6805, 1000.00000000000 );
#5665 = COLOUR_RGB( '', 0.000000000000000, 0.000000000000000, 0.600000023841858 );
#5666 = CARTESIAN_POINT( '', ( 2.20000000000000, -1.10000000000000, 4.55000000000000 ) );
#5667 = CARTESIAN_POINT( '', ( -2.60000000000000, -1.10000000000000, 4.55000000000000 ) );
#5668 = VECTOR( '', #6806, 1000.00000000000 );
#5669 = CARTESIAN_POINT( '', ( -2.20000000000000, -1.50000000000000, 4.55000000000000 ) );
#5670 = CARTESIAN_POINT( '', ( -2.20000000000000, -1.50000000000000, 4.55000000000000 ) );
#5671 = VECTOR( '', #6807, 1000.00000000000 );
#5672 = CARTESIAN_POINT( '', ( 2.20000000000000, -1.50000000000000, 4.55000000000000 ) );
#5673 = CARTESIAN_POINT( '', ( 2.60000000000000, -1.50000000000000, 4.55000000000000 ) );
#5674 = VECTOR( '', #6808, 1000.00000000000 );
#5675 = CARTESIAN_POINT( '', ( 2.20000000000000, -1.50000000000000, 4.55000000000000 ) );
#5676 = VECTOR( '', #6809, 1000.00000000000 );
#5677 = COLOUR_RGB( '', 0.000000000000000, 0.000000000000000, 0.600000023841858 );
#5678 = CARTESIAN_POINT( '', ( 2.35000000000000, -1.50000000000000, 0.800000000000000 ) );
#5679 = CARTESIAN_POINT( '', ( 2.35000000000000, -1.50000000000000, 0.700000000000000 ) );
#5680 = CARTESIAN_POINT( '', ( 2.35000000000000, -1.50000000000000, 0.800000000000000 ) );
#5681 = VECTOR( '', #6810, 1000.00000000000 );
#5682 = CARTESIAN_POINT( '', ( 2.60000000000000, -1.50000000000000, 0.700000000000000 ) );
#5683 = CARTESIAN_POINT( '', ( 2.60000000000000, -1.50000000000000, 0.700000000000000 ) );
#5684 = VECTOR( '', #6811, 1000.00000000000 );
#5685 = CARTESIAN_POINT( '', ( 2.60000000000000, -1.50000000000000, 4.90000000000000 ) );
#5686 = CARTESIAN_POINT( '', ( 2.60000000000000, -1.50000000000000, 4.55000000000000 ) );
#5687 = VECTOR( '', #6812, 1000.00000000000 );
#5688 = CARTESIAN_POINT( '', ( 2.30000000000000, -1.50000000000000, 4.90000000000000 ) );
#5689 = CARTESIAN_POINT( '', ( 2.30000000000000, -1.50000000000000, 4.90000000000000 ) );
#5690 = VECTOR( '', #6813, 1000.00000000000 );
#5691 = CARTESIAN_POINT( '', ( 2.20000000000000, -1.50000000000000, 4.55000000000000 ) );
#5692 = VECTOR( '', #6814, 1000.00000000000 );
#5693 = CARTESIAN_POINT( '', ( -2.30000000000000, -1.50000000000000, 4.90000000000000 ) );
#5694 = CARTESIAN_POINT( '', ( -2.30000000000000, -1.50000000000000, 4.90000000000000 ) );
#5695 = VECTOR( '', #6815, 1000.00000000000 );
#5696 = CARTESIAN_POINT( '', ( -2.60000000000000, -1.50000000000000, 4.90000000000000 ) );
#5697 = CARTESIAN_POINT( '', ( -2.60000000000000, -1.50000000000000, 4.90000000000000 ) );
#5698 = VECTOR( '', #6816, 1000.00000000000 );
#5699 = CARTESIAN_POINT( '', ( -2.60000000000000, -1.50000000000000, 0.700000000000000 ) );
#5700 = CARTESIAN_POINT( '', ( -2.60000000000000, -1.50000000000000, 4.55000000000000 ) );
#5701 = VECTOR( '', #6817, 1000.00000000000 );
#5702 = CARTESIAN_POINT( '', ( -2.10000000000000, -1.50000000000000, 0.700000000000000 ) );
#5703 = CARTESIAN_POINT( '', ( 2.60000000000000, -1.50000000000000, 0.700000000000000 ) );
#5704 = VECTOR( '', #6818, 1000.00000000000 );
#5705 = CARTESIAN_POINT( '', ( -2.10000000000000, -1.50000000000000, 0.800000000000000 ) );
#5706 = CARTESIAN_POINT( '', ( -2.10000000000000, -1.50000000000000, 0.800000000000000 ) );
#5707 = VECTOR( '', #6819, 1000.00000000000 );
#5708 = CARTESIAN_POINT( '', ( -0.900000000000000, -1.50000000000000, 0.800000000000000 ) );
#5709 = CARTESIAN_POINT( '', ( -0.900000000000000, -1.50000000000000, 0.800000000000000 ) );
#5710 = VECTOR( '', #6820, 1000.00000000000 );
#5711 = CARTESIAN_POINT( '', ( -0.900000000000000, -1.50000000000000, 0.700000000000000 ) );
#5712 = CARTESIAN_POINT( '', ( -0.900000000000000, -1.50000000000000, 0.800000000000000 ) );
#5713 = VECTOR( '', #6821, 1000.00000000000 );
#5714 = CARTESIAN_POINT( '', ( 1.15000000000000, -1.50000000000000, 0.700000000000000 ) );
#5715 = CARTESIAN_POINT( '', ( 2.60000000000000, -1.50000000000000, 0.700000000000000 ) );
#5716 = VECTOR( '', #6822, 1000.00000000000 );
#5717 = CARTESIAN_POINT( '', ( 1.15000000000000, -1.50000000000000, 0.800000000000000 ) );
#5718 = CARTESIAN_POINT( '', ( 1.15000000000000, -1.50000000000000, 0.800000000000000 ) );
#5719 = VECTOR( '', #6823, 1000.00000000000 );
#5720 = CARTESIAN_POINT( '', ( 2.35000000000000, -1.50000000000000, 0.800000000000000 ) );
#5721 = VECTOR( '', #6824, 1000.00000000000 );
#5722 = COLOUR_RGB( '', 0.000000000000000, 0.000000000000000, 0.600000023841858 );
#5723 = CARTESIAN_POINT( '', ( -2.60000000000000, 0.300000000000000, 4.55000000000000 ) );
#5724 = CARTESIAN_POINT( '', ( -2.20000000000000, 0.300000000000000, 4.55000000000000 ) );
#5725 = CARTESIAN_POINT( '', ( -2.60000000000000, 0.300000000000000, 4.55000000000000 ) );
#5726 = VECTOR( '', #6825, 1000.00000000000 );
#5727 = CARTESIAN_POINT( '', ( -2.20000000000000, 0.300000000000000, 4.55000000000000 ) );
#5728 = VECTOR( '', #6826, 1000.00000000000 );
#5729 = CARTESIAN_POINT( '', ( -2.60000000000000, 0.300000000000000, 4.55000000000000 ) );
#5730 = VECTOR( '', #6827, 1000.00000000000 );
#5731 = COLOUR_RGB( '', 0.698039233684540, 0.698039233684540, 0.000000000000000 );
#5732 = CARTESIAN_POINT( '', ( -2.65000000000000, 0.472000000000000, 0.350000000000000 ) );
#5733 = CARTESIAN_POINT( '', ( -2.65000000000000, 1.10000000000000, 0.350000000000000 ) );
#5734 = VECTOR( '', #6828, 1000.00000000000 );
#5735 = CARTESIAN_POINT( '', ( -2.60000000000000, 0.472000000000000, 0.350000000000000 ) );
#5736 = CARTESIAN_POINT( '', ( -2.60000000000000, 0.472000000000000, 0.350000000000000 ) );
#5737 = VECTOR( '', #6829, 1000.00000000000 );
#5738 = CARTESIAN_POINT( '', ( -2.60000000000000, 0.472000000000000, 0.350000000000000 ) );
#5739 = VECTOR( '', #6830, 1000.00000000000 );
#5740 = COLOUR_RGB( '', 0.000000000000000, 0.000000000000000, 0.600000023841858 );
#5741 = CARTESIAN_POINT( '', ( 2.15000000000000, 0.000000000000000, -1.00000000000000 ) );
#5742 = AXIS2_PLACEMENT_3D( '', #6831, #6832, #6833 );
#5743 = CARTESIAN_POINT( '', ( 2.35000000000000, 0.000000000000000, -0.800000000000000 ) );
#5744 = AXIS2_PLACEMENT_3D( '', #6834, #6835, #6836 );
#5745 = COLOUR_RGB( '', 0.698039233684540, 0.698039233684540, 0.000000000000000 );
#5746 = CARTESIAN_POINT( '', ( -3.20000000000000, 0.472000000000000, 0.350000000000000 ) );
#5747 = CARTESIAN_POINT( '', ( -2.60000000000000, 0.472000000000000, 0.350000000000000 ) );
#5748 = VECTOR( '', #6837, 1000.00000000000 );
#5749 = CARTESIAN_POINT( '', ( -2.65000000000000, 1.10000000000000, 0.350000000000000 ) );
#5750 = CARTESIAN_POINT( '', ( -2.65000000000000, 1.10000000000000, 0.350000000000000 ) );
#5751 = VECTOR( '', #6838, 1000.00000000000 );
#5752 = CARTESIAN_POINT( '', ( -3.20000000000000, 1.10000000000000, 0.350000000000000 ) );
#5753 = CARTESIAN_POINT( '', ( -2.20000000000000, 1.10000000000000, 0.350000000000000 ) );
#5754 = VECTOR( '', #6839, 1000.00000000000 );
#5755 = CARTESIAN_POINT( '', ( -3.20000000000000, 1.10000000000000, 0.350000000000000 ) );
#5756 = VECTOR( '', #6840, 1000.00000000000 );
#5757 = COLOUR_RGB( '', 0.000000000000000, 0.000000000000000, 0.600000023841858 );
#5758 = CARTESIAN_POINT( '', ( 2.20000000000000, 1.10000000000000, 4.55000000000000 ) );
#5759 = CARTESIAN_POINT( '', ( -2.60000000000000, 1.10000000000000, 4.55000000000000 ) );
#5760 = VECTOR( '', #6841, 1000.00000000000 );
#5761 = CARTESIAN_POINT( '', ( 2.20000000000000, -1.50000000000000, 4.55000000000000 ) );
#5762 = VECTOR( '', #6842, 1000.00000000000 );
#5763 = COLOUR_RGB( '', 0.000000000000000, 0.000000000000000, 0.600000023841858 );
#5764 = CARTESIAN_POINT( '', ( 1.15000000000000, -1.50000000000000, 0.700000000000000 ) );
#5765 = VECTOR( '', #6843, 1000.00000000000 );
#5766 = CARTESIAN_POINT( '', ( 1.15000000000000, -1.50000000000000, 0.800000000000000 ) );
#5767 = VECTOR( '', #6844, 1000.00000000000 );
#5768 = COLOUR_RGB( '', 0.698039233684540, 0.698039233684540, 0.000000000000000 );
#5769 = CARTESIAN_POINT( '', ( -2.60000000000000, 0.460000000000000, 2.16840434497101E-016 ) );
#5770 = CARTESIAN_POINT( '', ( -2.60000000000000, 1.50000000000000, 0.000000000000000 ) );
#5771 = VECTOR( '', #6845, 1000.00000000000 );
#5772 = CARTESIAN_POINT( '', ( -2.60000000000000, 0.400000000000000, -1.75000000000000 ) );
#5773 = VECTOR( '', #6846, 1000.00000000000 );
#5774 = COLOUR_RGB( '', 0.113725490868092, 0.400000005960464, 0.113725490868092 );
#5775 = CARTESIAN_POINT( '', ( 0.450000000000000, 0.512301622543637, 3.78619026473818 ) );
#5776 = CARTESIAN_POINT( '', ( 0.450000000000000, 0.585000000000000, 3.35000000000000 ) );
#5777 = CARTESIAN_POINT( '', ( 0.450000000000000, 0.552027027027027, 3.54783783783784 ) );
#5778 = VECTOR( '', #6847, 1000.00000000000 );
#5779 = CARTESIAN_POINT( '', ( 0.450000000000000, -0.512301622543637, 3.78619026473818 ) );
#5780 = CARTESIAN_POINT( '', ( 0.450000000000000, -0.635000000000000, 3.78619026473818 ) );
#5781 = VECTOR( '', #6848, 1000.00000000000 );
#5782 = CARTESIAN_POINT( '', ( 0.450000000000000, -0.585000000000000, 3.35000000000000 ) );
#5783 = CARTESIAN_POINT( '', ( 0.450000000000000, -0.586351351351352, 3.34189189189190 ) );
#5784 = VECTOR( '', #6849, 1000.00000000000 );
#5785 = CARTESIAN_POINT( '', ( 0.450000000000000, -0.635000000000000, 3.35000000000000 ) );
#5786 = VECTOR( '', #6850, 1000.00000000000 );
#5787 = COLOUR_RGB( '', 0.000000000000000, 0.000000000000000, 0.600000023841858 );
#5788 = CARTESIAN_POINT( '', ( -1.05000000000000, 0.000000000000000, 0.350000000000000 ) );
#5789 = AXIS2_PLACEMENT_3D( '', #6851, #6852, #6853 );
#5790 = CARTESIAN_POINT( '', ( 2.35000000000000, 0.000000000000000, 0.350000000000000 ) );
#5791 = AXIS2_PLACEMENT_3D( '', #6854, #6855, #6856 );
#5792 = CARTESIAN_POINT( '', ( -0.600000000000000, -1.10000000000000, 0.350000000000000 ) );
#5793 = CARTESIAN_POINT( '', ( -0.600000000000000, -1.45000000000000, 0.350000000000000 ) );
#5794 = VECTOR( '', #6857, 1000.00000000000 );
#5795 = CARTESIAN_POINT( '', ( -2.20000000000000, -1.10000000000000, 0.350000000000000 ) );
#5796 = CARTESIAN_POINT( '', ( -0.600000000000000, -1.10000000000000, 0.350000000000000 ) );
#5797 = VECTOR( '', #6858, 1000.00000000000 );
#5798 = CARTESIAN_POINT( '', ( -2.20000000000000, -0.500000000000000, 0.350000000000000 ) );
#5799 = CARTESIAN_POINT( '', ( -2.20000000000000, -1.10000000000000, 0.350000000000000 ) );
#5800 = VECTOR( '', #6859, 1000.00000000000 );
#5801 = CARTESIAN_POINT( '', ( -2.55000000000000, -0.500000000000000, 0.350000000000000 ) );
#5802 = CARTESIAN_POINT( '', ( -2.55000000000000, -0.500000000000000, 0.350000000000000 ) );
#5803 = VECTOR( '', #6860, 1000.00000000000 );
#5804 = CARTESIAN_POINT( '', ( -2.55000000000000, 0.500000000000000, 0.350000000000000 ) );
#5805 = CARTESIAN_POINT( '', ( -2.55000000000000, 0.500000000000000, 0.350000000000000 ) );
#5806 = VECTOR( '', #6861, 1000.00000000000 );
#5807 = CARTESIAN_POINT( '', ( -2.20000000000000, 0.500000000000000, 0.350000000000000 ) );
#5808 = CARTESIAN_POINT( '', ( -2.55000000000000, 0.500000000000000, 0.350000000000000 ) );
#5809 = VECTOR( '', #6862, 1000.00000000000 );
#5810 = CARTESIAN_POINT( '', ( -2.20000000000000, 0.500000000000000, 0.350000000000000 ) );
#5811 = VECTOR( '', #6863, 1000.00000000000 );
#5812 = CARTESIAN_POINT( '', ( -0.600000000000000, 1.45000000000000, 0.350000000000000 ) );
#5813 = CARTESIAN_POINT( '', ( -0.600000000000000, 1.10000000000000, 0.350000000000000 ) );
#5814 = VECTOR( '', #6864, 1000.00000000000 );
#5815 = CARTESIAN_POINT( '', ( 0.600000000000000, 1.45000000000000, 0.350000000000000 ) );
#5816 = CARTESIAN_POINT( '', ( 0.600000000000000, 1.45000000000000, 0.350000000000000 ) );
#5817 = VECTOR( '', #6865, 1000.00000000000 );
#5818 = CARTESIAN_POINT( '', ( 0.600000000000000, 1.10000000000000, 0.350000000000000 ) );
#5819 = CARTESIAN_POINT( '', ( 0.600000000000000, 1.45000000000000, 0.350000000000000 ) );
#5820 = VECTOR( '', #6866, 1000.00000000000 );
#5821 = CARTESIAN_POINT( '', ( 2.20000000000000, 1.10000000000000, 0.350000000000000 ) );
#5822 = CARTESIAN_POINT( '', ( 0.600000000000000, 1.10000000000000, 0.350000000000000 ) );
#5823 = VECTOR( '', #6867, 1000.00000000000 );
#5824 = CARTESIAN_POINT( '', ( 2.20000000000000, 1.10000000000000, 0.350000000000000 ) );
#5825 = VECTOR( '', #6868, 1000.00000000000 );
#5826 = CARTESIAN_POINT( '', ( 2.20000000000000, -0.500000000000000, 0.350000000000000 ) );
#5827 = CARTESIAN_POINT( '', ( 2.20000000000000, -0.500000000000000, 0.350000000000000 ) );
#5828 = VECTOR( '', #6869, 1000.00000000000 );
#5829 = CARTESIAN_POINT( '', ( 2.20000000000000, -1.10000000000000, 0.350000000000000 ) );
#5830 = CARTESIAN_POINT( '', ( 2.20000000000000, -0.500000000000000, 0.350000000000000 ) );
#5831 = VECTOR( '', #6870, 1000.00000000000 );
#5832 = CARTESIAN_POINT( '', ( 0.600000000000000, -1.10000000000000, 0.350000000000000 ) );
#5833 = CARTESIAN_POINT( '', ( 2.20000000000000, -1.10000000000000, 0.350000000000000 ) );
#5834 = VECTOR( '', #6871, 1000.00000000000 );
#5835 = CARTESIAN_POINT( '', ( 0.600000000000000, -1.10000000000000, 0.350000000000000 ) );
#5836 = VECTOR( '', #6872, 1000.00000000000 );
#5837 = COLOUR_RGB( '', 0.000000000000000, 0.000000000000000, 0.600000023841858 );
#5838 = CARTESIAN_POINT( '', ( -2.60000000000000, 0.350000000000000, 3.80000000000000 ) );
#5839 = CARTESIAN_POINT( '', ( -2.60000000000000, 0.350000000000000, 3.80000000000000 ) );
#5840 = VECTOR( '', #6873, 1000.00000000000 );
#5841 = CARTESIAN_POINT( '', ( -2.60000000000000, -0.350000000000000, 3.80000000000000 ) );
#5842 = VECTOR( '', #6874, 1000.00000000000 );
#5843 = CARTESIAN_POINT( '', ( -2.60000000000000, -1.50000000000000, 4.90000000000000 ) );
#5844 = VECTOR( '', #6875, 1000.00000000000 );
#5845 = CARTESIAN_POINT( '', ( -2.60000000000000, -1.10000000000000, 4.55000000000000 ) );
#5846 = VECTOR( '', #6876, 1000.00000000000 );
#5847 = CARTESIAN_POINT( '', ( -2.60000000000000, -0.300000000000000, 4.55000000000000 ) );
#5848 = CARTESIAN_POINT( '', ( -2.60000000000000, -0.400000000000000, 4.30000000000000 ) );
#5849 = VECTOR( '', #6877, 1000.00000000000 );
#5850 = CARTESIAN_POINT( '', ( -2.60000000000000, -0.300000000000000, 4.55000000000000 ) );
#5851 = VECTOR( '', #6878, 1000.00000000000 );
#5852 = CARTESIAN_POINT( '', ( -2.60000000000000, 1.10000000000000, 4.55000000000000 ) );
#5853 = CARTESIAN_POINT( '', ( -2.60000000000000, 1.10000000000000, 4.55000000000000 ) );
#5854 = VECTOR( '', #6879, 1000.00000000000 );
#5855 = CARTESIAN_POINT( '', ( -2.60000000000000, 1.20000000000000, 4.90000000000000 ) );
#5856 = CARTESIAN_POINT( '', ( -2.60000000000000, 1.10000000000000, 4.55000000000000 ) );
#5857 = VECTOR( '', #6880, 1000.00000000000 );
#5858 = CARTESIAN_POINT( '', ( -2.60000000000000, -1.50000000000000, 4.90000000000000 ) );
#5859 = VECTOR( '', #6881, 1000.00000000000 );
#5860 = CARTESIAN_POINT( '', ( -2.60000000000000, -1.50000000000000, 0.700000000000000 ) );
#5861 = VECTOR( '', #6882, 1000.00000000000 );
#5862 = COLOUR_RGB( '', 0.000000000000000, 0.000000000000000, 0.600000023841858 );
#5863 = CARTESIAN_POINT( '', ( -2.20000000000000, -0.300000000000000, 4.55000000000000 ) );
#5864 = CARTESIAN_POINT( '', ( -2.20000000000000, -0.400000000000000, 4.30000000000000 ) );
#5865 = VECTOR( '', #6883, 1000.00000000000 );
#5866 = CARTESIAN_POINT( '', ( -2.60000000000000, -0.300000000000000, 4.55000000000000 ) );
#5867 = VECTOR( '', #6884, 1000.00000000000 );
#5868 = COLOUR_RGB( '', 0.698039233684540, 0.698039233684540, 0.000000000000000 );
#5869 = CARTESIAN_POINT( '', ( -2.20000000000000, 1.50000000000000, 0.000000000000000 ) );
#5870 = CARTESIAN_POINT( '', ( 2.20000000000000, 1.50000000000000, 0.000000000000000 ) );
#5871 = VECTOR( '', #6885, 1000.00000000000 );
#5872 = CARTESIAN_POINT( '', ( -2.20000000000000, 1.50000000000000, 0.350000000000000 ) );
#5873 = CARTESIAN_POINT( '', ( -2.20000000000000, 1.50000000000000, 0.350000000000000 ) );
#5874 = VECTOR( '', #6886, 1000.00000000000 );
#5875 = CARTESIAN_POINT( '', ( 2.20000000000000, 1.50000000000000, 0.350000000000000 ) );
#5876 = VECTOR( '', #6887, 1000.00000000000 );
#5877 = COLOUR_RGB( '', 0.000000000000000, 0.000000000000000, 0.600000023841858 );
#5878 = CARTESIAN_POINT( '', ( 2.60000000000000, 0.350000000000000, 2.80000000000000 ) );
#5879 = CARTESIAN_POINT( '', ( 2.97500000000000, 0.350000000000000, 2.80000000000000 ) );
#5880 = CARTESIAN_POINT( '', ( 2.60000000000000, 0.350000000000000, 2.80000000000000 ) );
#5881 = VECTOR( '', #6888, 1000.00000000000 );
#5882 = CARTESIAN_POINT( '', ( 2.97500000000000, -0.350000000000000, 2.80000000000000 ) );
#5883 = CARTESIAN_POINT( '', ( 2.97500000000000, -0.350000000000000, 2.80000000000000 ) );
#5884 = VECTOR( '', #6889, 1000.00000000000 );
#5885 = CARTESIAN_POINT( '', ( 2.60000000000000, -0.350000000000000, 2.80000000000000 ) );
#5886 = CARTESIAN_POINT( '', ( 2.60000000000000, -0.350000000000000, 2.80000000000000 ) );
#5887 = VECTOR( '', #6890, 1000.00000000000 );
#5888 = CARTESIAN_POINT( '', ( 2.60000000000000, -0.350000000000000, 2.80000000000000 ) );
#5889 = VECTOR( '', #6891, 1000.00000000000 );
#5890 = COLOUR_RGB( '', 0.000000000000000, 0.000000000000000, 0.600000023841858 );
#5891 = CARTESIAN_POINT( '', ( -2.30000000000000, -1.50000000000000, 4.90000000000000 ) );
#5892 = VECTOR( '', #6892, 1000.00000000000 );
#5893 = COLOUR_RGB( '', 0.000000000000000, 0.000000000000000, 0.600000023841858 );
#5894 = CARTESIAN_POINT( '', ( -2.20000000000000, -0.500000000000000, 0.150000000000000 ) );
#5895 = CARTESIAN_POINT( '', ( -2.20000000000000, -0.500000000000000, 0.350000000000000 ) );
#5896 = VECTOR( '', #6893, 1000.00000000000 );
#5897 = CARTESIAN_POINT( '', ( -2.55000000000000, -0.500000000000000, 0.150000000000000 ) );
#5898 = CARTESIAN_POINT( '', ( -2.55000000000000, -0.500000000000000, 0.150000000000000 ) );
#5899 = VECTOR( '', #6894, 1000.00000000000 );
#5900 = CARTESIAN_POINT( '', ( -2.55000000000000, -0.500000000000000, 0.350000000000000 ) );
#5901 = VECTOR( '', #6895, 1000.00000000000 );
#5902 = COLOUR_RGB( '', 0.113725490868092, 0.400000005960464, 0.113725490868092 );
#5903 = CARTESIAN_POINT( '', ( -0.450000000000000, -0.512301622543637, 3.78619026473818 ) );
#5904 = AXIS2_PLACEMENT_3D( '', #6896, #6897, #6898 );
#5905 = CARTESIAN_POINT( '', ( -0.450000000000000, -0.585000000000000, 3.35000000000000 ) );
#5906 = CARTESIAN_POINT( '', ( -0.450000000000000, -0.515617794907322, 3.76629323055607 ) );
#5907 = VECTOR( '', #6899, 1000.00000000000 );
#5908 = CARTESIAN_POINT( '', ( 3.76795032773344, -0.585000000000000, 3.35000000000000 ) );
#5909 = VECTOR( '', #6900, 1000.00000000000 );
#5910 = COLOUR_RGB( '', 0.698039233684540, 0.698039233684540, 0.000000000000000 );
#5911 = CARTESIAN_POINT( '', ( -2.60000000000000, 0.400000000000000, -1.75000000000000 ) );
#5912 = CARTESIAN_POINT( '', ( -2.60000000000000, 0.400000000000000, -1.75000000000000 ) );
#5913 = VECTOR( '', #6901, 1000.00000000000 );
#5914 = CARTESIAN_POINT( '', ( -2.60000000000000, 0.400000000000000, -1.75000000000000 ) );
#5915 = VECTOR( '', #6902, 1000.00000000000 );
#5916 = CARTESIAN_POINT( '', ( -2.60000000000000, -1.10000000000000, 0.000000000000000 ) );
#5917 = CARTESIAN_POINT( '', ( -2.60000000000000, 1.50000000000000, 0.000000000000000 ) );
#5918 = VECTOR( '', #6903, 1000.00000000000 );
#5919 = CARTESIAN_POINT( '', ( -2.60000000000000, -1.10000000000000, -2.05358983848623 ) );
#5920 = CARTESIAN_POINT( '', ( -2.60000000000000, -1.10000000000000, 0.350000000000000 ) );
#5921 = VECTOR( '', #6904, 1000.00000000000 );
#5922 = CARTESIAN_POINT( '', ( -2.60000000000000, 1.10000000000000, -2.05358983848623 ) );
#5923 = CARTESIAN_POINT( '', ( -2.60000000000000, 1.10000000000000, -2.05358983848623 ) );
#5924 = VECTOR( '', #6905, 1000.00000000000 );
#5925 = CARTESIAN_POINT( '', ( -2.60000000000000, 1.10000000000000, 0.000000000000000 ) );
#5926 = CARTESIAN_POINT( '', ( -2.60000000000000, 1.10000000000000, 0.350000000000000 ) );
#5927 = VECTOR( '', #6906, 1000.00000000000 );
#5928 = CARTESIAN_POINT( '', ( -2.60000000000000, 1.50000000000000, 0.000000000000000 ) );
#5929 = VECTOR( '', #6907, 1000.00000000000 );
#5930 = COLOUR_RGB( '', 0.698039233684540, 0.698039233684540, 0.000000000000000 );
#5931 = CARTESIAN_POINT( '', ( -2.20000000000000, -1.50000000000000, 0.000000000000000 ) );
#5932 = CARTESIAN_POINT( '', ( 2.20000000000000, -1.50000000000000, 0.000000000000000 ) );
#5933 = VECTOR( '', #6908, 1000.00000000000 );
#5934 = CARTESIAN_POINT( '', ( -2.20000000000000, -1.10000000000000, 0.000000000000000 ) );
#5935 = CARTESIAN_POINT( '', ( -2.20000000000000, -1.10000000000000, 0.000000000000000 ) );
#5936 = VECTOR( '', #6909, 1000.00000000000 );
#5937 = CARTESIAN_POINT( '', ( -2.20000000000000, -1.10000000000000, 0.000000000000000 ) );
#5938 = VECTOR( '', #6910, 1000.00000000000 );
#5939 = CARTESIAN_POINT( '', ( -2.20000000000000, 1.10000000000000, 0.000000000000000 ) );
#5940 = CARTESIAN_POINT( '', ( -2.20000000000000, 1.10000000000000, 0.000000000000000 ) );
#5941 = VECTOR( '', #6911, 1000.00000000000 );
#5942 = CARTESIAN_POINT( '', ( -2.20000000000000, 1.50000000000000, 0.000000000000000 ) );
#5943 = VECTOR( '', #6912, 1000.00000000000 );
#5944 = CARTESIAN_POINT( '', ( 2.60000000000000, 1.10000000000000, 0.000000000000000 ) );
#5945 = CARTESIAN_POINT( '', ( 3.20000000000000, 1.10000000000000, 0.000000000000000 ) );
#5946 = VECTOR( '', #6913, 1000.00000000000 );
#5947 = CARTESIAN_POINT( '', ( 2.60000000000000, 0.460000000000000, 0.000000000000000 ) );
#5948 = CARTESIAN_POINT( '', ( 2.60000000000000, 1.50000000000000, 0.000000000000000 ) );
#5949 = VECTOR( '', #6914, 1000.00000000000 );
#5950 = CARTESIAN_POINT( '', ( 2.60000000000000, 1.50000000000000, 0.000000000000000 ) );
#5951 = VECTOR( '', #6915, 1000.00000000000 );
#5952 = CARTESIAN_POINT( '', ( 2.60000000000000, -1.10000000000000, 0.000000000000000 ) );
#5953 = CARTESIAN_POINT( '', ( 2.60000000000000, 1.50000000000000, 0.000000000000000 ) );
#5954 = VECTOR( '', #6916, 1000.00000000000 );
#5955 = CARTESIAN_POINT( '', ( 3.20000000000000, -1.10000000000000, 0.000000000000000 ) );
#5956 = VECTOR( '', #6917, 1000.00000000000 );
#5957 = CARTESIAN_POINT( '', ( -2.35000000000000, -0.785000000000000, 0.000000000000000 ) );
#5958 = CARTESIAN_POINT( '', ( -0.950000000000000, -0.785000000000000, 0.000000000000000 ) );
#5959 = CARTESIAN_POINT( '', ( 2.20000000000000, -0.785000000000000, 0.000000000000000 ) );
#5960 = VECTOR( '', #6918, 1000.00000000000 );
#5961 = CARTESIAN_POINT( '', ( -0.950000000000000, 0.785000000000000, 0.000000000000000 ) );
#5962 = CARTESIAN_POINT( '', ( -0.950000000000000, 1.50000000000000, 0.000000000000000 ) );
#5963 = VECTOR( '', #6919, 1000.00000000000 );
#5964 = CARTESIAN_POINT( '', ( -2.35000000000000, 0.785000000000000, 0.000000000000000 ) );
#5965 = CARTESIAN_POINT( '', ( 2.20000000000000, 0.785000000000000, 0.000000000000000 ) );
#5966 = VECTOR( '', #6920, 1000.00000000000 );
#5967 = CARTESIAN_POINT( '', ( -2.35000000000000, 1.50000000000000, 0.000000000000000 ) );
#5968 = VECTOR( '', #6921, 1000.00000000000 );
#5969 = COLOUR_RGB( '', 0.000000000000000, 0.000000000000000, 0.600000023841858 );
#5970 = CARTESIAN_POINT( '', ( -0.600000000000000, -1.10000000000000, 0.200000000000000 ) );
#5971 = CARTESIAN_POINT( '', ( -0.800000000000000, -1.10000000000000, 0.000000000000000 ) );
#5972 = CARTESIAN_POINT( '', ( -0.525000000000000, -1.10000000000000, 0.275000000000000 ) );
#5973 = VECTOR( '', #6922, 1000.00000000000 );
#5974 = CARTESIAN_POINT( '', ( -0.600000000000000, -1.10000000000000, 0.200000000000000 ) );
#5975 = VECTOR( '', #6923, 1000.00000000000 );
#5976 = CARTESIAN_POINT( '', ( -0.800000000000000, -1.45000000000000, 0.000000000000000 ) );
#5977 = VECTOR( '', #6924, 1000.00000000000 );
#5978 = COLOUR_RGB( '', 0.000000000000000, 0.000000000000000, 0.600000023841858 );
#5979 = COLOUR_RGB( '', 0.000000000000000, 0.000000000000000, 0.600000023841858 );
#5980 = CARTESIAN_POINT( '', ( 1.15000000000000, 1.45000000000000, 0.700000000000000 ) );
#5981 = CARTESIAN_POINT( '', ( 1.15000000000000, 1.45000000000000, 0.700000000000000 ) );
#5982 = VECTOR( '', #6925, 1000.00000000000 );
#5983 = CARTESIAN_POINT( '', ( 1.15000000000000, 1.45000000000000, 0.800000000000000 ) );
#5984 = CARTESIAN_POINT( '', ( 1.15000000000000, 1.45000000000000, 0.800000000000000 ) );
#5985 = VECTOR( '', #6926, 1000.00000000000 );
#5986 = CARTESIAN_POINT( '', ( 1.15000000000000, 1.45000000000000, 0.800000000000000 ) );
#5987 = VECTOR( '', #6927, 1000.00000000000 );
#5988 = COLOUR_RGB( '', 0.113725490868092, 0.400000005960464, 0.113725490868092 );
#5989 = CARTESIAN_POINT( '', ( -0.500000000000000, 0.635000000000000, 0.000000000000000 ) );
#5990 = CARTESIAN_POINT( '', ( 0.500000000000000, 0.635000000000000, 0.000000000000000 ) );
#5991 = CARTESIAN_POINT( '', ( -0.500000000000000, 0.635000000000000, 0.000000000000000 ) );
#5992 = VECTOR( '', #6928, 1000.00000000000 );
#5993 = CARTESIAN_POINT( '', ( 0.500000000000000, -0.635000000000000, 0.000000000000000 ) );
#5994 = CARTESIAN_POINT( '', ( 0.500000000000000, -0.635000000000000, 0.000000000000000 ) );
#5995 = VECTOR( '', #6929, 1000.00000000000 );
#5996 = CARTESIAN_POINT( '', ( -0.500000000000000, -0.635000000000000, 0.000000000000000 ) );
#5997 = CARTESIAN_POINT( '', ( -0.500000000000000, -0.635000000000000, 0.000000000000000 ) );
#5998 = VECTOR( '', #6930, 1000.00000000000 );
#5999 = CARTESIAN_POINT( '', ( -0.500000000000000, -0.635000000000000, 0.000000000000000 ) );
#6000 = VECTOR( '', #6931, 1000.00000000000 );
#6001 = COLOUR_RGB( '', 0.000000000000000, 0.000000000000000, 0.600000023841858 );
#6002 = CARTESIAN_POINT( '', ( -2.20000000000000, 0.500000000000000, 0.150000000000000 ) );
#6003 = CARTESIAN_POINT( '', ( -2.20000000000000, 0.500000000000000, 0.350000000000000 ) );
#6004 = VECTOR( '', #6932, 1000.00000000000 );
#6005 = CARTESIAN_POINT( '', ( -2.20000000000000, 0.650000000000000, 0.000000000000000 ) );
#6006 = CARTESIAN_POINT( '', ( -2.20000000000000, 0.400000000000000, 0.250000000000000 ) );
#6007 = VECTOR( '', #6933, 1000.00000000000 );
#6008 = CARTESIAN_POINT( '', ( -2.20000000000000, 0.500000000000000, 0.000000000000000 ) );
#6009 = VECTOR( '', #6934, 1000.00000000000 );
#6010 = COLOUR_RGB( '', 0.000000000000000, 0.000000000000000, 0.600000023841858 );
#6011 = CARTESIAN_POINT( '', ( -1.05000000000000, 0.000000000000000, -0.800000000000000 ) );
#6012 = AXIS2_PLACEMENT_3D( '', #6935, #6936, #6937 );
#6013 = COLOUR_RGB( '', 0.000000000000000, 0.000000000000000, 0.600000023841858 );
#6014 = COLOUR_RGB( '', 0.000000000000000, 0.000000000000000, 0.600000023841858 );
#6015 = CARTESIAN_POINT( '', ( 2.20000000000000, -0.500000000000000, 0.150000000000000 ) );
#6016 = CARTESIAN_POINT( '', ( 2.20000000000000, -0.500000000000000, 0.150000000000000 ) );
#6017 = VECTOR( '', #6938, 1000.00000000000 );
#6018 = CARTESIAN_POINT( '', ( 2.20000000000000, -0.500000000000000, 0.350000000000000 ) );
#6019 = VECTOR( '', #6939, 1000.00000000000 );
#6020 = COLOUR_RGB( '', 0.113725490868092, 0.400000005960464, 0.113725490868092 );
#6021 = CARTESIAN_POINT( '', ( -0.500000000000000, 0.635000000000000, 3.35000000000000 ) );
#6022 = CARTESIAN_POINT( '', ( -0.500000000000000, 0.635000000000000, 3.35000000000000 ) );
#6023 = VECTOR( '', #6940, 1000.00000000000 );
#6024 = CARTESIAN_POINT( '', ( -0.500000000000000, -0.635000000000000, 3.35000000000000 ) );
#6025 = CARTESIAN_POINT( '', ( -0.500000000000000, -0.635000000000000, 3.35000000000000 ) );
#6026 = VECTOR( '', #6941, 1000.00000000000 );
#6027 = CARTESIAN_POINT( '', ( -0.500000000000000, -0.635000000000000, 3.35000000000000 ) );
#6028 = VECTOR( '', #6942, 1000.00000000000 );
#6029 = COLOUR_RGB( '', 0.698039233684540, 0.698039233684540, 0.000000000000000 );
#6030 = CARTESIAN_POINT( '', ( -2.18500000000000, 0.670000000000000, 0.600000000000000 ) );
#6031 = CARTESIAN_POINT( '', ( -2.21000000000000, 0.695000000000000, 1.35000000000000 ) );
#6032 = CARTESIAN_POINT( '', ( -2.18381374722838, 0.668813747228381, 0.564412416851441 ) );
#6033 = VECTOR( '', #6943, 1000.00000000000 );
#6034 = CARTESIAN_POINT( '', ( -2.21000000000000, 0.670000000000000, 1.35000000000000 ) );
#6035 = VECTOR( '', #6944, 1000.00000000000 );
#6036 = CARTESIAN_POINT( '', ( -2.18500000000000, -0.670000000000000, 0.600000000000000 ) );
#6037 = VECTOR( '', #6945, 1000.00000000000 );
#6038 = COLOUR_RGB( '', 0.000000000000000, 0.000000000000000, 0.600000023841858 );
#6039 = CARTESIAN_POINT( '', ( -0.600000000000000, -1.10000000000000, 0.350000000000000 ) );
#6040 = VECTOR( '', #6946, 1000.00000000000 );
#6041 = COLOUR_RGB( '', 0.000000000000000, 0.000000000000000, 0.600000023841858 );
#6042 = CARTESIAN_POINT( '', ( -2.97500000000000, 0.350000000000000, 3.00000000000000 ) );
#6043 = CARTESIAN_POINT( '', ( -2.60000000000000, 0.350000000000000, 3.80000000000000 ) );
#6044 = VECTOR( '', #6947, 1000.00000000000 );
#6045 = CARTESIAN_POINT( '', ( -2.97500000000000, -0.350000000000000, 3.00000000000000 ) );
#6046 = VECTOR( '', #6948, 1000.00000000000 );
#6047 = COLOUR_RGB( '', 0.698039233684540, 0.698039233684540, 0.000000000000000 );
#6048 = CARTESIAN_POINT( '', ( 2.60000000000000, 0.472000000000000, 0.350000000000000 ) );
#6049 = CARTESIAN_POINT( '', ( 2.60000000000000, 0.400000000000000, -1.75000000000000 ) );
#6050 = VECTOR( '', #6949, 1000.00000000000 );
#6051 = CARTESIAN_POINT( '', ( 2.60000000000000, -0.472000000000000, 0.350000000000000 ) );
#6052 = VECTOR( '', #6950, 1000.00000000000 );
#6053 = COLOUR_RGB( '', 0.000000000000000, 0.000000000000000, 0.600000023841858 );
#6054 = CARTESIAN_POINT( '', ( -2.97500000000000, 0.350000000000000, 3.00000000000000 ) );
#6055 = VECTOR( '', #6951, 1000.00000000000 );
#6056 = COLOUR_RGB( '', 0.698039233684540, 0.698039233684540, 0.000000000000000 );
#6057 = CARTESIAN_POINT( '', ( -1.09000000000000, 0.695000000000000, 1.35000000000000 ) );
#6058 = CARTESIAN_POINT( '', ( -1.11500000000000, 0.670000000000000, 0.600000000000000 ) );
#6059 = CARTESIAN_POINT( '', ( -1.11500000000000, 0.670000000000000, 0.600000000000000 ) );
#6060 = VECTOR( '', #6952, 1000.00000000000 );
#6061 = CARTESIAN_POINT( '', ( -1.11500000000000, 0.695000000000000, 1.35000000000000 ) );
#6062 = VECTOR( '', #6953, 1000.00000000000 );
#6063 = CARTESIAN_POINT( '', ( -2.18500000000000, 0.670000000000000, 0.600000000000000 ) );
#6064 = VECTOR( '', #6954, 1000.00000000000 );
#6065 = COLOUR_RGB( '', 0.000000000000000, 0.000000000000000, 0.600000023841858 );
#6066 = CARTESIAN_POINT( '', ( 2.30000000000000, 1.20000000000000, 4.90000000000000 ) );
#6067 = CARTESIAN_POINT( '', ( 2.01754385964913, 0.917543859649124, 3.91140350877193 ) );
#6068 = VECTOR( '', #6955, 1000.00000000000 );
#6069 = CARTESIAN_POINT( '', ( 2.30000000000000, -1.50000000000000, 4.90000000000000 ) );
#6070 = VECTOR( '', #6956, 1000.00000000000 );
#6071 = COLOUR_RGB( '', 0.000000000000000, 0.000000000000000, 0.600000023841858 );
#6072 = CARTESIAN_POINT( '', ( -2.10000000000000, 1.45000000000000, 0.700000000000000 ) );
#6073 = CARTESIAN_POINT( '', ( -2.10000000000000, 1.45000000000000, 0.700000000000000 ) );
#6074 = VECTOR( '', #6957, 1000.00000000000 );
#6075 = CARTESIAN_POINT( '', ( -2.55000000000000, 1.45000000000000, 0.700000000000000 ) );
#6076 = CARTESIAN_POINT( '', ( 2.55000000000000, 1.45000000000000, 0.700000000000000 ) );
#6077 = VECTOR( '', #6958, 1000.00000000000 );
#6078 = CARTESIAN_POINT( '', ( -2.55000000000000, 1.45000000000000, 0.700000000000000 ) );
#6079 = VECTOR( '', #6959, 1000.00000000000 );
#6080 = CARTESIAN_POINT( '', ( -2.10000000000000, -1.50000000000000, 0.700000000000000 ) );
#6081 = VECTOR( '', #6960, 1000.00000000000 );
#6082 = COLOUR_RGB( '', 0.698039233684540, 0.698039233684540, 0.000000000000000 );
#6083 = CARTESIAN_POINT( '', ( 3.20000000000000, 1.10000000000000, 0.350000000000000 ) );
#6084 = CARTESIAN_POINT( '', ( 3.20000000000000, 1.10000000000000, -2.40000000000000 ) );
#6085 = CARTESIAN_POINT( '', ( 3.20000000000000, 1.10000000000000, 0.350000000000000 ) );
#6086 = VECTOR( '', #6961, 1000.00000000000 );
#6087 = CARTESIAN_POINT( '', ( 2.80000000000000, 1.10000000000000, -2.40000000000000 ) );
#6088 = CARTESIAN_POINT( '', ( 2.80000000000000, 1.10000000000000, -2.40000000000000 ) );
#6089 = VECTOR( '', #6962, 1000.00000000000 );
#6090 = CARTESIAN_POINT( '', ( 2.60000000000000, 1.10000000000000, -2.05358983848622 ) );
#6091 = CARTESIAN_POINT( '', ( 2.60000000000000, 1.10000000000000, -2.05358983848622 ) );
#6092 = VECTOR( '', #6963, 1000.00000000000 );
#6093 = CARTESIAN_POINT( '', ( 2.60000000000000, 1.10000000000000, 0.350000000000000 ) );
#6094 = VECTOR( '', #6964, 1000.00000000000 );
#6095 = CARTESIAN_POINT( '', ( 3.20000000000000, 1.10000000000000, 0.350000000000000 ) );
#6096 = VECTOR( '', #6965, 1000.00000000000 );
#6097 = COLOUR_RGB( '', 0.698039233684540, 0.698039233684540, 0.000000000000000 );
#6098 = CARTESIAN_POINT( '', ( -2.65000000000000, -1.10000000000000, 0.350000000000000 ) );
#6099 = CARTESIAN_POINT( '', ( -2.55000000000000, -1.00000000000000, 1.35000000000000 ) );
#6100 = CARTESIAN_POINT( '', ( -2.53137254901961, -0.981372549019608, 1.53627450980392 ) );
#6101 = VECTOR( '', #6966, 1000.00000000000 );
#6102 = CARTESIAN_POINT( '', ( -2.55000000000000, 1.00000000000000, 1.35000000000000 ) );
#6103 = CARTESIAN_POINT( '', ( -2.55000000000000, -1.10000000000000, 1.35000000000000 ) );
#6104 = VECTOR( '', #6967, 1000.00000000000 );
#6105 = CARTESIAN_POINT( '', ( -2.55098039215687, 1.00098039215686, 1.34019607843137 ) );
#6106 = VECTOR( '', #6968, 1000.00000000000 );
#6107 = CARTESIAN_POINT( '', ( -2.65000000000000, 1.10000000000000, 0.350000000000000 ) );
#6108 = VECTOR( '', #6969, 1000.00000000000 );
#6109 = COLOUR_RGB( '', 0.000000000000000, 0.000000000000000, 0.600000023841858 );
#6110 = CARTESIAN_POINT( '', ( -2.10000000000000, -1.50000000000000, 0.800000000000000 ) );
#6111 = VECTOR( '', #6970, 1000.00000000000 );
#6112 = COLOUR_RGB( '', 0.000000000000000, 0.000000000000000, 0.600000023841858 );
#6113 = CARTESIAN_POINT( '', ( 0.600000000000000, 1.45000000000000, 0.350000000000000 ) );
#6114 = VECTOR( '', #6971, 1000.00000000000 );
#6115 = CARTESIAN_POINT( '', ( -0.600000000000000, 1.45000000000000, 0.350000000000000 ) );
#6116 = VECTOR( '', #6972, 1000.00000000000 );
#6117 = CARTESIAN_POINT( '', ( -2.55000000000000, 1.45000000000000, 0.000000000000000 ) );
#6118 = CARTESIAN_POINT( '', ( 2.55000000000000, 1.45000000000000, 0.000000000000000 ) );
#6119 = VECTOR( '', #6973, 1000.00000000000 );
#6120 = CARTESIAN_POINT( '', ( -2.55000000000000, 1.45000000000000, 0.700000000000000 ) );
#6121 = VECTOR( '', #6974, 1000.00000000000 );
#6122 = CARTESIAN_POINT( '', ( -2.10000000000000, 1.45000000000000, 0.800000000000000 ) );
#6123 = CARTESIAN_POINT( '', ( -2.10000000000000, 1.45000000000000, 0.800000000000000 ) );
#6124 = VECTOR( '', #6975, 1000.00000000000 );
#6125 = CARTESIAN_POINT( '', ( -0.900000000000000, 1.45000000000000, 0.800000000000000 ) );
#6126 = CARTESIAN_POINT( '', ( -0.900000000000000, 1.45000000000000, 0.800000000000000 ) );
#6127 = VECTOR( '', #6976, 1000.00000000000 );
#6128 = CARTESIAN_POINT( '', ( -0.900000000000000, 1.45000000000000, 0.700000000000000 ) );
#6129 = CARTESIAN_POINT( '', ( -0.900000000000000, 1.45000000000000, 0.800000000000000 ) );
#6130 = VECTOR( '', #6977, 1000.00000000000 );
#6131 = CARTESIAN_POINT( '', ( 2.55000000000000, 1.45000000000000, 0.700000000000000 ) );
#6132 = VECTOR( '', #6978, 1000.00000000000 );
#6133 = CARTESIAN_POINT( '', ( 2.35000000000000, 1.45000000000000, 0.800000000000000 ) );
#6134 = CARTESIAN_POINT( '', ( 2.35000000000000, 1.45000000000000, 0.800000000000000 ) );
#6135 = VECTOR( '', #6979, 1000.00000000000 );
#6136 = CARTESIAN_POINT( '', ( 2.35000000000000, 1.45000000000000, 0.700000000000000 ) );
#6137 = CARTESIAN_POINT( '', ( 2.35000000000000, 1.45000000000000, 0.800000000000000 ) );
#6138 = VECTOR( '', #6980, 1000.00000000000 );
#6139 = CARTESIAN_POINT( '', ( 2.55000000000000, 1.45000000000000, 0.700000000000000 ) );
#6140 = VECTOR( '', #6981, 1000.00000000000 );
#6141 = COLOUR_RGB( '', 0.698039233684540, 0.698039233684540, 0.000000000000000 );
#6142 = CARTESIAN_POINT( '', ( -2.80000000000000, -1.10000000000000, -2.40000000000000 ) );
#6143 = VECTOR( '', #6982, 999.999999999999 );
#6144 = CARTESIAN_POINT( '', ( -2.80000000000000, 1.10000000000000, -2.40000000000000 ) );
#6145 = VECTOR( '', #6983, 999.999999999999 );
#6146 = COLOUR_RGB( '', 0.000000000000000, 0.000000000000000, 0.600000023841858 );
#6147 = CARTESIAN_POINT( '', ( -2.60000000000000, 1.20000000000000, 4.90000000000000 ) );
#6148 = VECTOR( '', #6984, 1000.00000000000 );
#6149 = COLOUR_RGB( '', 0.000000000000000, 0.000000000000000, 0.600000023841858 );
#6150 = CARTESIAN_POINT( '', ( 2.20000000000000, -0.400000000000000, 4.30000000000000 ) );
#6151 = VECTOR( '', #6985, 1000.00000000000 );
#6152 = CARTESIAN_POINT( '', ( 2.20000000000000, 0.300000000000000, 4.55000000000000 ) );
#6153 = VECTOR( '', #6986, 1000.00000000000 );
#6154 = COLOUR_RGB( '', 0.698039233684540, 0.698039233684540, 0.000000000000000 );
#6155 = CARTESIAN_POINT( '', ( -2.04066362841803, 0.569401922836809, 1.12485953302535 ) );
#6156 = VECTOR( '', #6987, 1000.00000000000 );
#6157 = CARTESIAN_POINT( '', ( -2.04066362841803, -0.569401922836808, 1.12485953302535 ) );
#6158 = VECTOR( '', #6988, 1000.00000000000 );
#6159 = COLOUR_RGB( '', 0.698039233684540, 0.698039233684540, 0.000000000000000 );
#6160 = CARTESIAN_POINT( '', ( -0.650000000000000, -1.10000000000000, 0.350000000000000 ) );
#6161 = CARTESIAN_POINT( '', ( -0.850000000000000, -1.00000000000000, 1.35000000000000 ) );
#6162 = CARTESIAN_POINT( '', ( -0.842380952380952, -1.00380952380952, 1.31190476190476 ) );
#6163 = VECTOR( '', #6989, 1000.00000000000 );
#6164 = CARTESIAN_POINT( '', ( -0.650000000000000, 1.10000000000000, 0.350000000000000 ) );
#6165 = CARTESIAN_POINT( '', ( -0.650000000000000, 1.10000000000000, 0.350000000000000 ) );
#6166 = VECTOR( '', #6990, 1000.00000000000 );
#6167 = CARTESIAN_POINT( '', ( -0.850000000000000, 1.00000000000000, 1.35000000000000 ) );
#6168 = CARTESIAN_POINT( '', ( -0.842380952380952, 1.00380952380952, 1.31190476190476 ) );
#6169 = VECTOR( '', #6991, 1000.00000000000 );
#6170 = CARTESIAN_POINT( '', ( -0.850000000000000, 1.00000000000000, 1.35000000000000 ) );
#6171 = VECTOR( '', #6992, 1000.00000000000 );
#6172 = COLOUR_RGB( '', 0.000000000000000, 0.000000000000000, 0.600000023841858 );
#6173 = CARTESIAN_POINT( '', ( -2.20000000000000, 0.400000000000000, 4.55000000000000 ) );
#6174 = VECTOR( '', #6993, 1000.00000000000 );
#6175 = COLOUR_RGB( '', 0.698039233684540, 0.698039233684540, 0.000000000000000 );
#6176 = CARTESIAN_POINT( '', ( 3.20000000000000, 0.472000000000000, 0.350000000000000 ) );
#6177 = CARTESIAN_POINT( '', ( 2.60000000000000, 0.472000000000000, 0.350000000000000 ) );
#6178 = VECTOR( '', #6994, 1000.00000000000 );
#6179 = CARTESIAN_POINT( '', ( 3.20000000000000, 1.10000000000000, 0.350000000000000 ) );
#6180 = VECTOR( '', #6995, 1000.00000000000 );
#6181 = CARTESIAN_POINT( '', ( -2.20000000000000, 1.10000000000000, 0.350000000000000 ) );
#6182 = CARTESIAN_POINT( '', ( -2.20000000000000, 1.50000000000000, 0.350000000000000 ) );
#6183 = VECTOR( '', #6996, 1000.00000000000 );
#6184 = CARTESIAN_POINT( '', ( -0.650000000000000, 1.10000000000000, 0.350000000000000 ) );
#6185 = VECTOR( '', #6997, 1000.00000000000 );
#6186 = CARTESIAN_POINT( '', ( -2.20000000000000, -1.10000000000000, 0.350000000000000 ) );
#6187 = CARTESIAN_POINT( '', ( -2.65000000000000, -1.10000000000000, 0.350000000000000 ) );
#6188 = VECTOR( '', #6998, 1000.00000000000 );
#6189 = CARTESIAN_POINT( '', ( -2.20000000000000, -1.50000000000000, 0.350000000000000 ) );
#6190 = CARTESIAN_POINT( '', ( -2.20000000000000, -1.10000000000000, 0.350000000000000 ) );
#6191 = VECTOR( '', #6999, 1000.00000000000 );
#6192 = CARTESIAN_POINT( '', ( 2.20000000000000, -1.50000000000000, 0.350000000000000 ) );
#6193 = VECTOR( '', #7000, 1000.00000000000 );
#6194 = CARTESIAN_POINT( '', ( 3.20000000000000, -1.10000000000000, 0.350000000000000 ) );
#6195 = CARTESIAN_POINT( '', ( 3.20000000000000, -1.10000000000000, 0.350000000000000 ) );
#6196 = VECTOR( '', #7001, 1000.00000000000 );
#6197 = CARTESIAN_POINT( '', ( 3.20000000000000, 1.10000000000000, 0.350000000000000 ) );
#6198 = VECTOR( '', #7002, 1000.00000000000 );
#6199 = COLOUR_RGB( '', 0.000000000000000, 0.000000000000000, 0.600000023841858 );
#6200 = CARTESIAN_POINT( '', ( 2.60000000000000, 1.20000000000000, 4.90000000000000 ) );
#6201 = CARTESIAN_POINT( '', ( 2.30000000000000, 1.20000000000000, 4.90000000000000 ) );
#6202 = VECTOR( '', #7003, 1000.00000000000 );
#6203 = CARTESIAN_POINT( '', ( 2.60000000000000, -1.50000000000000, 4.90000000000000 ) );
#6204 = VECTOR( '', #7004, 1000.00000000000 );
#6205 = COLOUR_RGB( '', 0.000000000000000, 0.000000000000000, 0.600000023841858 );
#6206 = CARTESIAN_POINT( '', ( 0.800000000000000, -1.10000000000000, -5.42101086242752E-017 ) );
#6207 = CARTESIAN_POINT( '', ( 0.800000000000000, -1.10000000000000, 0.000000000000000 ) );
#6208 = VECTOR( '', #7005, 1000.00000000000 );
#6209 = CARTESIAN_POINT( '', ( 2.20000000000000, -1.10000000000000, 0.000000000000000 ) );
#6210 = CARTESIAN_POINT( '', ( 2.20000000000000, -1.10000000000000, 0.000000000000000 ) );
#6211 = VECTOR( '', #7006, 1000.00000000000 );
#6212 = CARTESIAN_POINT( '', ( 2.20000000000000, -0.650000000000000, 2.71050543121376E-017 ) );
#6213 = CARTESIAN_POINT( '', ( 2.20000000000000, -0.500000000000000, 0.000000000000000 ) );
#6214 = VECTOR( '', #7007, 1000.00000000000 );
#6215 = CARTESIAN_POINT( '', ( 2.55000000000000, -0.650000000000000, 0.000000000000000 ) );
#6216 = VECTOR( '', #7008, 1000.00000000000 );
#6217 = COLOUR_RGB( '', 0.000000000000000, 0.000000000000000, 0.600000023841858 );
#6218 = CARTESIAN_POINT( '', ( 2.60000000000000, -1.10000000000000, 4.55000000000000 ) );
#6219 = CARTESIAN_POINT( '', ( 2.60000000000000, -1.10000000000000, 4.55000000000000 ) );
#6220 = VECTOR( '', #7009, 1000.00000000000 );
#6221 = CARTESIAN_POINT( '', ( -2.60000000000000, -1.10000000000000, 4.55000000000000 ) );
#6222 = VECTOR( '', #7010, 1000.00000000000 );
#6223 = COLOUR_RGB( '', 0.698039233684540, 0.698039233684540, 0.000000000000000 );
#6224 = CARTESIAN_POINT( '', ( -1.09000000000000, -0.670000000000000, 1.35000000000000 ) );
#6225 = VECTOR( '', #7011, 1000.00000000000 );
#6226 = CARTESIAN_POINT( '', ( -0.650000000000000, -1.00000000000000, 1.35000000000000 ) );
#6227 = VECTOR( '', #7012, 1000.00000000000 );
#6228 = CARTESIAN_POINT( '', ( -2.65000000000000, 1.00000000000000, 1.35000000000000 ) );
#6229 = VECTOR( '', #7013, 1000.00000000000 );
#6230 = COLOUR_RGB( '', 0.000000000000000, 0.000000000000000, 0.600000023841858 );
#6231 = CARTESIAN_POINT( '', ( 2.97500000000000, 0.350000000000000, 2.80000000000000 ) );
#6232 = VECTOR( '', #7014, 1000.00000000000 );
#6233 = CARTESIAN_POINT( '', ( 2.97500000000000, -0.350000000000000, 2.80000000000000 ) );
#6234 = VECTOR( '', #7015, 1000.00000000000 );
#6235 = COLOUR_RGB( '', 0.000000000000000, 0.000000000000000, 0.600000023841858 );
#6236 = CARTESIAN_POINT( '', ( 2.35000000000000, -1.45000000000000, 0.800000000000000 ) );
#6237 = VECTOR( '', #7016, 1000.00000000000 );
#6238 = COLOUR_RGB( '', 0.000000000000000, 0.000000000000000, 0.600000023841858 );
#6239 = CARTESIAN_POINT( '', ( -2.55000000000000, 0.650000000000000, -8.13151629364128E-017 ) );
#6240 = CARTESIAN_POINT( '', ( -2.55000000000000, 1.45000000000000, 0.000000000000000 ) );
#6241 = VECTOR( '', #7017, 1000.00000000000 );
#6242 = CARTESIAN_POINT( '', ( -2.55000000000000, 0.500000000000000, 0.150000000000000 ) );
#6243 = CARTESIAN_POINT( '', ( -2.55000000000000, 0.650000000000000, 0.000000000000000 ) );
#6244 = VECTOR( '', #7018, 1000.00000000000 );
#6245 = CARTESIAN_POINT( '', ( -2.55000000000000, 0.500000000000000, 0.350000000000000 ) );
#6246 = VECTOR( '', #7019, 1000.00000000000 );
#6247 = CARTESIAN_POINT( '', ( -2.55000000000000, -0.650000000000000, 0.000000000000000 ) );
#6248 = CARTESIAN_POINT( '', ( -2.55000000000000, -0.650000000000000, 0.000000000000000 ) );
#6249 = VECTOR( '', #7020, 1000.00000000000 );
#6250 = CARTESIAN_POINT( '', ( -2.55000000000000, 1.45000000000000, 0.000000000000000 ) );
#6251 = VECTOR( '', #7021, 1000.00000000000 );
#6252 = COLOUR_RGB( '', 0.000000000000000, 0.000000000000000, 0.600000023841858 );
#6253 = CARTESIAN_POINT( '', ( -0.900000000000000, 1.50000000000000, 0.700000000000000 ) );
#6254 = VECTOR( '', #7022, 1000.00000000000 );
#6255 = CARTESIAN_POINT( '', ( -0.900000000000000, 1.50000000000000, 0.800000000000000 ) );
#6256 = VECTOR( '', #7023, 1000.00000000000 );
#6257 = COLOUR_RGB( '', 0.000000000000000, 0.000000000000000, 0.600000023841858 );
#6258 = CARTESIAN_POINT( '', ( 2.60000000000000, -0.350000000000000, 3.80000000000000 ) );
#6259 = VECTOR( '', #7024, 1000.00000000000 );
#6260 = CARTESIAN_POINT( '', ( 2.60000000000000, 0.350000000000000, 3.80000000000000 ) );
#6261 = VECTOR( '', #7025, 1000.00000000000 );
#6262 = CARTESIAN_POINT( '', ( 2.60000000000000, -1.20000000000000, 4.90000000000000 ) );
#6263 = CARTESIAN_POINT( '', ( 2.60000000000000, -1.20000000000000, 4.90000000000000 ) );
#6264 = VECTOR( '', #7026, 1000.00000000000 );
#6265 = CARTESIAN_POINT( '', ( 2.60000000000000, -1.50000000000000, 4.90000000000000 ) );
#6266 = VECTOR( '', #7027, 1000.00000000000 );
#6267 = CARTESIAN_POINT( '', ( 2.60000000000000, 1.50000000000000, 0.700000000000000 ) );
#6268 = VECTOR( '', #7028, 1000.00000000000 );
#6269 = CARTESIAN_POINT( '', ( 2.60000000000000, 1.10000000000000, 4.55000000000000 ) );
#6270 = CARTESIAN_POINT( '', ( 2.60000000000000, 1.10000000000000, 4.55000000000000 ) );
#6271 = VECTOR( '', #7029, 1000.00000000000 );
#6272 = CARTESIAN_POINT( '', ( 2.60000000000000, 1.10000000000000, 4.55000000000000 ) );
#6273 = VECTOR( '', #7030, 1000.00000000000 );
#6274 = CARTESIAN_POINT( '', ( 2.60000000000000, 0.300000000000000, 4.55000000000000 ) );
#6275 = VECTOR( '', #7031, 1000.00000000000 );
#6276 = CARTESIAN_POINT( '', ( 2.60000000000000, -0.400000000000000, 4.30000000000000 ) );
#6277 = VECTOR( '', #7032, 1000.00000000000 );
#6278 = COLOUR_RGB( '', 0.698039233684540, 0.698039233684540, 0.000000000000000 );
#6279 = CARTESIAN_POINT( '', ( -3.20000000000000, 0.400000000000000, -1.75000000000000 ) );
#6280 = CARTESIAN_POINT( '', ( -3.20000000000000, 0.400000000000000, -1.75000000000000 ) );
#6281 = VECTOR( '', #7033, 1000.00000000000 );
#6282 = CARTESIAN_POINT( '', ( -2.60000000000000, 0.400000000000000, -1.75000000000000 ) );
#6283 = VECTOR( '', #7034, 1000.00000000000 );
#6284 = COLOUR_RGB( '', 0.113725490868092, 0.400000005960464, 0.113725490868092 );
#6285 = CARTESIAN_POINT( '', ( 0.500000000000000, 0.635000000000000, 3.35000000000000 ) );
#6286 = CARTESIAN_POINT( '', ( -0.450000000000000, 0.635000000000000, 3.35000000000000 ) );
#6287 = VECTOR( '', #7035, 1000.00000000000 );
#6288 = CARTESIAN_POINT( '', ( 0.500000000000000, 0.635000000000000, 0.000000000000000 ) );
#6289 = VECTOR( '', #7036, 1000.00000000000 );
#6290 = COLOUR_RGB( '', 0.000000000000000, 0.000000000000000, 0.600000023841858 );
#6291 = CARTESIAN_POINT( '', ( 2.30000000000000, -1.20000000000000, 4.90000000000000 ) );
#6292 = CARTESIAN_POINT( '', ( 2.22807017543860, -1.12807017543860, 4.64824561403509 ) );
#6293 = VECTOR( '', #7037, 1000.00000000000 );
#6294 = CARTESIAN_POINT( '', ( 2.30000000000000, -1.50000000000000, 4.90000000000000 ) );
#6295 = VECTOR( '', #7038, 1000.00000000000 );
#6296 = COLOUR_RGB( '', 0.000000000000000, 0.000000000000000, 0.600000023841858 );
#6297 = CARTESIAN_POINT( '', ( -0.900000000000000, -1.45000000000000, 0.700000000000000 ) );
#6298 = VECTOR( '', #7039, 1000.00000000000 );
#6299 = COLOUR_RGB( '', 0.000000000000000, 0.000000000000000, 0.600000023841858 );
#6300 = CARTESIAN_POINT( '', ( -2.20000000000000, -0.650000000000000, 3.38813178901720E-018 ) );
#6301 = CARTESIAN_POINT( '', ( -2.20000000000000, -0.700000000000000, -0.0500000000000000 ) );
#6302 = VECTOR( '', #7040, 1000.00000000000 );
#6303 = CARTESIAN_POINT( '', ( -2.20000000000000, -0.650000000000000, 0.000000000000000 ) );
#6304 = VECTOR( '', #7041, 1000.00000000000 );
#6305 = COLOUR_RGB( '', 0.698039233684540, 0.698039233684540, 0.000000000000000 );
#6306 = CARTESIAN_POINT( '', ( -0.735844050443252, -0.934260207266825, -0.778748907479086 ) );
#6307 = VECTOR( '', #7042, 999.999999999999 );
#6308 = CARTESIAN_POINT( '', ( -1.11500000000000, 0.670000000000000, 0.600000000000000 ) );
#6309 = VECTOR( '', #7043, 1000.00000000000 );
#6310 = CARTESIAN_POINT( '', ( -0.735844050443252, 0.934260207266825, -0.778748907479086 ) );
#6311 = VECTOR( '', #7044, 999.999999999999 );
#6312 = COLOUR_RGB( '', 0.698039233684540, 0.698039233684540, 0.000000000000000 );
#6313 = CARTESIAN_POINT( '', ( -2.20000000000000, -1.10000000000000, 0.350000000000000 ) );
#6314 = VECTOR( '', #7045, 1000.00000000000 );
#6315 = CARTESIAN_POINT( '', ( -2.65000000000000, -1.10000000000000, 0.350000000000000 ) );
#6316 = VECTOR( '', #7046, 1000.00000000000 );
#6317 = CARTESIAN_POINT( '', ( -3.20000000000000, -1.10000000000000, 0.350000000000000 ) );
#6318 = CARTESIAN_POINT( '', ( -2.20000000000000, -1.10000000000000, 0.350000000000000 ) );
#6319 = VECTOR( '', #7047, 1000.00000000000 );
#6320 = CARTESIAN_POINT( '', ( -3.20000000000000, -1.10000000000000, 0.350000000000000 ) );
#6321 = VECTOR( '', #7048, 1000.00000000000 );
#6322 = COLOUR_RGB( '', 0.000000000000000, 0.000000000000000, 0.600000023841858 );
#6323 = CARTESIAN_POINT( '', ( -2.55000000000000, 0.650000000000000, 0.000000000000000 ) );
#6324 = VECTOR( '', #7049, 1000.00000000000 );
#6325 = COLOUR_RGB( '', 0.000000000000000, 0.000000000000000, 0.600000023841858 );
#6326 = CARTESIAN_POINT( '', ( 2.35000000000000, 1.50000000000000, 0.700000000000000 ) );
#6327 = VECTOR( '', #7050, 1000.00000000000 );
#6328 = CARTESIAN_POINT( '', ( 2.35000000000000, 1.50000000000000, 0.800000000000000 ) );
#6329 = VECTOR( '', #7051, 1000.00000000000 );
#6330 = COLOUR_RGB( '', 0.000000000000000, 0.000000000000000, 0.600000023841858 );
#6331 = CARTESIAN_POINT( '', ( -1.25000000000000, 0.000000000000000, -1.00000000000000 ) );
#6332 = AXIS2_PLACEMENT_3D( '', #7052, #7053, #7054 );
#6333 = COLOUR_RGB( '', 0.000000000000000, 0.000000000000000, 0.600000023841858 );
#6334 = CARTESIAN_POINT( '', ( 0.600000000000000, -1.10000000000000, 0.200000000000000 ) );
#6335 = CARTESIAN_POINT( '', ( 0.600000000000000, -1.10000000000000, 0.350000000000000 ) );
#6336 = VECTOR( '', #7055, 1000.00000000000 );
#6337 = CARTESIAN_POINT( '', ( 0.600000000000000, -1.45000000000000, 0.200000000000000 ) );
#6338 = VECTOR( '', #7056, 1000.00000000000 );
#6339 = COLOUR_RGB( '', 0.000000000000000, 0.000000000000000, 0.600000023841858 );
#6340 = CARTESIAN_POINT( '', ( -2.10000000000000, 1.45000000000000, 0.800000000000000 ) );
#6341 = VECTOR( '', #7057, 1000.00000000000 );
#6342 = COLOUR_RGB( '', 0.000000000000000, 0.000000000000000, 0.600000023841858 );
#6343 = CARTESIAN_POINT( '', ( 2.35000000000000, -1.45000000000000, 0.700000000000000 ) );
#6344 = VECTOR( '', #7058, 1000.00000000000 );
#6345 = COLOUR_RGB( '', 0.000000000000000, 0.000000000000000, 0.600000023841858 );
#6346 = COLOUR_RGB( '', 0.000000000000000, 0.000000000000000, 0.600000023841858 );
#6347 = CARTESIAN_POINT( '', ( 1.32500000000000, -1.10000000000000, -0.525000000000000 ) );
#6348 = VECTOR( '', #7059, 1000.00000000000 );
#6349 = COLOUR_RGB( '', 0.113725490868092, 0.400000005960464, 0.113725490868092 );
#6350 = CARTESIAN_POINT( '', ( 0.500000000000000, -0.635000000000000, 3.35000000000000 ) );
#6351 = CARTESIAN_POINT( '', ( 0.500000000000000, -0.635000000000000, 3.35000000000000 ) );
#6352 = VECTOR( '', #7060, 1000.00000000000 );
#6353 = CARTESIAN_POINT( '', ( 0.500000000000000, -0.635000000000000, 3.35000000000000 ) );
#6354 = VECTOR( '', #7061, 1000.00000000000 );
#6355 = CARTESIAN_POINT( '', ( -0.450000000000000, 0.585000000000000, 3.35000000000000 ) );
#6356 = CARTESIAN_POINT( '', ( 3.76795032773344, 0.585000000000000, 3.35000000000000 ) );
#6357 = VECTOR( '', #7062, 1000.00000000000 );
#6358 = CARTESIAN_POINT( '', ( -0.450000000000000, -0.635000000000000, 3.35000000000000 ) );
#6359 = VECTOR( '', #7063, 1000.00000000000 );
#6360 = COLOUR_RGB( '', 0.000000000000000, 0.000000000000000, 0.600000023841858 );
#6361 = COLOUR_RGB( '', 0.000000000000000, 0.000000000000000, 0.600000023841858 );
#6362 = CARTESIAN_POINT( '', ( -2.20000000000000, -1.10000000000000, 0.000000000000000 ) );
#6363 = CARTESIAN_POINT( '', ( -0.600000000000000, -1.10000000000000, 0.000000000000000 ) );
#6364 = VECTOR( '', #7064, 1000.00000000000 );
#6365 = CARTESIAN_POINT( '', ( -2.20000000000000, -1.10000000000000, 0.000000000000000 ) );
#6366 = VECTOR( '', #7065, 1000.00000000000 );
#6367 = COLOUR_RGB( '', 0.113725490868092, 0.400000005960464, 0.113725490868092 );
#6368 = CARTESIAN_POINT( '', ( -0.450000000000000, 0.512301622543637, 3.78619026473818 ) );
#6369 = CARTESIAN_POINT( '', ( -0.450000000000000, 0.481293470582997, 3.97223917650201 ) );
#6370 = VECTOR( '', #7066, 1000.00000000000 );
#6371 = AXIS2_PLACEMENT_3D( '', #7067, #7068, #7069 );
#6372 = COLOUR_RGB( '', 0.698039233684540, 0.698039233684540, 0.000000000000000 );
#6373 = CARTESIAN_POINT( '', ( -2.20000000000000, 1.10000000000000, 0.350000000000000 ) );
#6374 = VECTOR( '', #7070, 1000.00000000000 );
#6375 = COLOUR_RGB( '', 0.698039233684540, 0.698039233684540, 0.000000000000000 );
#6376 = CARTESIAN_POINT( '', ( 2.80000000000000, -1.10000000000000, -2.40000000000000 ) );
#6377 = CARTESIAN_POINT( '', ( 2.60000000000000, -1.10000000000000, -2.05358983848622 ) );
#6378 = CARTESIAN_POINT( '', ( 2.60000000000000, -1.10000000000000, -2.05358983848622 ) );
#6379 = VECTOR( '', #7071, 1000.00000000000 );
#6380 = CARTESIAN_POINT( '', ( 2.60000000000000, 1.10000000000000, -2.05358983848622 ) );
#6381 = VECTOR( '', #7072, 1000.00000000000 );
#6382 = CARTESIAN_POINT( '', ( 2.80000000000000, 1.10000000000000, -2.40000000000000 ) );
#6383 = VECTOR( '', #7073, 1000.00000000000 );
#6384 = COLOUR_RGB( '', 0.000000000000000, 0.000000000000000, 0.600000023841858 );
#6385 = COLOUR_RGB( '', 0.000000000000000, 0.000000000000000, 0.600000023841858 );
#6386 = CARTESIAN_POINT( '', ( -2.60000000000000, 1.10000000000000, 4.55000000000000 ) );
#6387 = VECTOR( '', #7074, 1000.00000000000 );
#6388 = CARTESIAN_POINT( '', ( -2.60000000000000, 1.10000000000000, 4.55000000000000 ) );
#6389 = VECTOR( '', #7075, 1000.00000000000 );
#6390 = COLOUR_RGB( '', 0.000000000000000, 0.000000000000000, 0.600000023841858 );
#6391 = CARTESIAN_POINT( '', ( 2.30000000000000, -1.20000000000000, 4.90000000000000 ) );
#6392 = VECTOR( '', #7076, 1000.00000000000 );
#6393 = COLOUR_RGB( '', 0.000000000000000, 0.000000000000000, 0.600000023841858 );
#6394 = COLOUR_RGB( '', 0.698039233684540, 0.698039233684540, 0.000000000000000 );
#6395 = CARTESIAN_POINT( '', ( 3.20000000000000, 0.400000000000000, -1.75000000000000 ) );
#6396 = CARTESIAN_POINT( '', ( 3.20000000000000, -0.400000000000000, -1.75000000000000 ) );
#6397 = VECTOR( '', #7077, 1000.00000000000 );
#6398 = CARTESIAN_POINT( '', ( 2.60000000000000, 0.400000000000000, -1.75000000000000 ) );
#6399 = CARTESIAN_POINT( '', ( 2.60000000000000, 0.400000000000000, -1.75000000000000 ) );
#6400 = VECTOR( '', #7078, 1000.00000000000 );
#6401 = CARTESIAN_POINT( '', ( 2.60000000000000, -0.400000000000000, -1.75000000000000 ) );
#6402 = VECTOR( '', #7079, 1000.00000000000 );
#6403 = COLOUR_RGB( '', 0.000000000000000, 0.000000000000000, 0.600000023841858 );
#6404 = COLOUR_RGB( '', 0.000000000000000, 0.000000000000000, 0.600000023841858 );
#6405 = CARTESIAN_POINT( '', ( 2.20000000000000, -1.10000000000000, 0.350000000000000 ) );
#6406 = VECTOR( '', #7080, 1000.00000000000 );
#6407 = COLOUR_RGB( '', 0.000000000000000, 0.000000000000000, 0.600000023841858 );
#6408 = CARTESIAN_POINT( '', ( 2.20000000000000, 0.700000000000000, -0.0500000000000000 ) );
#6409 = VECTOR( '', #7081, 1000.00000000000 );
#6410 = COLOUR_RGB( '', 0.000000000000000, 0.000000000000000, 0.600000023841858 );
#6411 = CARTESIAN_POINT( '', ( 0.600000000000000, 1.10000000000000, 0.350000000000000 ) );
#6412 = VECTOR( '', #7082, 1000.00000000000 );
#6413 = CARTESIAN_POINT( '', ( 2.20000000000000, 1.10000000000000, 0.350000000000000 ) );
#6414 = VECTOR( '', #7083, 1000.00000000000 );
#6415 = COLOUR_RGB( '', 0.000000000000000, 0.000000000000000, 0.600000023841858 );
#6416 = COLOUR_RGB( '', 0.113725490868092, 0.400000005960464, 0.113725490868092 );
#6417 = CARTESIAN_POINT( '', ( -0.450000000000000, -0.635000000000000, 3.78619026473818 ) );
#6418 = VECTOR( '', #7084, 1000.00000000000 );
#6419 = COLOUR_RGB( '', 0.698039233684540, 0.698039233684540, 0.000000000000000 );
#6420 = CARTESIAN_POINT( '', ( -0.650000000000000, 1.10000000000000, 0.350000000000000 ) );
#6421 = VECTOR( '', #7085, 1000.00000000000 );
#6422 = CARTESIAN_POINT( '', ( -3.20000000000000, 1.10000000000000, 0.350000000000000 ) );
#6423 = VECTOR( '', #7086, 1000.00000000000 );
#6424 = COLOUR_RGB( '', 0.698039233684540, 0.698039233684540, 0.000000000000000 );
#6425 = COLOUR_RGB( '', 0.698039233684540, 0.698039233684540, 0.000000000000000 );
#6426 = CARTESIAN_POINT( '', ( 3.20000000000000, 0.400000000000000, -1.75000000000000 ) );
#6427 = VECTOR( '', #7087, 1000.00000000000 );
#6428 = CARTESIAN_POINT( '', ( 2.60000000000000, 0.400000000000000, -1.75000000000000 ) );
#6429 = VECTOR( '', #7088, 1000.00000000000 );
#6430 = COLOUR_RGB( '', 0.698039233684540, 0.698039233684540, 0.000000000000000 );
#6431 = CARTESIAN_POINT( '', ( 2.60000000000000, -1.10000000000000, 0.350000000000000 ) );
#6432 = VECTOR( '', #7089, 1000.00000000000 );
#6433 = COLOUR_RGB( '', 0.000000000000000, 0.000000000000000, 0.600000023841858 );
#6434 = CARTESIAN_POINT( '', ( -2.20000000000000, 0.500000000000000, 0.150000000000000 ) );
#6435 = VECTOR( '', #7090, 1000.00000000000 );
#6436 = COLOUR_RGB( '', 0.000000000000000, 0.000000000000000, 0.600000023841858 );
#6437 = COLOUR_RGB( '', 0.698039233684540, 0.698039233684540, 0.000000000000000 );
#6438 = CARTESIAN_POINT( '', ( 3.20000000000000, -1.10000000000000, -2.40000000000000 ) );
#6439 = CARTESIAN_POINT( '', ( 2.80000000000000, -1.10000000000000, -2.40000000000000 ) );
#6440 = VECTOR( '', #7091, 1000.00000000000 );
#6441 = CARTESIAN_POINT( '', ( 3.20000000000000, 1.10000000000000, -2.40000000000000 ) );
#6442 = VECTOR( '', #7092, 1000.00000000000 );
#6443 = COLOUR_RGB( '', 0.000000000000000, 0.000000000000000, 0.600000023841858 );
#6444 = COLOUR_RGB( '', 0.698039233684540, 0.698039233684540, 0.000000000000000 );
#6445 = CARTESIAN_POINT( '', ( -2.20000000000000, -1.50000000000000, 0.350000000000000 ) );
#6446 = VECTOR( '', #7093, 1000.00000000000 );
#6447 = COLOUR_RGB( '', 0.000000000000000, 0.000000000000000, 0.600000023841858 );
#6448 = COLOUR_RGB( '', 0.698039233684540, 0.698039233684540, 0.000000000000000 );
#6449 = COLOUR_RGB( '', 0.000000000000000, 0.000000000000000, 0.600000023841858 );
#6450 = COLOUR_RGB( '', 0.698039233684540, 0.698039233684540, 0.000000000000000 );
#6451 = CARTESIAN_POINT( '', ( -3.20000000000000, 0.400000000000000, -1.75000000000000 ) );
#6452 = VECTOR( '', #7094, 1000.00000000000 );
#6453 = CARTESIAN_POINT( '', ( -3.20000000000000, 1.10000000000000, 0.350000000000000 ) );
#6454 = VECTOR( '', #7095, 1000.00000000000 );
#6455 = COLOUR_RGB( '', 0.000000000000000, 0.000000000000000, 0.600000023841858 );
#6456 = COLOUR_RGB( '', 0.000000000000000, 0.000000000000000, 0.600000023841858 );
#6457 = COLOUR_RGB( '', 0.000000000000000, 0.000000000000000, 0.600000023841858 );
#6458 = CARTESIAN_POINT( '', ( -0.900000000000000, -1.45000000000000, 0.800000000000000 ) );
#6459 = VECTOR( '', #7096, 1000.00000000000 );
#6460 = COLOUR_RGB( '', 0.000000000000000, 0.000000000000000, 0.600000023841858 );
#6461 = CARTESIAN_POINT( '', ( 2.20000000000000, -0.400000000000000, 0.250000000000000 ) );
#6462 = VECTOR( '', #7097, 1000.00000000000 );
#6463 = COLOUR_RGB( '', 0.698039233684540, 0.698039233684540, 0.000000000000000 );
#6464 = COLOUR_RGB( '', 0.113725490868092, 0.400000005960464, 0.113725490868092 );
#6465 = COLOUR_RGB( '', 0.698039233684540, 0.698039233684540, 0.000000000000000 );
#6466 = COLOUR_RGB( '', 0.000000000000000, 0.000000000000000, 0.600000023841858 );
#6467 = COLOUR_RGB( '', 0.698039233684540, 0.698039233684540, 0.000000000000000 );
#6468 = COLOUR_RGB( '', 0.000000000000000, 0.000000000000000, 0.600000023841858 );
#6469 = CARTESIAN_POINT( '', ( -2.20000000000000, -1.10000000000000, 0.350000000000000 ) );
#6470 = VECTOR( '', #7098, 1000.00000000000 );
#6471 = COLOUR_RGB( '', 0.000000000000000, 0.000000000000000, 0.600000023841858 );
#6472 = COLOUR_RGB( '', 0.000000000000000, 0.000000000000000, 0.600000023841858 );
#6473 = COLOUR_RGB( '', 0.698039233684540, 0.698039233684540, 0.000000000000000 );
#6474 = CARTESIAN_POINT( '', ( 3.20000000000000, -1.10000000000000, 0.350000000000000 ) );
#6475 = VECTOR( '', #7099, 1000.00000000000 );
#6476 = COLOUR_RGB( '', 0.000000000000000, 0.000000000000000, 0.600000023841858 );
#6477 = COLOUR_RGB( '', 0.000000000000000, 0.000000000000000, 0.600000023841858 );
#6478 = COLOUR_RGB( '', 0.000000000000000, 0.000000000000000, 0.600000023841858 );
#6479 = COLOUR_RGB( '', 0.113725490868092, 0.400000005960464, 0.113725490868092 );
#6480 = CARTESIAN_POINT( '', ( 0.500000000000000, -0.635000000000000, 0.000000000000000 ) );
#6481 = VECTOR( '', #7100, 1000.00000000000 );
#6482 = COLOUR_RGB( '', 0.698039233684540, 0.698039233684540, 0.000000000000000 );
#6483 = COLOUR_RGB( '', 0.698039233684540, 0.698039233684540, 0.000000000000000 );
#6484 = COLOUR_RGB( '', 0.698039233684540, 0.698039233684540, 0.000000000000000 );
#6485 = COLOUR_RGB( '', 0.000000000000000, 0.000000000000000, 0.600000023841858 );
#6486 = COLOUR_RGB( '', 0.000000000000000, 0.000000000000000, 0.600000023841858 );
#6487 = COLOUR_RGB( '', 0.000000000000000, 0.000000000000000, 0.600000023841858 );
#6488 = COLOUR_RGB( '', 0.698039233684540, 0.698039233684540, 0.000000000000000 );
#6489 = COLOUR_RGB( '', 0.113725490868092, 0.400000005960464, 0.113725490868092 );
#6490 = COLOUR_RGB( '', 0.000000000000000, 0.000000000000000, 0.600000023841858 );
#6491 = EDGE_CURVE( '', #7101, #7102, #7103, .T. );
#6492 = EDGE_CURVE( '', #7102, #7104, #7105, .T. );
#6493 = EDGE_CURVE( '', #7104, #7106, #7107, .T. );
#6494 = EDGE_CURVE( '', #7106, #7108, #7109, .T. );
#6495 = EDGE_CURVE( '', #7108, #7110, #7111, .T. );
#6496 = EDGE_CURVE( '', #7110, #7112, #7113, .T. );
#6497 = EDGE_CURVE( '', #7114, #7112, #7115, .T. );
#6498 = EDGE_CURVE( '', #7114, #7101, #7116, .F. );
#6499 = EDGE_CURVE( '', #7117, #7118, #7119, .F. );
#6500 = EDGE_CURVE( '', #7120, #7118, #7121, .T. );
#6501 = EDGE_CURVE( '', #7120, #7122, #7123, .T. );
#6502 = EDGE_CURVE( '', #7122, #7117, #7124, .T. );
#6503 = EDGE_CURVE( '', #7120, #7125, #7126, .T. );
#6504 = EDGE_CURVE( '', #7125, #7127, #7128, .T. );
#6505 = EDGE_CURVE( '', #7127, #7122, #7129, .T. );
#6506 = EDGE_CURVE( '', #7130, #7131, #7132, .T. );
#6507 = EDGE_CURVE( '', #7130, #7133, #7134, .T. );
#6508 = EDGE_CURVE( '', #7133, #7135, #7136, .F. );
#6509 = EDGE_CURVE( '', #7135, #7131, #7137, .T. );
#6510 = EDGE_CURVE( '', #7138, #7139, #7140, .T. );
#6511 = EDGE_CURVE( '', #7138, #7141, #7142, .T. );
#6512 = EDGE_CURVE( '', #7143, #7141, #7144, .T. );
#6513 = EDGE_CURVE( '', #7143, #7139, #7145, .T. );
#6514 = EDGE_CURVE( '', #7146, #7112, #7147, .T. );
#6515 = EDGE_CURVE( '', #7146, #7148, #7149, .T. );
#6516 = EDGE_CURVE( '', #7148, #7133, #7150, .F. );
#6517 = EDGE_CURVE( '', #7130, #7138, #7151, .T. );
#6518 = EDGE_CURVE( '', #7139, #7114, #7152, .T. );
#6519 = EDGE_CURVE( '', #7101, #7143, #7153, .T. );
#6520 = EDGE_CURVE( '', #7102, #7154, #7155, .T. );
#6521 = EDGE_CURVE( '', #7141, #7131, #7156, .T. );
#6522 = EDGE_CURVE( '', #7135, #7157, #7158, .F. );
#6523 = EDGE_CURVE( '', #7154, #7157, #7159, .T. );
#6524 = EDGE_CURVE( '', #7106, #7118, #7160, .F. );
#6525 = EDGE_CURVE( '', #7117, #7108, #7161, .F. );
#6526 = EDGE_CURVE( '', #7162, #7163, #7164, .F. );
#6527 = EDGE_CURVE( '', #7165, #7162, #7166, .F. );
#6528 = EDGE_CURVE( '', #7167, #7165, #7168, .F. );
#6529 = EDGE_CURVE( '', #7163, #7167, #7169, .T. );
#6530 = EDGE_CURVE( '', #7162, #7170, #7171, .T. );
#6531 = EDGE_CURVE( '', #7170, #7154, #7172, .T. );
#6532 = EDGE_CURVE( '', #7157, #7148, #7173, .T. );
#6533 = EDGE_CURVE( '', #7146, #7174, #7175, .T. );
#6534 = EDGE_CURVE( '', #7174, #7165, #7176, .T. );
#6535 = EDGE_CURVE( '', #7170, #7104, #7177, .T. );
#6536 = EDGE_CURVE( '', #7125, #7163, #7178, .T. );
#6537 = EDGE_CURVE( '', #7167, #7127, #7179, .T. );
#6538 = EDGE_CURVE( '', #7174, #7110, #7180, .T. );
#6539 = EDGE_CURVE( '', #7181, #7182, #7183, .T. );
#6540 = EDGE_CURVE( '', #7181, #7184, #7185, .F. );
#6541 = EDGE_CURVE( '', #7184, #7186, #7187, .T. );
#6542 = EDGE_CURVE( '', #7186, #7188, #7189, .T. );
#6543 = EDGE_CURVE( '', #7188, #7190, #7191, .T. );
#6544 = EDGE_CURVE( '', #7190, #7192, #7193, .T. );
#6545 = EDGE_CURVE( '', #7194, #7192, #7195, .T. );
#6546 = EDGE_CURVE( '', #7182, #7194, #7196, .T. );
#6547 = EDGE_CURVE( '', #7197, #7198, #7199, .T. );
#6548 = EDGE_CURVE( '', #7200, #7197, #7201, .T. );
#6549 = EDGE_CURVE( '', #7202, #7200, #7203, .T. );
#6550 = EDGE_CURVE( '', #7202, #7204, #7205, .F. );
#6551 = EDGE_CURVE( '', #7204, #7206, #7207, .T. );
#6552 = EDGE_CURVE( '', #7206, #7208, #7209, .T. );
#6553 = EDGE_CURVE( '', #7208, #7210, #7211, .T. );
#6554 = EDGE_CURVE( '', #7210, #7198, #7212, .T. );
#6555 = EDGE_CURVE( '', #7206, #7188, #7213, .T. );
#6556 = EDGE_CURVE( '', #7204, #7214, #7215, .F. );
#6557 = EDGE_CURVE( '', #7216, #7214, #7217, .T. );
#6558 = EDGE_CURVE( '', #7216, #7218, #7219, .T. );
#6559 = EDGE_CURVE( '', #7218, #7220, #7221, .T. );
#6560 = EDGE_CURVE( '', #7220, #7190, #7222, .T. );
#6561 = EDGE_CURVE( '', #7223, #7202, #7224, .F. );
#6562 = EDGE_CURVE( '', #7214, #7223, #7225, .T. );
#6563 = EDGE_CURVE( '', #7200, #7194, #7226, .T. );
#6564 = EDGE_CURVE( '', #7192, #7227, #7228, .T. );
#6565 = EDGE_CURVE( '', #7227, #7229, #7230, .T. );
#6566 = EDGE_CURVE( '', #7229, #7231, #7232, .T. );
#6567 = EDGE_CURVE( '', #7223, #7231, #7233, .T. );
#6568 = EDGE_CURVE( '', #7216, #7231, #7234, .T. );
#6569 = EDGE_CURVE( '', #7227, #7220, #7235, .F. );
#6570 = EDGE_CURVE( '', #7218, #7229, #7236, .T. );
#6571 = EDGE_CURVE( '', #7237, #7238, #7239, .T. );
#6572 = EDGE_CURVE( '', #7240, #7237, #7241, .T. );
#6573 = EDGE_CURVE( '', #7240, #7242, #7243, .T. );
#6574 = EDGE_CURVE( '', #7242, #7238, #7244, .T. );
#6575 = EDGE_CURVE( '', #7245, #7237, #7246, .T. );
#6576 = EDGE_CURVE( '', #7247, #7245, #7248, .T. );
#6577 = EDGE_CURVE( '', #7247, #7240, #7249, .T. );
#6578 = EDGE_CURVE( '', #7250, #7245, #7251, .T. );
#6579 = EDGE_CURVE( '', #7250, #7252, #7253, .F. );
#6580 = EDGE_CURVE( '', #7252, #7247, #7254, .T. );
#6581 = EDGE_CURVE( '', #7250, #7198, #7255, .F. );
#6582 = EDGE_CURVE( '', #7252, #7210, #7256, .F. );
#6583 = EDGE_CURVE( '', #7238, #7181, #7257, .F. );
#6584 = EDGE_CURVE( '', #7242, #7184, #7258, .F. );
#6585 = EDGE_CURVE( '', #7208, #7186, #7259, .T. );
#6586 = EDGE_CURVE( '', #7197, #7182, #7260, .T. );
#6587 = EDGE_CURVE( '', #7261, #7262, #7263, .T. );
#6588 = EDGE_CURVE( '', #7264, #7262, #7265, .T. );
#6589 = EDGE_CURVE( '', #7264, #7266, #7267, .T. );
#6590 = EDGE_CURVE( '', #7261, #7266, #7268, .T. );
#6591 = EDGE_CURVE( '', #7269, #7270, #7271, .T. );
#6592 = EDGE_CURVE( '', #7272, #7270, #7273, .T. );
#6593 = EDGE_CURVE( '', #7262, #7272, #7274, .T. );
#6594 = EDGE_CURVE( '', #7275, #7261, #7276, .T. );
#6595 = EDGE_CURVE( '', #7275, #7277, #7278, .T. );
#6596 = EDGE_CURVE( '', #7279, #7277, #7280, .F. );
#6597 = EDGE_CURVE( '', #7269, #7279, #7281, .T. );
#6598 = EDGE_CURVE( '', #7282, #7264, #7283, .T. );
#6599 = EDGE_CURVE( '', #7272, #7282, #7284, .F. );
#6600 = EDGE_CURVE( '', #7285, #7286, #7287, .T. );
#6601 = EDGE_CURVE( '', #7286, #7288, #7289, .T. );
#6602 = EDGE_CURVE( '', #7290, #7288, #7291, .F. );
#6603 = EDGE_CURVE( '', #7290, #7292, #7293, .T. );
#6604 = EDGE_CURVE( '', #7266, #7292, #7294, .T. );
#6605 = EDGE_CURVE( '', #7282, #7285, #7295, .T. );
#6606 = EDGE_CURVE( '', #7275, #7292, #7296, .T. );
#6607 = EDGE_CURVE( '', #7277, #7290, #7297, .F. );
#6608 = EDGE_CURVE( '', #7288, #7279, #7298, .T. );
#6609 = EDGE_CURVE( '', #7299, #7300, #7301, .T. );
#6610 = EDGE_CURVE( '', #7302, #7299, #7303, .F. );
#6611 = EDGE_CURVE( '', #7304, #7302, #7305, .T. );
#6612 = EDGE_CURVE( '', #7269, #7304, #7306, .T. );
#6613 = EDGE_CURVE( '', #7300, #7286, #7307, .T. );
#6614 = EDGE_CURVE( '', #7304, #7308, #7309, .T. );
#6615 = EDGE_CURVE( '', #7308, #7270, #7310, .T. );
#6616 = EDGE_CURVE( '', #7311, #7308, #7312, .T. );
#6617 = EDGE_CURVE( '', #7313, #7311, #7314, .T. );
#6618 = EDGE_CURVE( '', #7315, #7313, #7316, .T. );
#6619 = EDGE_CURVE( '', #7285, #7315, #7317, .T. );
#6620 = EDGE_CURVE( '', #7300, #7315, #7318, .T. );
#6621 = EDGE_CURVE( '', #7319, #7320, #7321, .T. );
#6622 = EDGE_CURVE( '', #7319, #7322, #7323, .T. );
#6623 = EDGE_CURVE( '', #7322, #7324, #7325, .T. );
#6624 = EDGE_CURVE( '', #7299, #7324, #7326, .F. );
#6625 = EDGE_CURVE( '', #7313, #7320, #7327, .F. );
#6626 = EDGE_CURVE( '', #7324, #7328, #7329, .T. );
#6627 = EDGE_CURVE( '', #7328, #7302, #7330, .F. );
#6628 = EDGE_CURVE( '', #7328, #7331, #7332, .T. );
#6629 = EDGE_CURVE( '', #7331, #7333, #7334, .T. );
#6630 = EDGE_CURVE( '', #7333, #7335, #7336, .T. );
#6631 = EDGE_CURVE( '', #7335, #7311, #7337, .F. );
#6632 = EDGE_CURVE( '', #7335, #7320, #7338, .F. );
#6633 = EDGE_CURVE( '', #7319, #7333, #7339, .T. );
#6634 = EDGE_CURVE( '', #7322, #7331, #7340, .T. );
#6635 = EDGE_CURVE( '', #7341, #7342, #7343, .F. );
#6636 = EDGE_CURVE( '', #7342, #7344, #7345, .F. );
#6637 = EDGE_CURVE( '', #7346, #7344, #7347, .F. );
#6638 = EDGE_CURVE( '', #7346, #7341, #7348, .T. );
#6639 = EDGE_CURVE( '', #7342, #7349, #7350, .T. );
#6640 = EDGE_CURVE( '', #7349, #7351, #7352, .T. );
#6641 = EDGE_CURVE( '', #7351, #7353, #7354, .T. );
#6642 = EDGE_CURVE( '', #7355, #7353, #7356, .T. );
#6643 = EDGE_CURVE( '', #7357, #7355, #7358, .T. );
#6644 = EDGE_CURVE( '', #7359, #7357, #7360, .T. );
#6645 = EDGE_CURVE( '', #7344, #7359, #7361, .T. );
#6646 = EDGE_CURVE( '', #7362, #7341, #7363, .T. );
#6647 = EDGE_CURVE( '', #7364, #7346, #7365, .T. );
#6648 = EDGE_CURVE( '', #7364, #7362, #7366, .T. );
#6649 = EDGE_CURVE( '', #7367, #7362, #7368, .T. );
#6650 = EDGE_CURVE( '', #7369, #7364, #7370, .T. );
#6651 = EDGE_CURVE( '', #7369, #7367, #7371, .T. );
#6652 = EDGE_CURVE( '', #7372, #7367, #7373, .T. );
#6653 = EDGE_CURVE( '', #7374, #7369, #7375, .T. );
#6654 = EDGE_CURVE( '', #7372, #7374, #7376, .F. );
#6655 = EDGE_CURVE( '', #7377, #7378, #7379, .T. );
#6656 = EDGE_CURVE( '', #7380, #7378, #7381, .T. );
#6657 = EDGE_CURVE( '', #7382, #7380, #7383, .T. );
#6658 = EDGE_CURVE( '', #7384, #7382, #7385, .T. );
#6659 = EDGE_CURVE( '', #7386, #7384, #7387, .T. );
#6660 = EDGE_CURVE( '', #7388, #7386, #7389, .F. );
#6661 = EDGE_CURVE( '', #7388, #7390, #7391, .T. );
#6662 = EDGE_CURVE( '', #7390, #7377, #7392, .T. );
#6663 = EDGE_CURVE( '', #7384, #7357, #7393, .T. );
#6664 = EDGE_CURVE( '', #7394, #7355, #7395, .T. );
#6665 = EDGE_CURVE( '', #7396, #7394, #7397, .T. );
#6666 = EDGE_CURVE( '', #7398, #7396, #7399, .T. );
#6667 = EDGE_CURVE( '', #7398, #7400, #7401, .T. );
#6668 = EDGE_CURVE( '', #7386, #7400, #7402, .F. );
#6669 = EDGE_CURVE( '', #7398, #7403, #7404, .T. );
#6670 = EDGE_CURVE( '', #7405, #7403, #7406, .T. );
#6671 = EDGE_CURVE( '', #7400, #7405, #7407, .T. );
#6672 = EDGE_CURVE( '', #7408, #7409, #7410, .T. );
#6673 = EDGE_CURVE( '', #7396, #7409, #7411, .T. );
#6674 = EDGE_CURVE( '', #7408, #7394, #7412, .F. );
#6675 = EDGE_CURVE( '', #7405, #7388, #7413, .F. );
#6676 = EDGE_CURVE( '', #7409, #7403, #7414, .T. );
#6677 = EDGE_CURVE( '', #7353, #7408, #7415, .T. );
#6678 = EDGE_CURVE( '', #7390, #7351, #7416, .T. );
#6679 = EDGE_CURVE( '', #7374, #7380, #7417, .F. );
#6680 = EDGE_CURVE( '', #7372, #7378, #7418, .F. );
#6681 = EDGE_CURVE( '', #7382, #7359, #7419, .T. );
#6682 = EDGE_CURVE( '', #7377, #7349, #7420, .T. );
#6683 = DIRECTION( '', ( -1.00000000000000, 0.000000000000000, 0.000000000000000 ) );
#6684 = DIRECTION( '', ( 0.000000000000000, 1.00000000000000, 0.000000000000000 ) );
#6685 = DIRECTION( '', ( -1.00000000000000, 4.25177322543335E-017, 0.000000000000000 ) );
#6686 = DIRECTION( '', ( 0.000000000000000, 1.00000000000000, 0.000000000000000 ) );
#6687 = DIRECTION( '', ( -1.00000000000000, 0.000000000000000, 0.000000000000000 ) );
#6688 = DIRECTION( '', ( 0.000000000000000, 1.00000000000000, 0.000000000000000 ) );
#6689 = DIRECTION( '', ( 0.000000000000000, -1.00000000000000, 0.000000000000000 ) );
#6690 = DIRECTION( '', ( 1.00000000000000, -2.89120579329468E-016, 0.000000000000000 ) );
#6691 = DIRECTION( '', ( -2.89120579329468E-016, -1.00000000000000, 0.000000000000000 ) );
#6692 = DIRECTION( '', ( 1.00000000000000, -2.89120579329468E-016, 0.000000000000000 ) );
#6693 = DIRECTION( '', ( -1.00000000000000, 0.000000000000000, 0.000000000000000 ) );
#6694 = DIRECTION( '', ( 0.707106781186548, 0.000000000000000, 0.707106781186548 ) );
#6695 = DIRECTION( '', ( 0.000000000000000, 0.000000000000000, -1.00000000000000 ) );
#6696 = DIRECTION( '', ( -1.00000000000000, 0.000000000000000, 0.000000000000000 ) );
#6697 = DIRECTION( '', ( 0.000000000000000, 0.000000000000000, -1.00000000000000 ) );
#6698 = DIRECTION( '', ( 0.000000000000000, -0.0342655804311415, 0.999412762574962 ) );
#6699 = DIRECTION( '', ( -1.00000000000000, 0.000000000000000, 0.000000000000000 ) );
#6700 = DIRECTION( '', ( -1.00000000000000, 0.000000000000000, 0.000000000000000 ) );
#6701 = DIRECTION( '', ( 0.000000000000000, -0.0342655804311415, 0.999412762574962 ) );
#6702 = DIRECTION( '', ( 0.000000000000000, -0.0342655804311415, 0.999412762574962 ) );
#6703 = DIRECTION( '', ( -1.00000000000000, 0.000000000000000, 0.000000000000000 ) );
#6704 = DIRECTION( '', ( 0.707106781186548, 0.000000000000000, -0.707106781186547 ) );
#6705 = DIRECTION( '', ( 0.000000000000000, -1.00000000000000, 0.000000000000000 ) );
#6706 = DIRECTION( '', ( -0.707106781186548, 3.00645767977132E-017, 0.707106781186547 ) );
#6707 = DIRECTION( '', ( 0.000000000000000, 0.000000000000000, -1.00000000000000 ) );
#6708 = DIRECTION( '', ( 0.707106781186547, 3.00645767977132E-017, -0.707106781186548 ) );
#6709 = DIRECTION( '', ( 1.00000000000000, 4.25177322543335E-017, 0.000000000000000 ) );
#6710 = DIRECTION( '', ( 0.000000000000000, 0.000000000000000, -1.00000000000000 ) );
#6711 = DIRECTION( '', ( 1.00000000000000, 4.25177322543335E-017, 0.000000000000000 ) );
#6712 = DIRECTION( '', ( 0.000000000000000, 0.000000000000000, -1.00000000000000 ) );
#6713 = DIRECTION( '', ( 1.00000000000000, 0.000000000000000, 0.000000000000000 ) );
#6714 = DIRECTION( '', ( 0.000000000000000, 0.000000000000000, -1.00000000000000 ) );
#6715 = DIRECTION( '', ( 1.00000000000000, 4.25177322543335E-017, 0.000000000000000 ) );
#6716 = DIRECTION( '', ( 0.000000000000000, 0.000000000000000, -1.00000000000000 ) );
#6717 = DIRECTION( '', ( 1.00000000000000, -1.80700362080917E-016, 0.000000000000000 ) );
#6718 = DIRECTION( '', ( 0.000000000000000, 0.000000000000000, -1.00000000000000 ) );
#6719 = DIRECTION( '', ( 1.00000000000000, 4.25177322543335E-017, 0.000000000000000 ) );
#6720 = DIRECTION( '', ( 0.000000000000000, 0.000000000000000, -1.00000000000000 ) );
#6721 = DIRECTION( '', ( 1.00000000000000, 4.25177322543335E-017, 0.000000000000000 ) );
#6722 = DIRECTION( '', ( 0.707106781186548, 3.00645767977132E-017, 0.707106781186548 ) );
#6723 = DIRECTION( '', ( 0.000000000000000, 0.000000000000000, -1.00000000000000 ) );
#6724 = DIRECTION( '', ( 1.00000000000000, 0.000000000000000, 0.000000000000000 ) );
#6725 = DIRECTION( '', ( -0.707106781186548, 3.00645767977132E-017, -0.707106781186548 ) );
#6726 = DIRECTION( '', ( -3.09772049281573E-016, 1.00000000000000, 0.000000000000000 ) );
#6727 = DIRECTION( '', ( 3.09772049281573E-016, -1.00000000000000, 0.000000000000000 ) );
#6728 = DIRECTION( '', ( 0.000000000000000, 0.000000000000000, -1.00000000000000 ) );
#6729 = DIRECTION( '', ( 1.00000000000000, 0.000000000000000, 0.000000000000000 ) );
#6730 = DIRECTION( '', ( 0.000000000000000, 0.000000000000000, -1.00000000000000 ) );
#6731 = DIRECTION( '', ( -1.00000000000000, 0.000000000000000, 0.000000000000000 ) );
#6732 = DIRECTION( '', ( 0.000000000000000, 0.0342655804311416, -0.999412762574962 ) );
#6733 = DIRECTION( '', ( 1.00000000000000, 0.000000000000000, 0.000000000000000 ) );
#6734 = DIRECTION( '', ( 0.000000000000000, 0.0342655804311416, -0.999412762574962 ) );
#6735 = DIRECTION( '', ( 0.000000000000000, 0.0342655804311416, -0.999412762574962 ) );
#6736 = DIRECTION( '', ( 1.00000000000000, 0.000000000000000, 0.000000000000000 ) );
#6737 = DIRECTION( '', ( 0.264906471413010, 0.264906471413009, -0.927172649945530 ) );
#6738 = DIRECTION( '', ( 1.00000000000000, -2.89120579329468E-016, 0.000000000000000 ) );
#6739 = DIRECTION( '', ( -7.94275316517347E-017, -0.274721127897378, 0.961523947640823 ) );
#6740 = DIRECTION( '', ( 1.00000000000000, -2.89120579329468E-016, 0.000000000000000 ) );
#6741 = DIRECTION( '', ( 0.000000000000000, 1.00000000000000, 0.000000000000000 ) );
#6742 = DIRECTION( '', ( 0.000000000000000, 0.000000000000000, -1.00000000000000 ) );
#6743 = DIRECTION( '', ( 0.000000000000000, 1.00000000000000, 0.000000000000000 ) );
#6744 = DIRECTION( '', ( 0.000000000000000, 0.000000000000000, -1.00000000000000 ) );
#6745 = DIRECTION( '', ( 1.00000000000000, 0.000000000000000, 0.000000000000000 ) );
#6746 = DIRECTION( '', ( 0.000000000000000, -1.00000000000000, 0.000000000000000 ) );
#6747 = DIRECTION( '', ( 1.00000000000000, 0.000000000000000, 0.000000000000000 ) );
#6748 = DIRECTION( '', ( 0.000000000000000, -1.00000000000000, 0.000000000000000 ) );
#6749 = DIRECTION( '', ( -1.00000000000000, 0.000000000000000, 0.000000000000000 ) );
#6750 = DIRECTION( '', ( 0.000000000000000, 1.00000000000000, 0.000000000000000 ) );
#6751 = DIRECTION( '', ( -1.00000000000000, 0.000000000000000, 0.000000000000000 ) );
#6752 = DIRECTION( '', ( 0.000000000000000, 1.00000000000000, 0.000000000000000 ) );
#6753 = DIRECTION( '', ( 0.0332963579106015, 0.0332963579106015, -0.998890737318040 ) );
#6754 = DIRECTION( '', ( -1.00000000000000, 0.000000000000000, 0.000000000000000 ) );
#6755 = DIRECTION( '', ( 0.0332963579106015, -0.0332963579106015, 0.998890737318040 ) );
#6756 = DIRECTION( '', ( 1.00000000000000, 0.000000000000000, 0.000000000000000 ) );
#6757 = DIRECTION( '', ( 0.000000000000000, 1.00000000000000, 0.000000000000000 ) );
#6758 = DIRECTION( '', ( 0.000000000000000, 0.707106781186548, 0.707106781186548 ) );
#6759 = DIRECTION( '', ( 0.000000000000000, 0.000000000000000, -1.00000000000000 ) );
#6760 = DIRECTION( '', ( 0.000000000000000, 1.00000000000000, 0.000000000000000 ) );
#6761 = DIRECTION( '', ( 0.000000000000000, 0.707106781186548, -0.707106781186547 ) );
#6762 = DIRECTION( '', ( 0.000000000000000, 0.000000000000000, -1.00000000000000 ) );
#6763 = DIRECTION( '', ( 0.000000000000000, 1.00000000000000, 0.000000000000000 ) );
#6764 = DIRECTION( '', ( 0.424433876230720, 0.000000000000000, 0.905458935958868 ) );
#6765 = DIRECTION( '', ( 0.000000000000000, 0.000000000000000, 1.00000000000000 ) );
#6766 = DIRECTION( '', ( 0.000000000000000, 0.000000000000000, -1.00000000000000 ) );
#6767 = DIRECTION( '', ( -0.424433876230719, 0.000000000000000, 0.905458935958869 ) );
#6768 = DIRECTION( '', ( 0.000000000000000, 1.00000000000000, 0.000000000000000 ) );
#6769 = DIRECTION( '', ( -0.424433876230719, 0.000000000000000, 0.905458935958869 ) );
#6770 = DIRECTION( '', ( 0.000000000000000, 1.00000000000000, 0.000000000000000 ) );
#6771 = DIRECTION( '', ( 0.000000000000000, 0.000000000000000, -1.00000000000000 ) );
#6772 = DIRECTION( '', ( 1.00000000000000, 0.000000000000000, 0.000000000000000 ) );
#6773 = DIRECTION( '', ( 0.000000000000000, 0.000000000000000, -1.00000000000000 ) );
#6774 = DIRECTION( '', ( 1.00000000000000, 0.000000000000000, 0.000000000000000 ) );
#6775 = DIRECTION( '', ( 0.000000000000000, 0.000000000000000, -1.00000000000000 ) );
#6776 = DIRECTION( '', ( -1.00000000000000, 0.000000000000000, 0.000000000000000 ) );
#6777 = DIRECTION( '', ( -0.274721127897379, 0.000000000000000, 0.961523947640823 ) );
#6778 = DIRECTION( '', ( 1.00000000000000, 0.000000000000000, 0.000000000000000 ) );
#6779 = DIRECTION( '', ( -0.274721127897378, 0.000000000000000, -0.961523947640823 ) );
#6780 = DIRECTION( '', ( -1.00000000000000, 0.000000000000000, 0.000000000000000 ) );
#6781 = DIRECTION( '', ( 0.000000000000000, 0.000000000000000, -1.00000000000000 ) );
#6782 = DIRECTION( '', ( 1.00000000000000, 0.000000000000000, 0.000000000000000 ) );
#6783 = DIRECTION( '', ( 0.000000000000000, 0.000000000000000, -1.00000000000000 ) );
#6784 = DIRECTION( '', ( 1.00000000000000, 0.000000000000000, 0.000000000000000 ) );
#6785 = DIRECTION( '', ( 0.000000000000000, 0.000000000000000, -1.00000000000000 ) );
#6786 = DIRECTION( '', ( 1.00000000000000, 0.000000000000000, 0.000000000000000 ) );
#6787 = DIRECTION( '', ( 0.000000000000000, 1.00000000000000, 0.000000000000000 ) );
#6788 = DIRECTION( '', ( 0.000000000000000, 0.000000000000000, -1.00000000000000 ) );
#6789 = DIRECTION( '', ( 0.000000000000000, 1.00000000000000, 0.000000000000000 ) );
#6790 = DIRECTION( '', ( 0.000000000000000, 0.000000000000000, -1.00000000000000 ) );
#6791 = DIRECTION( '', ( -2.89120579329468E-016, -1.00000000000000, 0.000000000000000 ) );
#6792 = DIRECTION( '', ( 1.00000000000000, -2.89120579329468E-016, 0.000000000000000 ) );
#6793 = DIRECTION( '', ( -2.89120579329468E-016, -1.00000000000000, 0.000000000000000 ) );
#6794 = DIRECTION( '', ( 1.00000000000000, -2.89120579329468E-016, 0.000000000000000 ) );
#6795 = DIRECTION( '', ( 0.000000000000000, 1.00000000000000, 0.000000000000000 ) );
#6796 = DIRECTION( '', ( 1.00000000000000, -2.89120579329468E-016, 0.000000000000000 ) );
#6797 = DIRECTION( '', ( -2.89120579329468E-016, -1.00000000000000, 0.000000000000000 ) );
#6798 = DIRECTION( '', ( 1.00000000000000, -2.89120579329468E-016, 0.000000000000000 ) );
#6799 = DIRECTION( '', ( -2.89120579329468E-016, -1.00000000000000, 0.000000000000000 ) );
#6800 = DIRECTION( '', ( 1.00000000000000, -2.89120579329468E-016, 0.000000000000000 ) );
#6801 = DIRECTION( '', ( 0.000000000000000, -1.00000000000000, 0.000000000000000 ) );
#6802 = DIRECTION( '', ( 1.00000000000000, -2.89120579329468E-016, 0.000000000000000 ) );
#6803 = DIRECTION( '', ( -0.264906471413010, 0.264906471413009, 0.927172649945530 ) );
#6804 = DIRECTION( '', ( 0.000000000000000, 1.00000000000000, 0.000000000000000 ) );
#6805 = DIRECTION( '', ( 0.000000000000000, 1.00000000000000, 0.000000000000000 ) );
#6806 = DIRECTION( '', ( 1.00000000000000, -2.89120579329468E-016, 0.000000000000000 ) );
#6807 = DIRECTION( '', ( 0.000000000000000, 1.00000000000000, 0.000000000000000 ) );
#6808 = DIRECTION( '', ( -1.00000000000000, -4.17000835571348E-017, 0.000000000000000 ) );
#6809 = DIRECTION( '', ( 0.000000000000000, 1.00000000000000, 0.000000000000000 ) );
#6810 = DIRECTION( '', ( 0.000000000000000, 0.000000000000000, -1.00000000000000 ) );
#6811 = DIRECTION( '', ( -1.00000000000000, -4.17000835571348E-017, 0.000000000000000 ) );
#6812 = DIRECTION( '', ( 0.000000000000000, 0.000000000000000, -1.00000000000000 ) );
#6813 = DIRECTION( '', ( -1.00000000000000, 0.000000000000000, 0.000000000000000 ) );
#6814 = DIRECTION( '', ( -0.274721127897378, 0.000000000000000, -0.961523947640823 ) );
#6815 = DIRECTION( '', ( -0.274721127897379, 0.000000000000000, 0.961523947640823 ) );
#6816 = DIRECTION( '', ( -1.00000000000000, 0.000000000000000, 0.000000000000000 ) );
#6817 = DIRECTION( '', ( 0.000000000000000, 0.000000000000000, -1.00000000000000 ) );
#6818 = DIRECTION( '', ( -1.00000000000000, -4.17000835571348E-017, 0.000000000000000 ) );
#6819 = DIRECTION( '', ( 0.000000000000000, 0.000000000000000, -1.00000000000000 ) );
#6820 = DIRECTION( '', ( -1.00000000000000, 0.000000000000000, 0.000000000000000 ) );
#6821 = DIRECTION( '', ( 0.000000000000000, 0.000000000000000, -1.00000000000000 ) );
#6822 = DIRECTION( '', ( -1.00000000000000, -4.17000835571348E-017, 0.000000000000000 ) );
#6823 = DIRECTION( '', ( 0.000000000000000, 0.000000000000000, -1.00000000000000 ) );
#6824 = DIRECTION( '', ( -1.00000000000000, 0.000000000000000, 0.000000000000000 ) );
#6825 = DIRECTION( '', ( 1.00000000000000, -2.89120579329468E-016, 0.000000000000000 ) );
#6826 = DIRECTION( '', ( 0.000000000000000, 0.371390676354104, -0.928476690885259 ) );
#6827 = DIRECTION( '', ( -1.07376687505061E-016, -0.371390676354104, 0.928476690885259 ) );
#6828 = DIRECTION( '', ( 0.000000000000000, -1.00000000000000, 0.000000000000000 ) );
#6829 = DIRECTION( '', ( -1.00000000000000, 0.000000000000000, 0.000000000000000 ) );
#6830 = DIRECTION( '', ( 0.000000000000000, 1.00000000000000, 0.000000000000000 ) );
#6831 = CARTESIAN_POINT( '', ( 1.75000000000000, 0.000000000000000, -1.00000000000000 ) );
#6832 = DIRECTION( '', ( 0.000000000000000, 0.000000000000000, 1.00000000000000 ) );
#6833 = DIRECTION( '', ( 1.00000000000000, 0.000000000000000, 0.000000000000000 ) );
#6834 = CARTESIAN_POINT( '', ( 1.75000000000000, 0.000000000000000, -0.800000000000000 ) );
#6835 = DIRECTION( '', ( 0.000000000000000, 0.000000000000000, 1.00000000000000 ) );
#6836 = DIRECTION( '', ( 1.00000000000000, 0.000000000000000, 0.000000000000000 ) );
#6837 = DIRECTION( '', ( -1.00000000000000, 0.000000000000000, 0.000000000000000 ) );
#6838 = DIRECTION( '', ( 0.000000000000000, -1.00000000000000, 0.000000000000000 ) );
#6839 = DIRECTION( '', ( -1.00000000000000, 0.000000000000000, 0.000000000000000 ) );
#6840 = DIRECTION( '', ( 0.000000000000000, -1.00000000000000, 0.000000000000000 ) );
#6841 = DIRECTION( '', ( 1.00000000000000, -2.89120579329468E-016, 0.000000000000000 ) );
#6842 = DIRECTION( '', ( 0.000000000000000, 1.00000000000000, 0.000000000000000 ) );
#6843 = DIRECTION( '', ( 0.000000000000000, 1.00000000000000, 0.000000000000000 ) );
#6844 = DIRECTION( '', ( 0.000000000000000, 1.00000000000000, 0.000000000000000 ) );
#6845 = DIRECTION( '', ( 0.000000000000000, 1.00000000000000, 0.000000000000000 ) );
#6846 = DIRECTION( '', ( 0.000000000000000, -0.0342655804311415, -0.999412762574962 ) );
#6847 = DIRECTION( '', ( -1.22589901884587E-016, 0.164398987305358, -0.986393923832144 ) );
#6848 = DIRECTION( '', ( 0.000000000000000, 1.00000000000000, 0.000000000000000 ) );
#6849 = DIRECTION( '', ( -1.22589901884587E-016, -0.164398987305357, -0.986393923832144 ) );
#6850 = DIRECTION( '', ( 0.000000000000000, 1.00000000000000, 0.000000000000000 ) );
#6851 = CARTESIAN_POINT( '', ( -1.65000000000000, 0.000000000000000, 0.350000000000000 ) );
#6852 = DIRECTION( '', ( 0.000000000000000, 0.000000000000000, 1.00000000000000 ) );
#6853 = DIRECTION( '', ( 1.00000000000000, 0.000000000000000, 0.000000000000000 ) );
#6854 = CARTESIAN_POINT( '', ( 1.75000000000000, 0.000000000000000, 0.350000000000000 ) );
#6855 = DIRECTION( '', ( 0.000000000000000, 0.000000000000000, 1.00000000000000 ) );
#6856 = DIRECTION( '', ( 1.00000000000000, 0.000000000000000, 0.000000000000000 ) );
#6857 = DIRECTION( '', ( 0.000000000000000, -1.00000000000000, 0.000000000000000 ) );
#6858 = DIRECTION( '', ( 1.00000000000000, -1.35525271560688E-016, 0.000000000000000 ) );
#6859 = DIRECTION( '', ( 0.000000000000000, -1.00000000000000, 0.000000000000000 ) );
#6860 = DIRECTION( '', ( 1.00000000000000, 0.000000000000000, 0.000000000000000 ) );
#6861 = DIRECTION( '', ( 8.67361737988404E-016, -1.00000000000000, 0.000000000000000 ) );
#6862 = DIRECTION( '', ( -1.00000000000000, 0.000000000000000, 0.000000000000000 ) );
#6863 = DIRECTION( '', ( 0.000000000000000, -1.00000000000000, 0.000000000000000 ) );
#6864 = DIRECTION( '', ( 3.09772049281573E-016, -1.00000000000000, 0.000000000000000 ) );
#6865 = DIRECTION( '', ( -1.00000000000000, 0.000000000000000, 0.000000000000000 ) );
#6866 = DIRECTION( '', ( 0.000000000000000, 1.00000000000000, 0.000000000000000 ) );
#6867 = DIRECTION( '', ( -1.00000000000000, 0.000000000000000, 0.000000000000000 ) );
#6868 = DIRECTION( '', ( 0.000000000000000, 1.00000000000000, 0.000000000000000 ) );
#6869 = DIRECTION( '', ( 1.00000000000000, 0.000000000000000, 0.000000000000000 ) );
#6870 = DIRECTION( '', ( 0.000000000000000, 1.00000000000000, 0.000000000000000 ) );
#6871 = DIRECTION( '', ( 1.00000000000000, -1.35525271560688E-016, 0.000000000000000 ) );
#6872 = DIRECTION( '', ( 0.000000000000000, 1.00000000000000, 0.000000000000000 ) );
#6873 = DIRECTION( '', ( 0.000000000000000, 0.000000000000000, -1.00000000000000 ) );
#6874 = DIRECTION( '', ( 0.000000000000000, 1.00000000000000, 0.000000000000000 ) );
#6875 = DIRECTION( '', ( 0.000000000000000, 1.00000000000000, 0.000000000000000 ) );
#6876 = DIRECTION( '', ( 0.000000000000000, 0.000000000000000, 1.00000000000000 ) );
#6877 = DIRECTION( '', ( -1.07376687505061E-016, -0.371390676354104, -0.928476690885259 ) );
#6878 = DIRECTION( '', ( -2.89120579329468E-016, -1.00000000000000, 0.000000000000000 ) );
#6879 = DIRECTION( '', ( 0.000000000000000, 0.000000000000000, -1.00000000000000 ) );
#6880 = DIRECTION( '', ( -7.94275316517347E-017, -0.274721127897378, -0.961523947640823 ) );
#6881 = DIRECTION( '', ( 0.000000000000000, 1.00000000000000, 0.000000000000000 ) );
#6882 = DIRECTION( '', ( -2.89120579329468E-016, 1.00000000000000, 0.000000000000000 ) );
#6883 = DIRECTION( '', ( 0.000000000000000, 0.371390676354104, 0.928476690885259 ) );
#6884 = DIRECTION( '', ( 1.00000000000000, -2.89120579329468E-016, 0.000000000000000 ) );
#6885 = DIRECTION( '', ( -1.00000000000000, 0.000000000000000, 0.000000000000000 ) );
#6886 = DIRECTION( '', ( 0.000000000000000, 0.000000000000000, -1.00000000000000 ) );
#6887 = DIRECTION( '', ( -1.00000000000000, 0.000000000000000, 0.000000000000000 ) );
#6888 = DIRECTION( '', ( 1.00000000000000, 0.000000000000000, 0.000000000000000 ) );
#6889 = DIRECTION( '', ( 0.000000000000000, 1.00000000000000, 0.000000000000000 ) );
#6890 = DIRECTION( '', ( 1.00000000000000, 0.000000000000000, 0.000000000000000 ) );
#6891 = DIRECTION( '', ( 0.000000000000000, 1.00000000000000, 0.000000000000000 ) );
#6892 = DIRECTION( '', ( 0.000000000000000, 1.00000000000000, 0.000000000000000 ) );
#6893 = DIRECTION( '', ( 0.000000000000000, 0.000000000000000, -1.00000000000000 ) );
#6894 = DIRECTION( '', ( -1.00000000000000, 0.000000000000000, 0.000000000000000 ) );
#6895 = DIRECTION( '', ( 0.000000000000000, 0.000000000000000, -1.00000000000000 ) );
#6896 = CARTESIAN_POINT( '', ( 0.000000000000000, -0.601666666666667, 3.25000000000000 ) );
#6897 = DIRECTION( '', ( 2.12825957242848E-017, 0.986393923832144, -0.164398987305357 ) );
#6898 = DIRECTION( '', ( -1.27695574345709E-016, 0.164398987305357, 0.986393923832144 ) );
#6899 = DIRECTION( '', ( -1.22589901884587E-016, 0.164398987305357, 0.986393923832144 ) );
#6900 = DIRECTION( '', ( -1.00000000000000, 0.000000000000000, -1.29456975819165E-016 ) );
#6901 = DIRECTION( '', ( 0.000000000000000, -0.0342655804311415, -0.999412762574962 ) );
#6902 = DIRECTION( '', ( 0.000000000000000, -1.00000000000000, 0.000000000000000 ) );
#6903 = DIRECTION( '', ( 0.000000000000000, 1.00000000000000, 0.000000000000000 ) );
#6904 = DIRECTION( '', ( 0.000000000000000, 0.000000000000000, 1.00000000000000 ) );
#6905 = DIRECTION( '', ( 0.000000000000000, -1.00000000000000, 0.000000000000000 ) );
#6906 = DIRECTION( '', ( 0.000000000000000, 0.000000000000000, 1.00000000000000 ) );
#6907 = DIRECTION( '', ( 0.000000000000000, 1.00000000000000, 0.000000000000000 ) );
#6908 = DIRECTION( '', ( 1.00000000000000, 0.000000000000000, 0.000000000000000 ) );
#6909 = DIRECTION( '', ( 0.000000000000000, -1.00000000000000, 0.000000000000000 ) );
#6910 = DIRECTION( '', ( 1.00000000000000, 0.000000000000000, 0.000000000000000 ) );
#6911 = DIRECTION( '', ( -1.00000000000000, 0.000000000000000, 0.000000000000000 ) );
#6912 = DIRECTION( '', ( 0.000000000000000, -1.00000000000000, 0.000000000000000 ) );
#6913 = DIRECTION( '', ( -1.00000000000000, 0.000000000000000, 0.000000000000000 ) );
#6914 = DIRECTION( '', ( 0.000000000000000, 1.00000000000000, 0.000000000000000 ) );
#6915 = DIRECTION( '', ( 0.000000000000000, 1.00000000000000, 0.000000000000000 ) );
#6916 = DIRECTION( '', ( 0.000000000000000, 1.00000000000000, 0.000000000000000 ) );
#6917 = DIRECTION( '', ( 1.00000000000000, 0.000000000000000, 0.000000000000000 ) );
#6918 = DIRECTION( '', ( 1.00000000000000, 0.000000000000000, 0.000000000000000 ) );
#6919 = DIRECTION( '', ( 3.23642439547912E-016, 1.00000000000000, 0.000000000000000 ) );
#6920 = DIRECTION( '', ( -1.00000000000000, 0.000000000000000, 0.000000000000000 ) );
#6921 = DIRECTION( '', ( -4.85463659321868E-016, -1.00000000000000, 0.000000000000000 ) );
#6922 = DIRECTION( '', ( -0.707106781186548, 9.58308385427108E-017, -0.707106781186548 ) );
#6923 = DIRECTION( '', ( 0.000000000000000, 1.00000000000000, 0.000000000000000 ) );
#6924 = DIRECTION( '', ( 0.000000000000000, -1.00000000000000, 0.000000000000000 ) );
#6925 = DIRECTION( '', ( 0.000000000000000, 1.00000000000000, 0.000000000000000 ) );
#6926 = DIRECTION( '', ( 0.000000000000000, 1.00000000000000, 0.000000000000000 ) );
#6927 = DIRECTION( '', ( 0.000000000000000, 0.000000000000000, -1.00000000000000 ) );
#6928 = DIRECTION( '', ( 1.00000000000000, 0.000000000000000, 0.000000000000000 ) );
#6929 = DIRECTION( '', ( 0.000000000000000, 1.00000000000000, 0.000000000000000 ) );
#6930 = DIRECTION( '', ( 1.00000000000000, 0.000000000000000, 0.000000000000000 ) );
#6931 = DIRECTION( '', ( 0.000000000000000, 1.00000000000000, 0.000000000000000 ) );
#6932 = DIRECTION( '', ( 0.000000000000000, 0.000000000000000, -1.00000000000000 ) );
#6933 = DIRECTION( '', ( 0.000000000000000, 0.707106781186547, -0.707106781186548 ) );
#6934 = DIRECTION( '', ( 0.000000000000000, -1.00000000000000, 0.000000000000000 ) );
#6935 = CARTESIAN_POINT( '', ( -1.65000000000000, 0.000000000000000, -0.800000000000000 ) );
#6936 = DIRECTION( '', ( 0.000000000000000, 0.000000000000000, 1.00000000000000 ) );
#6937 = DIRECTION( '', ( 1.00000000000000, 0.000000000000000, 0.000000000000000 ) );
#6938 = DIRECTION( '', ( -1.00000000000000, 0.000000000000000, 0.000000000000000 ) );
#6939 = DIRECTION( '', ( 0.000000000000000, 0.000000000000000, -1.00000000000000 ) );
#6940 = DIRECTION( '', ( 1.29456975819165E-016, 0.000000000000000, -1.00000000000000 ) );
#6941 = DIRECTION( '', ( 1.29456975819165E-016, 0.000000000000000, -1.00000000000000 ) );
#6942 = DIRECTION( '', ( 0.000000000000000, 1.00000000000000, 0.000000000000000 ) );
#6943 = DIRECTION( '', ( -0.0332963579106014, 0.0332963579106013, 0.998890737318040 ) );
#6944 = DIRECTION( '', ( 4.85463659321868E-016, 1.00000000000000, 0.000000000000000 ) );
#6945 = DIRECTION( '', ( -4.85463659321868E-016, -1.00000000000000, 0.000000000000000 ) );
#6946 = DIRECTION( '', ( 0.000000000000000, 0.000000000000000, -1.00000000000000 ) );
#6947 = DIRECTION( '', ( 0.424433876230720, 0.000000000000000, 0.905458935958868 ) );
#6948 = DIRECTION( '', ( 0.000000000000000, 1.00000000000000, 0.000000000000000 ) );
#6949 = DIRECTION( '', ( 0.000000000000000, 0.0342655804311416, 0.999412762574962 ) );
#6950 = DIRECTION( '', ( 0.000000000000000, -1.00000000000000, 0.000000000000000 ) );
#6951 = DIRECTION( '', ( 0.000000000000000, 0.000000000000000, 1.00000000000000 ) );
#6952 = DIRECTION( '', ( 0.0332963579106016, 0.0332963579106013, 0.998890737318040 ) );
#6953 = DIRECTION( '', ( 1.00000000000000, 0.000000000000000, 0.000000000000000 ) );
#6954 = DIRECTION( '', ( -1.00000000000000, 0.000000000000000, 0.000000000000000 ) );
#6955 = DIRECTION( '', ( -0.264906471413008, -0.264906471413008, -0.927172649945531 ) );
#6956 = DIRECTION( '', ( 0.000000000000000, 1.00000000000000, 0.000000000000000 ) );
#6957 = DIRECTION( '', ( 0.000000000000000, 1.00000000000000, 0.000000000000000 ) );
#6958 = DIRECTION( '', ( -1.00000000000000, 4.25177322543335E-017, 0.000000000000000 ) );
#6959 = DIRECTION( '', ( 0.000000000000000, -1.00000000000000, 0.000000000000000 ) );
#6960 = DIRECTION( '', ( 0.000000000000000, 1.00000000000000, 0.000000000000000 ) );
#6961 = DIRECTION( '', ( 0.000000000000000, 0.000000000000000, -1.00000000000000 ) );
#6962 = DIRECTION( '', ( -1.00000000000000, 0.000000000000000, 0.000000000000000 ) );
#6963 = DIRECTION( '', ( -0.499999999999999, 0.000000000000000, 0.866025403784439 ) );
#6964 = DIRECTION( '', ( 0.000000000000000, 0.000000000000000, 1.00000000000000 ) );
#6965 = DIRECTION( '', ( -1.00000000000000, 0.000000000000000, 0.000000000000000 ) );
#6966 = DIRECTION( '', ( -0.0990147542976672, -0.0990147542976672, -0.990147542976674 ) );
#6967 = DIRECTION( '', ( 0.000000000000000, -1.00000000000000, 0.000000000000000 ) );
#6968 = DIRECTION( '', ( -0.0990147542976672, 0.0990147542976674, -0.990147542976674 ) );
#6969 = DIRECTION( '', ( 0.000000000000000, -1.00000000000000, 0.000000000000000 ) );
#6970 = DIRECTION( '', ( 0.000000000000000, 1.00000000000000, 0.000000000000000 ) );
#6971 = DIRECTION( '', ( 0.000000000000000, 0.000000000000000, -1.00000000000000 ) );
#6972 = DIRECTION( '', ( 0.000000000000000, 0.000000000000000, -1.00000000000000 ) );
#6973 = DIRECTION( '', ( -1.00000000000000, 4.25177322543335E-017, 0.000000000000000 ) );
#6974 = DIRECTION( '', ( 0.000000000000000, 0.000000000000000, -1.00000000000000 ) );
#6975 = DIRECTION( '', ( 0.000000000000000, 0.000000000000000, -1.00000000000000 ) );
#6976 = DIRECTION( '', ( -1.00000000000000, 0.000000000000000, 0.000000000000000 ) );
#6977 = DIRECTION( '', ( 0.000000000000000, 0.000000000000000, -1.00000000000000 ) );
#6978 = DIRECTION( '', ( -1.00000000000000, 4.25177322543335E-017, 0.000000000000000 ) );
#6979 = DIRECTION( '', ( -1.00000000000000, 0.000000000000000, 0.000000000000000 ) );
#6980 = DIRECTION( '', ( 0.000000000000000, 0.000000000000000, -1.00000000000000 ) );
#6981 = DIRECTION( '', ( -1.00000000000000, 4.25177322543335E-017, 0.000000000000000 ) );
#6982 = DIRECTION( '', ( 0.500000000000000, 0.000000000000000, 0.866025403784438 ) );
#6983 = DIRECTION( '', ( 0.500000000000000, 0.000000000000000, 0.866025403784438 ) );
#6984 = DIRECTION( '', ( 1.00000000000000, -2.89120579329468E-016, 0.000000000000000 ) );
#6985 = DIRECTION( '', ( 0.000000000000000, -0.371390676354104, -0.928476690885259 ) );
#6986 = DIRECTION( '', ( 0.000000000000000, -0.371390676354104, 0.928476690885259 ) );
#6987 = DIRECTION( '', ( 0.260741281220104, -0.181728771759466, 0.948150113527649 ) );
#6988 = DIRECTION( '', ( -0.260741281220104, -0.181728771759467, -0.948150113527649 ) );
#6989 = DIRECTION( '', ( -0.195180014589707, 0.0975900072948532, 0.975900072948533 ) );
#6990 = DIRECTION( '', ( 9.85638338623186E-017, 1.00000000000000, 0.000000000000000 ) );
#6991 = DIRECTION( '', ( 0.195180014589707, 0.0975900072948534, -0.975900072948533 ) );
#6992 = DIRECTION( '', ( 9.85638338623186E-017, 1.00000000000000, 0.000000000000000 ) );
#6993 = DIRECTION( '', ( 0.000000000000000, 1.00000000000000, 0.000000000000000 ) );
#6994 = DIRECTION( '', ( 1.00000000000000, 0.000000000000000, 0.000000000000000 ) );
#6995 = DIRECTION( '', ( 0.000000000000000, 1.00000000000000, 0.000000000000000 ) );
#6996 = DIRECTION( '', ( 0.000000000000000, -1.00000000000000, 0.000000000000000 ) );
#6997 = DIRECTION( '', ( -1.00000000000000, 0.000000000000000, 0.000000000000000 ) );
#6998 = DIRECTION( '', ( 1.00000000000000, 2.16840434497101E-016, 0.000000000000000 ) );
#6999 = DIRECTION( '', ( 0.000000000000000, -1.00000000000000, 0.000000000000000 ) );
#7000 = DIRECTION( '', ( 1.00000000000000, 0.000000000000000, 0.000000000000000 ) );
#7001 = DIRECTION( '', ( 1.00000000000000, 0.000000000000000, 0.000000000000000 ) );
#7002 = DIRECTION( '', ( 0.000000000000000, 1.00000000000000, 0.000000000000000 ) );
#7003 = DIRECTION( '', ( -1.00000000000000, 2.89120579329468E-016, 0.000000000000000 ) );
#7004 = DIRECTION( '', ( 0.000000000000000, 1.00000000000000, 0.000000000000000 ) );
#7005 = DIRECTION( '', ( 0.000000000000000, 1.00000000000000, 0.000000000000000 ) );
#7006 = DIRECTION( '', ( 1.00000000000000, -1.35525271560688E-016, 0.000000000000000 ) );
#7007 = DIRECTION( '', ( 0.000000000000000, 1.00000000000000, 0.000000000000000 ) );
#7008 = DIRECTION( '', ( 1.00000000000000, 0.000000000000000, 0.000000000000000 ) );
#7009 = DIRECTION( '', ( 0.000000000000000, 0.000000000000000, 1.00000000000000 ) );
#7010 = DIRECTION( '', ( 1.00000000000000, -2.89120579329468E-016, 0.000000000000000 ) );
#7011 = DIRECTION( '', ( -3.23642439547912E-016, -1.00000000000000, 0.000000000000000 ) );
#7012 = DIRECTION( '', ( 1.00000000000000, 0.000000000000000, 0.000000000000000 ) );
#7013 = DIRECTION( '', ( -1.00000000000000, 0.000000000000000, 0.000000000000000 ) );
#7014 = DIRECTION( '', ( 0.000000000000000, 0.000000000000000, 1.00000000000000 ) );
#7015 = DIRECTION( '', ( 0.000000000000000, 0.000000000000000, 1.00000000000000 ) );
#7016 = DIRECTION( '', ( 0.000000000000000, -1.00000000000000, 0.000000000000000 ) );
#7017 = DIRECTION( '', ( 0.000000000000000, -1.00000000000000, 0.000000000000000 ) );
#7018 = DIRECTION( '', ( 0.000000000000000, -0.707106781186547, 0.707106781186548 ) );
#7019 = DIRECTION( '', ( 0.000000000000000, 0.000000000000000, -1.00000000000000 ) );
#7020 = DIRECTION( '', ( 0.000000000000000, -0.707106781186548, -0.707106781186548 ) );
#7021 = DIRECTION( '', ( 0.000000000000000, -1.00000000000000, 0.000000000000000 ) );
#7022 = DIRECTION( '', ( 0.000000000000000, -1.00000000000000, 0.000000000000000 ) );
#7023 = DIRECTION( '', ( 0.000000000000000, -1.00000000000000, 0.000000000000000 ) );
#7024 = DIRECTION( '', ( 0.000000000000000, 0.000000000000000, -1.00000000000000 ) );
#7025 = DIRECTION( '', ( 0.000000000000000, 0.000000000000000, -1.00000000000000 ) );
#7026 = DIRECTION( '', ( -7.94275316517347E-017, -0.274721127897378, 0.961523947640823 ) );
#7027 = DIRECTION( '', ( 0.000000000000000, 1.00000000000000, 0.000000000000000 ) );
#7028 = DIRECTION( '', ( -2.89120579329468E-016, -1.00000000000000, 0.000000000000000 ) );
#7029 = DIRECTION( '', ( -7.94275316517347E-017, -0.274721127897378, -0.961523947640823 ) );
#7030 = DIRECTION( '', ( 0.000000000000000, 0.000000000000000, -1.00000000000000 ) );
#7031 = DIRECTION( '', ( -1.07376687505061E-016, -0.371390676354104, 0.928476690885259 ) );
#7032 = DIRECTION( '', ( -1.07376687505061E-016, -0.371390676354104, -0.928476690885259 ) );
#7033 = DIRECTION( '', ( 0.000000000000000, -0.0342655804311415, -0.999412762574962 ) );
#7034 = DIRECTION( '', ( -1.00000000000000, 0.000000000000000, 0.000000000000000 ) );
#7035 = DIRECTION( '', ( -1.00000000000000, 0.000000000000000, 0.000000000000000 ) );
#7036 = DIRECTION( '', ( 0.000000000000000, 0.000000000000000, 1.00000000000000 ) );
#7037 = DIRECTION( '', ( 0.264906471413008, -0.264906471413008, 0.927172649945531 ) );
#7038 = DIRECTION( '', ( 0.000000000000000, 1.00000000000000, 0.000000000000000 ) );
#7039 = DIRECTION( '', ( 0.000000000000000, -1.00000000000000, 0.000000000000000 ) );
#7040 = DIRECTION( '', ( 0.000000000000000, 0.707106781186548, 0.707106781186548 ) );
#7041 = DIRECTION( '', ( 1.00000000000000, 0.000000000000000, 0.000000000000000 ) );
#7042 = DIRECTION( '', ( -0.260741281220104, 0.181728771759467, 0.948150113527649 ) );
#7043 = DIRECTION( '', ( 3.23642439547912E-016, 1.00000000000000, 0.000000000000000 ) );
#7044 = DIRECTION( '', ( 0.260741281220104, 0.181728771759466, -0.948150113527649 ) );
#7045 = DIRECTION( '', ( 0.000000000000000, 0.000000000000000, -1.00000000000000 ) );
#7046 = DIRECTION( '', ( -1.00000000000000, 0.000000000000000, 0.000000000000000 ) );
#7047 = DIRECTION( '', ( 1.00000000000000, 0.000000000000000, 0.000000000000000 ) );
#7048 = DIRECTION( '', ( 0.000000000000000, 0.000000000000000, -1.00000000000000 ) );
#7049 = DIRECTION( '', ( -1.00000000000000, 0.000000000000000, 0.000000000000000 ) );
#7050 = DIRECTION( '', ( 0.000000000000000, -1.00000000000000, 0.000000000000000 ) );
#7051 = DIRECTION( '', ( 0.000000000000000, -1.00000000000000, 0.000000000000000 ) );
#7052 = CARTESIAN_POINT( '', ( -1.65000000000000, 0.000000000000000, -1.00000000000000 ) );
#7053 = DIRECTION( '', ( 0.000000000000000, 0.000000000000000, 1.00000000000000 ) );
#7054 = DIRECTION( '', ( 1.00000000000000, 0.000000000000000, 0.000000000000000 ) );
#7055 = DIRECTION( '', ( 0.000000000000000, 0.000000000000000, -1.00000000000000 ) );
#7056 = DIRECTION( '', ( 0.000000000000000, -1.00000000000000, 0.000000000000000 ) );
#7057 = DIRECTION( '', ( 0.000000000000000, 1.00000000000000, 0.000000000000000 ) );
#7058 = DIRECTION( '', ( 0.000000000000000, -1.00000000000000, 0.000000000000000 ) );
#7059 = DIRECTION( '', ( -0.707106781186547, 9.58308385427108E-017, 0.707106781186548 ) );
#7060 = DIRECTION( '', ( 0.000000000000000, 1.00000000000000, 0.000000000000000 ) );
#7061 = DIRECTION( '', ( -1.00000000000000, 0.000000000000000, 0.000000000000000 ) );
#7062 = DIRECTION( '', ( -1.00000000000000, 0.000000000000000, -1.29456975819165E-016 ) );
#7063 = DIRECTION( '', ( 0.000000000000000, 1.00000000000000, 0.000000000000000 ) );
#7064 = DIRECTION( '', ( 1.00000000000000, -1.35525271560688E-016, 0.000000000000000 ) );
#7065 = DIRECTION( '', ( 0.000000000000000, -1.00000000000000, 0.000000000000000 ) );
#7066 = DIRECTION( '', ( -1.22589901884587E-016, -0.164398987305358, 0.986393923832144 ) );
#7067 = CARTESIAN_POINT( '', ( 0.000000000000000, 0.601666666666667, 3.25000000000000 ) );
#7068 = DIRECTION( '', ( -2.12825957242849E-017, 0.986393923832144, 0.164398987305358 ) );
#7069 = DIRECTION( '', ( 1.27695574345709E-016, 0.164398987305358, -0.986393923832144 ) );
#7070 = DIRECTION( '', ( 0.000000000000000, 0.000000000000000, -1.00000000000000 ) );
#7071 = DIRECTION( '', ( -0.499999999999999, 0.000000000000000, 0.866025403784439 ) );
#7072 = DIRECTION( '', ( 0.000000000000000, -1.00000000000000, 0.000000000000000 ) );
#7073 = DIRECTION( '', ( 0.000000000000000, -1.00000000000000, 0.000000000000000 ) );
#7074 = DIRECTION( '', ( 1.00000000000000, -2.89120579329468E-016, 0.000000000000000 ) );
#7075 = DIRECTION( '', ( 1.00000000000000, -2.89120579329468E-016, 0.000000000000000 ) );
#7076 = DIRECTION( '', ( 1.00000000000000, -2.89120579329468E-016, 0.000000000000000 ) );
#7077 = DIRECTION( '', ( 0.000000000000000, 1.00000000000000, 0.000000000000000 ) );
#7078 = DIRECTION( '', ( 1.00000000000000, 0.000000000000000, 0.000000000000000 ) );
#7079 = DIRECTION( '', ( 0.000000000000000, 1.00000000000000, 0.000000000000000 ) );
#7080 = DIRECTION( '', ( 0.000000000000000, 0.000000000000000, -1.00000000000000 ) );
#7081 = DIRECTION( '', ( 0.000000000000000, -0.707106781186548, 0.707106781186547 ) );
#7082 = DIRECTION( '', ( 0.000000000000000, 0.000000000000000, -1.00000000000000 ) );
#7083 = DIRECTION( '', ( 0.000000000000000, 0.000000000000000, -1.00000000000000 ) );
#7084 = DIRECTION( '', ( 0.000000000000000, 1.00000000000000, 0.000000000000000 ) );
#7085 = DIRECTION( '', ( 1.00000000000000, 0.000000000000000, 0.000000000000000 ) );
#7086 = DIRECTION( '', ( 0.000000000000000, 0.000000000000000, -1.00000000000000 ) );
#7087 = DIRECTION( '', ( 0.000000000000000, 0.0342655804311416, 0.999412762574962 ) );
#7088 = DIRECTION( '', ( 0.000000000000000, 0.0342655804311416, 0.999412762574962 ) );
#7089 = DIRECTION( '', ( 0.000000000000000, 0.000000000000000, 1.00000000000000 ) );
#7090 = DIRECTION( '', ( 1.00000000000000, 0.000000000000000, 0.000000000000000 ) );
#7091 = DIRECTION( '', ( -1.00000000000000, 0.000000000000000, 0.000000000000000 ) );
#7092 = DIRECTION( '', ( 0.000000000000000, -1.00000000000000, 0.000000000000000 ) );
#7093 = DIRECTION( '', ( 0.000000000000000, 0.000000000000000, -1.00000000000000 ) );
#7094 = DIRECTION( '', ( 0.000000000000000, -1.00000000000000, 0.000000000000000 ) );
#7095 = DIRECTION( '', ( 0.000000000000000, -1.00000000000000, 0.000000000000000 ) );
#7096 = DIRECTION( '', ( 0.000000000000000, -1.00000000000000, 0.000000000000000 ) );
#7097 = DIRECTION( '', ( 0.000000000000000, -0.707106781186548, -0.707106781186548 ) );
#7098 = DIRECTION( '', ( 0.000000000000000, 0.000000000000000, -1.00000000000000 ) );
#7099 = DIRECTION( '', ( 0.000000000000000, 0.000000000000000, -1.00000000000000 ) );
#7100 = DIRECTION( '', ( 0.000000000000000, 0.000000000000000, 1.00000000000000 ) );
#7101 = VERTEX_POINT( '', #7421 );
#7102 = VERTEX_POINT( '', #7422 );
#7103 = LINE( '', #7423, #7424 );
#7104 = VERTEX_POINT( '', #7425 );
#7105 = LINE( '', #7426, #7427 );
#7106 = VERTEX_POINT( '', #7428 );
#7107 = LINE( '', #7429, #7430 );
#7108 = VERTEX_POINT( '', #7431 );
#7109 = LINE( '', #7432, #7433 );
#7110 = VERTEX_POINT( '', #7434 );
#7111 = LINE( '', #7435, #7436 );
#7112 = VERTEX_POINT( '', #7437 );
#7113 = LINE( '', #7438, #7439 );
#7114 = VERTEX_POINT( '', #7440 );
#7115 = LINE( '', #7441, #7442 );
#7116 = LINE( '', #7443, #7444 );
#7117 = VERTEX_POINT( '', #7445 );
#7118 = VERTEX_POINT( '', #7446 );
#7119 = LINE( '', #7447, #7448 );
#7120 = VERTEX_POINT( '', #7449 );
#7121 = LINE( '', #7450, #7451 );
#7122 = VERTEX_POINT( '', #7452 );
#7123 = LINE( '', #7453, #7454 );
#7124 = LINE( '', #7455, #7456 );
#7125 = VERTEX_POINT( '', #7457 );
#7126 = LINE( '', #7458, #7459 );
#7127 = VERTEX_POINT( '', #7460 );
#7128 = LINE( '', #7461, #7462 );
#7129 = LINE( '', #7463, #7464 );
#7130 = VERTEX_POINT( '', #7465 );
#7131 = VERTEX_POINT( '', #7466 );
#7132 = LINE( '', #7467, #7468 );
#7133 = VERTEX_POINT( '', #7469 );
#7134 = LINE( '', #7470, #7471 );
#7135 = VERTEX_POINT( '', #7472 );
#7136 = LINE( '', #7473, #7474 );
#7137 = LINE( '', #7475, #7476 );
#7138 = VERTEX_POINT( '', #7477 );
#7139 = VERTEX_POINT( '', #7478 );
#7140 = LINE( '', #7479, #7480 );
#7141 = VERTEX_POINT( '', #7481 );
#7142 = LINE( '', #7482, #7483 );
#7143 = VERTEX_POINT( '', #7484 );
#7144 = LINE( '', #7485, #7486 );
#7145 = LINE( '', #7487, #7488 );
#7146 = VERTEX_POINT( '', #7489 );
#7147 = LINE( '', #7490, #7491 );
#7148 = VERTEX_POINT( '', #7492 );
#7149 = LINE( '', #7493, #7494 );
#7150 = CIRCLE( '', #7495, 0.200000000000000 );
#7151 = LINE( '', #7496, #7497 );
#7152 = CIRCLE( '', #7498, 0.100000000000000 );
#7153 = CIRCLE( '', #7499, 0.100000000000000 );
#7154 = VERTEX_POINT( '', #7500 );
#7155 = LINE( '', #7501, #7502 );
#7156 = LINE( '', #7503, #7504 );
#7157 = VERTEX_POINT( '', #7505 );
#7158 = CIRCLE( '', #7506, 0.200000000000000 );
#7159 = LINE( '', #7507, #7508 );
#7160 = CIRCLE( '', #7509, 0.200000000000000 );
#7161 = CIRCLE( '', #7510, 0.200000000000000 );
#7162 = VERTEX_POINT( '', #7511 );
#7163 = VERTEX_POINT( '', #7512 );
#7164 = CIRCLE( '', #7513, 0.100000000000000 );
#7165 = VERTEX_POINT( '', #7514 );
#7166 = LINE( '', #7515, #7516 );
#7167 = VERTEX_POINT( '', #7517 );
#7168 = CIRCLE( '', #7518, 0.100000000000000 );
#7169 = LINE( '', #7519, #7520 );
#7170 = VERTEX_POINT( '', #7521 );
#7171 = LINE( '', #7522, #7523 );
#7172 = LINE( '', #7524, #7525 );
#7173 = LINE( '', #7526, #7527 );
#7174 = VERTEX_POINT( '', #7528 );
#7175 = LINE( '', #7529, #7530 );
#7176 = LINE( '', #7531, #7532 );
#7177 = LINE( '', #7533, #7534 );
#7178 = LINE( '', #7535, #7536 );
#7179 = LINE( '', #7537, #7538 );
#7180 = LINE( '', #7539, #7540 );
#7181 = VERTEX_POINT( '', #7541 );
#7182 = VERTEX_POINT( '', #7542 );
#7183 = LINE( '', #7543, #7544 );
#7184 = VERTEX_POINT( '', #7545 );
#7185 = LINE( '', #7546, #7547 );
#7186 = VERTEX_POINT( '', #7548 );
#7187 = LINE( '', #7549, #7550 );
#7188 = VERTEX_POINT( '', #7551 );
#7189 = LINE( '', #7552, #7553 );
#7190 = VERTEX_POINT( '', #7554 );
#7191 = LINE( '', #7555, #7556 );
#7192 = VERTEX_POINT( '', #7557 );
#7193 = LINE( '', #7558, #7559 );
#7194 = VERTEX_POINT( '', #7560 );
#7195 = LINE( '', #7561, #7562 );
#7196 = LINE( '', #7563, #7564 );
#7197 = VERTEX_POINT( '', #7565 );
#7198 = VERTEX_POINT( '', #7566 );
#7199 = LINE( '', #7567, #7568 );
#7200 = VERTEX_POINT( '', #7569 );
#7201 = LINE( '', #7570, #7571 );
#7202 = VERTEX_POINT( '', #7572 );
#7203 = LINE( '', #7573, #7574 );
#7204 = VERTEX_POINT( '', #7575 );
#7205 = LINE( '', #7576, #7577 );
#7206 = VERTEX_POINT( '', #7578 );
#7207 = LINE( '', #7579, #7580 );
#7208 = VERTEX_POINT( '', #7581 );
#7209 = LINE( '', #7582, #7583 );
#7210 = VERTEX_POINT( '', #7584 );
#7211 = LINE( '', #7585, #7586 );
#7212 = LINE( '', #7587, #7588 );
#7213 = LINE( '', #7589, #7590 );
#7214 = VERTEX_POINT( '', #7591 );
#7215 = CIRCLE( '', #7592, 0.200000000000000 );
#7216 = VERTEX_POINT( '', #7593 );
#7217 = LINE( '', #7594, #7595 );
#7218 = VERTEX_POINT( '', #7596 );
#7219 = LINE( '', #7597, #7598 );
#7220 = VERTEX_POINT( '', #7599 );
#7221 = LINE( '', #7600, #7601 );
#7222 = CIRCLE( '', #7602, 0.100000000000000 );
#7223 = VERTEX_POINT( '', #7603 );
#7224 = CIRCLE( '', #7604, 0.200000000000000 );
#7225 = LINE( '', #7605, #7606 );
#7226 = LINE( '', #7607, #7608 );
#7227 = VERTEX_POINT( '', #7609 );
#7228 = CIRCLE( '', #7610, 0.100000000000000 );
#7229 = VERTEX_POINT( '', #7611 );
#7230 = LINE( '', #7612, #7613 );
#7231 = VERTEX_POINT( '', #7614 );
#7232 = LINE( '', #7615, #7616 );
#7233 = LINE( '', #7617, #7618 );
#7234 = LINE( '', #7619, #7620 );
#7235 = LINE( '', #7621, #7622 );
#7236 = LINE( '', #7623, #7624 );
#7237 = VERTEX_POINT( '', #7625 );
#7238 = VERTEX_POINT( '', #7626 );
#7239 = LINE( '', #7627, #7628 );
#7240 = VERTEX_POINT( '', #7629 );
#7241 = LINE( '', #7630, #7631 );
#7242 = VERTEX_POINT( '', #7632 );
#7243 = LINE( '', #7633, #7634 );
#7244 = LINE( '', #7635, #7636 );
#7245 = VERTEX_POINT( '', #7637 );
#7246 = LINE( '', #7638, #7639 );
#7247 = VERTEX_POINT( '', #7640 );
#7248 = LINE( '', #7641, #7642 );
#7249 = LINE( '', #7643, #7644 );
#7250 = VERTEX_POINT( '', #7645 );
#7251 = LINE( '', #7646, #7647 );
#7252 = VERTEX_POINT( '', #7648 );
#7253 = LINE( '', #7649, #7650 );
#7254 = LINE( '', #7651, #7652 );
#7255 = CIRCLE( '', #7653, 0.100000000000000 );
#7256 = CIRCLE( '', #7654, 0.100000000000000 );
#7257 = CIRCLE( '', #7655, 0.200000000000000 );
#7258 = CIRCLE( '', #7656, 0.200000000000000 );
#7259 = LINE( '', #7657, #7658 );
#7260 = LINE( '', #7659, #7660 );
#7261 = VERTEX_POINT( '', #7661 );
#7262 = VERTEX_POINT( '', #7662 );
#7263 = LINE( '', #7663, #7664 );
#7264 = VERTEX_POINT( '', #7665 );
#7265 = LINE( '', #7666, #7667 );
#7266 = VERTEX_POINT( '', #7668 );
#7267 = LINE( '', #7669, #7670 );
#7268 = LINE( '', #7671, #7672 );
#7269 = VERTEX_POINT( '', #7673 );
#7270 = VERTEX_POINT( '', #7674 );
#7271 = LINE( '', #7675, #7676 );
#7272 = VERTEX_POINT( '', #7677 );
#7273 = LINE( '', #7678, #7679 );
#7274 = CIRCLE( '', #7680, 0.100000000000000 );
#7275 = VERTEX_POINT( '', #7681 );
#7276 = LINE( '', #7682, #7683 );
#7277 = VERTEX_POINT( '', #7684 );
#7278 = LINE( '', #7685, #7686 );
#7279 = VERTEX_POINT( '', #7687 );
#7280 = CIRCLE( '', #7688, 0.200000000000000 );
#7281 = LINE( '', #7689, #7690 );
#7282 = VERTEX_POINT( '', #7691 );
#7283 = CIRCLE( '', #7692, 0.100000000000000 );
#7284 = LINE( '', #7693, #7694 );
#7285 = VERTEX_POINT( '', #7695 );
#7286 = VERTEX_POINT( '', #7696 );
#7287 = LINE( '', #7697, #7698 );
#7288 = VERTEX_POINT( '', #7699 );
#7289 = LINE( '', #7700, #7701 );
#7290 = VERTEX_POINT( '', #7702 );
#7291 = CIRCLE( '', #7703, 0.200000000000000 );
#7292 = VERTEX_POINT( '', #7704 );
#7293 = LINE( '', #7705, #7706 );
#7294 = LINE( '', #7707, #7708 );
#7295 = LINE( '', #7709, #7710 );
#7296 = LINE( '', #7711, #7712 );
#7297 = LINE( '', #7713, #7714 );
#7298 = LINE( '', #7715, #7716 );
#7299 = VERTEX_POINT( '', #7717 );
#7300 = VERTEX_POINT( '', #7718 );
#7301 = LINE( '', #7719, #7720 );
#7302 = VERTEX_POINT( '', #7721 );
#7303 = LINE( '', #7722, #7723 );
#7304 = VERTEX_POINT( '', #7724 );
#7305 = LINE( '', #7725, #7726 );
#7306 = LINE( '', #7727, #7728 );
#7307 = LINE( '', #7729, #7730 );
#7308 = VERTEX_POINT( '', #7731 );
#7309 = LINE( '', #7732, #7733 );
#7310 = LINE( '', #7734, #7735 );
#7311 = VERTEX_POINT( '', #7736 );
#7312 = LINE( '', #7737, #7738 );
#7313 = VERTEX_POINT( '', #7739 );
#7314 = LINE( '', #7740, #7741 );
#7315 = VERTEX_POINT( '', #7742 );
#7316 = LINE( '', #7743, #7744 );
#7317 = LINE( '', #7745, #7746 );
#7318 = LINE( '', #7747, #7748 );
#7319 = VERTEX_POINT( '', #7749 );
#7320 = VERTEX_POINT( '', #7750 );
#7321 = LINE( '', #7751, #7752 );
#7322 = VERTEX_POINT( '', #7753 );
#7323 = LINE( '', #7754, #7755 );
#7324 = VERTEX_POINT( '', #7756 );
#7325 = LINE( '', #7757, #7758 );
#7326 = CIRCLE( '', #7759, 0.100000000000000 );
#7327 = CIRCLE( '', #7760, 0.200000000000000 );
#7328 = VERTEX_POINT( '', #7761 );
#7329 = LINE( '', #7762, #7763 );
#7330 = CIRCLE( '', #7764, 0.100000000000000 );
#7331 = VERTEX_POINT( '', #7765 );
#7332 = LINE( '', #7766, #7767 );
#7333 = VERTEX_POINT( '', #7768 );
#7334 = LINE( '', #7769, #7770 );
#7335 = VERTEX_POINT( '', #7771 );
#7336 = LINE( '', #7772, #7773 );
#7337 = CIRCLE( '', #7774, 0.200000000000000 );
#7338 = LINE( '', #7775, #7776 );
#7339 = LINE( '', #7777, #7778 );
#7340 = LINE( '', #7779, #7780 );
#7341 = VERTEX_POINT( '', #7781 );
#7342 = VERTEX_POINT( '', #7782 );
#7343 = CIRCLE( '', #7783, 0.200000000000000 );
#7344 = VERTEX_POINT( '', #7784 );
#7345 = LINE( '', #7785, #7786 );
#7346 = VERTEX_POINT( '', #7787 );
#7347 = CIRCLE( '', #7788, 0.200000000000000 );
#7348 = LINE( '', #7789, #7790 );
#7349 = VERTEX_POINT( '', #7791 );
#7350 = LINE( '', #7792, #7793 );
#7351 = VERTEX_POINT( '', #7794 );
#7352 = LINE( '', #7795, #7796 );
#7353 = VERTEX_POINT( '', #7797 );
#7354 = LINE( '', #7798, #7799 );
#7355 = VERTEX_POINT( '', #7800 );
#7356 = LINE( '', #7801, #7802 );
#7357 = VERTEX_POINT( '', #7803 );
#7358 = LINE( '', #7804, #7805 );
#7359 = VERTEX_POINT( '', #7806 );
#7360 = LINE( '', #7807, #7808 );
#7361 = LINE( '', #7809, #7810 );
#7362 = VERTEX_POINT( '', #7811 );
#7363 = LINE( '', #7812, #7813 );
#7364 = VERTEX_POINT( '', #7814 );
#7365 = LINE( '', #7815, #7816 );
#7366 = LINE( '', #7817, #7818 );
#7367 = VERTEX_POINT( '', #7819 );
#7368 = LINE( '', #7820, #7821 );
#7369 = VERTEX_POINT( '', #7822 );
#7370 = LINE( '', #7823, #7824 );
#7371 = LINE( '', #7825, #7826 );
#7372 = VERTEX_POINT( '', #7827 );
#7373 = LINE( '', #7828, #7829 );
#7374 = VERTEX_POINT( '', #7830 );
#7375 = LINE( '', #7831, #7832 );
#7376 = LINE( '', #7833, #7834 );
#7377 = VERTEX_POINT( '', #7835 );
#7378 = VERTEX_POINT( '', #7836 );
#7379 = LINE( '', #7837, #7838 );
#7380 = VERTEX_POINT( '', #7839 );
#7381 = LINE( '', #7840, #7841 );
#7382 = VERTEX_POINT( '', #7842 );
#7383 = LINE( '', #7843, #7844 );
#7384 = VERTEX_POINT( '', #7845 );
#7385 = LINE( '', #7846, #7847 );
#7386 = VERTEX_POINT( '', #7848 );
#7387 = LINE( '', #7849, #7850 );
#7388 = VERTEX_POINT( '', #7851 );
#7389 = LINE( '', #7852, #7853 );
#7390 = VERTEX_POINT( '', #7854 );
#7391 = LINE( '', #7855, #7856 );
#7392 = LINE( '', #7857, #7858 );
#7393 = LINE( '', #7859, #7860 );
#7394 = VERTEX_POINT( '', #7861 );
#7395 = CIRCLE( '', #7862, 0.100000000000000 );
#7396 = VERTEX_POINT( '', #7863 );
#7397 = LINE( '', #7864, #7865 );
#7398 = VERTEX_POINT( '', #7866 );
#7399 = LINE( '', #7867, #7868 );
#7400 = VERTEX_POINT( '', #7869 );
#7401 = LINE( '', #7870, #7871 );
#7402 = CIRCLE( '', #7872, 0.200000000000000 );
#7403 = VERTEX_POINT( '', #7873 );
#7404 = LINE( '', #7874, #7875 );
#7405 = VERTEX_POINT( '', #7876 );
#7406 = LINE( '', #7877, #7878 );
#7407 = LINE( '', #7879, #7880 );
#7408 = VERTEX_POINT( '', #7881 );
#7409 = VERTEX_POINT( '', #7882 );
#7410 = LINE( '', #7883, #7884 );
#7411 = LINE( '', #7885, #7886 );
#7412 = LINE( '', #7887, #7888 );
#7413 = CIRCLE( '', #7889, 0.200000000000000 );
#7414 = LINE( '', #7890, #7891 );
#7415 = CIRCLE( '', #7892, 0.100000000000000 );
#7416 = LINE( '', #7893, #7894 );
#7417 = CIRCLE( '', #7895, 0.100000000000000 );
#7418 = CIRCLE( '', #7896, 0.100000000000000 );
#7419 = LINE( '', #7897, #7898 );
#7420 = LINE( '', #7899, #7900 );
#7421 = CARTESIAN_POINT( '', ( -1.02500000000000, -1.90000000000000, -0.100000000000000 ) );
#7422 = CARTESIAN_POINT( '', ( -1.02500000000000, -1.90000000000000, -0.200000000000000 ) );
#7423 = CARTESIAN_POINT( '', ( -1.02500000000000, -1.90000000000000, 0.000000000000000 ) );
#7424 = VECTOR( '', #7901, 1000.00000000000 );
#7425 = CARTESIAN_POINT( '', ( -1.12500000000000, -1.90000000000000, -0.350000000000000 ) );
#7426 = CARTESIAN_POINT( '', ( -1.02500000000000, -1.90000000000000, -0.200000000000000 ) );
#7427 = VECTOR( '', #7902, 1000.00000000000 );
#7428 = CARTESIAN_POINT( '', ( -1.12500000000000, -1.90000000000000, -0.500000000000000 ) );
#7429 = CARTESIAN_POINT( '', ( -1.12500000000000, -1.90000000000000, -0.350000000000000 ) );
#7430 = VECTOR( '', #7903, 1000.00000000000 );
#7431 = CARTESIAN_POINT( '', ( -2.12500000000000, -1.90000000000000, -0.500000000000000 ) );
#7432 = CARTESIAN_POINT( '', ( -1.02500000000000, -1.90000000000000, -0.500000000000000 ) );
#7433 = VECTOR( '', #7904, 1000.00000000000 );
#7434 = CARTESIAN_POINT( '', ( -2.12500000000000, -1.90000000000000, -0.350000000000000 ) );
#7435 = CARTESIAN_POINT( '', ( -2.12500000000000, -1.90000000000000, -0.700000000000000 ) );
#7436 = VECTOR( '', #7905, 1000.00000000000 );
#7437 = CARTESIAN_POINT( '', ( -2.22500000000000, -1.90000000000000, -0.200000000000000 ) );
#7438 = CARTESIAN_POINT( '', ( -2.12500000000000, -1.90000000000000, -0.350000000000000 ) );
#7439 = VECTOR( '', #7906, 1000.00000000000 );
#7440 = CARTESIAN_POINT( '', ( -2.22500000000000, -1.90000000000000, -0.100000000000000 ) );
#7441 = CARTESIAN_POINT( '', ( -2.22500000000000, -1.90000000000000, 0.000000000000000 ) );
#7442 = VECTOR( '', #7907, 1000.00000000000 );
#7443 = CARTESIAN_POINT( '', ( -1.02500000000000, -1.90000000000000, -0.100000000000000 ) );
#7444 = VECTOR( '', #7908, 1000.00000000000 );
#7445 = CARTESIAN_POINT( '', ( -2.12500000000000, -2.10000000000000, -0.700000000000000 ) );
#7446 = CARTESIAN_POINT( '', ( -1.12500000000000, -2.10000000000000, -0.700000000000000 ) );
#7447 = CARTESIAN_POINT( '', ( -1.02500000000000, -2.10000000000000, -0.700000000000000 ) );
#7448 = VECTOR( '', #7909, 1000.00000000000 );
#7449 = CARTESIAN_POINT( '', ( -1.12500000000000, -2.70000000000000, -0.700000000000000 ) );
#7450 = CARTESIAN_POINT( '', ( -1.12500000000000, -7.48927544499285, -0.700000000000000 ) );
#7451 = VECTOR( '', #7910, 1000.00000000000 );
#7452 = CARTESIAN_POINT( '', ( -2.12500000000000, -2.70000000000000, -0.700000000000000 ) );
#7453 = CARTESIAN_POINT( '', ( -1.02500000000000, -2.70000000000000, -0.700000000000000 ) );
#7454 = VECTOR( '', #7911, 1000.00000000000 );
#7455 = CARTESIAN_POINT( '', ( -2.12500000000000, -7.48927544499285, -0.700000000000000 ) );
#7456 = VECTOR( '', #7912, 1000.00000000000 );
#7457 = CARTESIAN_POINT( '', ( -1.12500000000000, -2.70000000000000, -0.600000000000000 ) );
#7458 = CARTESIAN_POINT( '', ( -1.12500000000000, -2.70000000000000, -0.700000000000000 ) );
#7459 = VECTOR( '', #7913, 1000.00000000000 );
#7460 = CARTESIAN_POINT( '', ( -2.12500000000000, -2.70000000000000, -0.600000000000000 ) );
#7461 = CARTESIAN_POINT( '', ( -1.02500000000000, -2.70000000000000, -0.600000000000000 ) );
#7462 = VECTOR( '', #7914, 1000.00000000000 );
#7463 = CARTESIAN_POINT( '', ( -2.12500000000000, -2.70000000000000, -0.700000000000000 ) );
#7464 = VECTOR( '', #7915, 1000.00000000000 );
#7465 = CARTESIAN_POINT( '', ( -2.22500000000000, -1.45000000000000, 0.100000000000000 ) );
#7466 = CARTESIAN_POINT( '', ( -1.02500000000000, -1.45000000000000, 0.100000000000000 ) );
#7467 = CARTESIAN_POINT( '', ( -2.72500000000000, -1.45000000000000, 0.100000000000000 ) );
#7468 = VECTOR( '', #7916, 1000.00000000000 );
#7469 = CARTESIAN_POINT( '', ( -2.22500000000000, -1.80000000000000, 0.100000000000000 ) );
#7470 = CARTESIAN_POINT( '', ( -2.22500000000000, 1.50000000000000, 0.100000000000000 ) );
#7471 = VECTOR( '', #7917, 1000.00000000000 );
#7472 = CARTESIAN_POINT( '', ( -1.02500000000000, -1.80000000000000, 0.100000000000000 ) );
#7473 = CARTESIAN_POINT( '', ( -2.22500000000000, -1.80000000000000, 0.100000000000000 ) );
#7474 = VECTOR( '', #7918, 1000.00000000000 );
#7475 = CARTESIAN_POINT( '', ( -1.02500000000000, 1.50000000000000, 0.100000000000000 ) );
#7476 = VECTOR( '', #7919, 1000.00000000000 );
#7477 = CARTESIAN_POINT( '', ( -2.22500000000000, -1.45000000000000, 0.000000000000000 ) );
#7478 = CARTESIAN_POINT( '', ( -2.22500000000000, -1.80000000000000, 0.000000000000000 ) );
#7479 = CARTESIAN_POINT( '', ( -2.22500000000000, 1.50000000000000, 0.000000000000000 ) );
#7480 = VECTOR( '', #7920, 1000.00000000000 );
#7481 = CARTESIAN_POINT( '', ( -1.02500000000000, -1.45000000000000, 0.000000000000000 ) );
#7482 = CARTESIAN_POINT( '', ( -2.22500000000000, -1.45000000000000, 0.000000000000000 ) );
#7483 = VECTOR( '', #7921, 1000.00000000000 );
#7484 = CARTESIAN_POINT( '', ( -1.02500000000000, -1.80000000000000, 0.000000000000000 ) );
#7485 = CARTESIAN_POINT( '', ( -1.02500000000000, 1.50000000000000, 0.000000000000000 ) );
#7486 = VECTOR( '', #7922, 1000.00000000000 );
#7487 = CARTESIAN_POINT( '', ( -2.22500000000000, -1.80000000000000, 0.000000000000000 ) );
#7488 = VECTOR( '', #7923, 1000.00000000000 );
#7489 = CARTESIAN_POINT( '', ( -2.22500000000000, -2.00000000000000, -0.200000000000000 ) );
#7490 = CARTESIAN_POINT( '', ( -2.22500000000000, -7.48927544499285, -0.200000000000000 ) );
#7491 = VECTOR( '', #7924, 1000.00000000000 );
#7492 = CARTESIAN_POINT( '', ( -2.22500000000000, -2.00000000000000, -0.100000000000000 ) );
#7493 = CARTESIAN_POINT( '', ( -2.22500000000000, -2.00000000000000, -0.600000000000000 ) );
#7494 = VECTOR( '', #7925, 1000.00000000000 );
#7495 = AXIS2_PLACEMENT_3D( '', #7926, #7927, #7928 );
#7496 = CARTESIAN_POINT( '', ( -2.22500000000000, -1.45000000000000, 0.100000000000000 ) );
#7497 = VECTOR( '', #7929, 1000.00000000000 );
#7498 = AXIS2_PLACEMENT_3D( '', #7930, #7931, #7932 );
#7499 = AXIS2_PLACEMENT_3D( '', #7933, #7934, #7935 );
#7500 = CARTESIAN_POINT( '', ( -1.02500000000000, -2.00000000000000, -0.200000000000000 ) );
#7501 = CARTESIAN_POINT( '', ( -1.02500000000000, 1.50000000000000, -0.200000000000000 ) );
#7502 = VECTOR( '', #7936, 1000.00000000000 );
#7503 = CARTESIAN_POINT( '', ( -1.02500000000000, -1.45000000000000, 0.100000000000000 ) );
#7504 = VECTOR( '', #7937, 1000.00000000000 );
#7505 = CARTESIAN_POINT( '', ( -1.02500000000000, -2.00000000000000, -0.100000000000000 ) );
#7506 = AXIS2_PLACEMENT_3D( '', #7938, #7939, #7940 );
#7507 = CARTESIAN_POINT( '', ( -1.02500000000000, -2.00000000000000, -0.600000000000000 ) );
#7508 = VECTOR( '', #7941, 1000.00000000000 );
#7509 = AXIS2_PLACEMENT_3D( '', #7942, #7943, #7944 );
#7510 = AXIS2_PLACEMENT_3D( '', #7945, #7946, #7947 );
#7511 = CARTESIAN_POINT( '', ( -1.12500000000000, -2.00000000000000, -0.500000000000000 ) );
#7512 = CARTESIAN_POINT( '', ( -1.12500000000000, -2.10000000000000, -0.600000000000000 ) );
#7513 = AXIS2_PLACEMENT_3D( '', #7948, #7949, #7950 );
#7514 = CARTESIAN_POINT( '', ( -2.12500000000000, -2.00000000000000, -0.500000000000000 ) );
#7515 = CARTESIAN_POINT( '', ( -1.02500000000000, -2.00000000000000, -0.500000000000000 ) );
#7516 = VECTOR( '', #7951, 1000.00000000000 );
#7517 = CARTESIAN_POINT( '', ( -2.12500000000000, -2.10000000000000, -0.600000000000000 ) );
#7518 = AXIS2_PLACEMENT_3D( '', #7952, #7953, #7954 );
#7519 = CARTESIAN_POINT( '', ( -2.22500000000000, -2.10000000000000, -0.600000000000000 ) );
#7520 = VECTOR( '', #7955, 1000.00000000000 );
#7521 = CARTESIAN_POINT( '', ( -1.12500000000000, -2.00000000000000, -0.350000000000000 ) );
#7522 = CARTESIAN_POINT( '', ( -1.12500000000000, -2.00000000000000, -0.600000000000000 ) );
#7523 = VECTOR( '', #7956, 1000.00000000000 );
#7524 = CARTESIAN_POINT( '', ( -1.20961538461538, -2.00000000000000, -0.476923076923077 ) );
#7525 = VECTOR( '', #7957, 1000.00000000000 );
#7526 = CARTESIAN_POINT( '', ( -1.02500000000000, -2.00000000000000, -0.100000000000000 ) );
#7527 = VECTOR( '', #7958, 1000.00000000000 );
#7528 = CARTESIAN_POINT( '', ( -2.12500000000000, -2.00000000000000, -0.350000000000000 ) );
#7529 = CARTESIAN_POINT( '', ( -1.67115384615385, -2.00000000000000, -1.03076923076923 ) );
#7530 = VECTOR( '', #7959, 1000.00000000000 );
#7531 = CARTESIAN_POINT( '', ( -2.12500000000000, -2.00000000000000, -0.600000000000000 ) );
#7532 = VECTOR( '', #7960, 1000.00000000000 );
#7533 = CARTESIAN_POINT( '', ( -1.12500000000000, -7.48927544499285, -0.350000000000000 ) );
#7534 = VECTOR( '', #7961, 1000.00000000000 );
#7535 = CARTESIAN_POINT( '', ( -1.12500000000000, -2.70000000000000, -0.600000000000000 ) );
#7536 = VECTOR( '', #7962, 1000.00000000000 );
#7537 = CARTESIAN_POINT( '', ( -2.12500000000000, -2.70000000000000, -0.600000000000000 ) );
#7538 = VECTOR( '', #7963, 1000.00000000000 );
#7539 = CARTESIAN_POINT( '', ( -2.12500000000000, -7.48927544499285, -0.350000000000000 ) );
#7540 = VECTOR( '', #7964, 1000.00000000000 );
#7541 = CARTESIAN_POINT( '', ( -2.12500000000000, 1.90000000000000, -0.500000000000000 ) );
#7542 = CARTESIAN_POINT( '', ( -2.12500000000000, 1.90000000000000, -0.350000000000000 ) );
#7543 = CARTESIAN_POINT( '', ( -2.12500000000000, 1.90000000000000, -0.700000000000000 ) );
#7544 = VECTOR( '', #7965, 1000.00000000000 );
#7545 = CARTESIAN_POINT( '', ( -1.12500000000000, 1.90000000000000, -0.500000000000000 ) );
#7546 = CARTESIAN_POINT( '', ( -1.02500000000000, 1.90000000000000, -0.500000000000000 ) );
#7547 = VECTOR( '', #7966, 1000.00000000000 );
#7548 = CARTESIAN_POINT( '', ( -1.12500000000000, 1.90000000000000, -0.350000000000000 ) );
#7549 = CARTESIAN_POINT( '', ( -1.12500000000000, 1.90000000000000, -0.700000000000000 ) );
#7550 = VECTOR( '', #7967, 1000.00000000000 );
#7551 = CARTESIAN_POINT( '', ( -1.02500000000000, 1.90000000000000, -0.200000000000000 ) );
#7552 = CARTESIAN_POINT( '', ( -1.25576923076923, 1.90000000000000, -0.546153846153846 ) );
#7553 = VECTOR( '', #7968, 1000.00000000000 );
#7554 = CARTESIAN_POINT( '', ( -1.02500000000000, 1.90000000000000, -0.100000000000000 ) );
#7555 = CARTESIAN_POINT( '', ( -1.02500000000000, 1.90000000000000, -0.700000000000000 ) );
#7556 = VECTOR( '', #7969, 1000.00000000000 );
#7557 = CARTESIAN_POINT( '', ( -2.22500000000000, 1.90000000000000, -0.100000000000000 ) );
#7558 = CARTESIAN_POINT( '', ( -1.02500000000000, 1.90000000000000, -0.100000000000000 ) );
#7559 = VECTOR( '', #7970, 1000.00000000000 );
#7560 = CARTESIAN_POINT( '', ( -2.22500000000000, 1.90000000000000, -0.200000000000000 ) );
#7561 = CARTESIAN_POINT( '', ( -2.22500000000000, 1.90000000000000, -0.700000000000000 ) );
#7562 = VECTOR( '', #7971, 1000.00000000000 );
#7563 = CARTESIAN_POINT( '', ( -1.62500000000000, 1.90000000000000, -1.10000000000000 ) );
#7564 = VECTOR( '', #7972, 1000.00000000000 );
#7565 = CARTESIAN_POINT( '', ( -2.12500000000000, 2.00000000000000, -0.350000000000000 ) );
#7566 = CARTESIAN_POINT( '', ( -2.12500000000000, 2.00000000000000, -0.500000000000000 ) );
#7567 = CARTESIAN_POINT( '', ( -2.12500000000000, 2.00000000000000, 0.100000000000000 ) );
#7568 = VECTOR( '', #7973, 1000.00000000000 );
#7569 = CARTESIAN_POINT( '', ( -2.22500000000000, 2.00000000000000, -0.200000000000000 ) );
#7570 = CARTESIAN_POINT( '', ( -1.99423076923077, 2.00000000000000, -0.546153846153847 ) );
#7571 = VECTOR( '', #7974, 1000.00000000000 );
#7572 = CARTESIAN_POINT( '', ( -2.22500000000000, 2.00000000000000, -0.100000000000000 ) );
#7573 = CARTESIAN_POINT( '', ( -2.22500000000000, 2.00000000000000, 0.100000000000000 ) );
#7574 = VECTOR( '', #7975, 1000.00000000000 );
#7575 = CARTESIAN_POINT( '', ( -1.02500000000000, 2.00000000000000, -0.100000000000000 ) );
#7576 = CARTESIAN_POINT( '', ( -1.02500000000000, 2.00000000000000, -0.100000000000000 ) );
#7577 = VECTOR( '', #7976, 1000.00000000000 );
#7578 = CARTESIAN_POINT( '', ( -1.02500000000000, 2.00000000000000, -0.200000000000000 ) );
#7579 = CARTESIAN_POINT( '', ( -1.02500000000000, 2.00000000000000, 0.100000000000000 ) );
#7580 = VECTOR( '', #7977, 1000.00000000000 );
#7581 = CARTESIAN_POINT( '', ( -1.12500000000000, 2.00000000000000, -0.350000000000000 ) );
#7582 = CARTESIAN_POINT( '', ( -0.886538461538461, 2.00000000000000, 0.00769230769230727 ) );
#7583 = VECTOR( '', #7978, 1000.00000000000 );
#7584 = CARTESIAN_POINT( '', ( -1.12500000000000, 2.00000000000000, -0.500000000000000 ) );
#7585 = CARTESIAN_POINT( '', ( -1.12500000000000, 2.00000000000000, 0.100000000000000 ) );
#7586 = VECTOR( '', #7979, 1000.00000000000 );
#7587 = CARTESIAN_POINT( '', ( -2.22500000000000, 2.00000000000000, -0.500000000000000 ) );
#7588 = VECTOR( '', #7980, 1000.00000000000 );
#7589 = CARTESIAN_POINT( '', ( -1.02500000000000, 3.03350470304719, -0.200000000000000 ) );
#7590 = VECTOR( '', #7981, 1000.00000000000 );
#7591 = CARTESIAN_POINT( '', ( -1.02500000000000, 1.80000000000000, 0.100000000000000 ) );
#7592 = AXIS2_PLACEMENT_3D( '', #7982, #7983, #7984 );
#7593 = CARTESIAN_POINT( '', ( -1.02500000000000, 1.45000000000000, 0.100000000000000 ) );
#7594 = CARTESIAN_POINT( '', ( -1.02500000000000, 1.50000000000000, 0.100000000000000 ) );
#7595 = VECTOR( '', #7985, 1000.00000000000 );
#7596 = CARTESIAN_POINT( '', ( -1.02500000000000, 1.45000000000000, 0.000000000000000 ) );
#7597 = CARTESIAN_POINT( '', ( -1.02500000000000, 1.45000000000000, 0.100000000000000 ) );
#7598 = VECTOR( '', #7986, 1000.00000000000 );
#7599 = CARTESIAN_POINT( '', ( -1.02500000000000, 1.80000000000000, 0.000000000000000 ) );
#7600 = CARTESIAN_POINT( '', ( -1.02500000000000, 1.50000000000000, 0.000000000000000 ) );
#7601 = VECTOR( '', #7987, 1000.00000000000 );
#7602 = AXIS2_PLACEMENT_3D( '', #7988, #7989, #7990 );
#7603 = CARTESIAN_POINT( '', ( -2.22500000000000, 1.80000000000000, 0.100000000000000 ) );
#7604 = AXIS2_PLACEMENT_3D( '', #7991, #7992, #7993 );
#7605 = CARTESIAN_POINT( '', ( -2.22500000000000, 1.80000000000000, 0.100000000000000 ) );
#7606 = VECTOR( '', #7994, 1000.00000000000 );
#7607 = CARTESIAN_POINT( '', ( -2.22500000000000, 3.03350470304719, -0.200000000000000 ) );
#7608 = VECTOR( '', #7995, 1000.00000000000 );
#7609 = CARTESIAN_POINT( '', ( -2.22500000000000, 1.80000000000000, 0.000000000000000 ) );
#7610 = AXIS2_PLACEMENT_3D( '', #7996, #7997, #7998 );
#7611 = CARTESIAN_POINT( '', ( -2.22500000000000, 1.45000000000000, 0.000000000000000 ) );
#7612 = CARTESIAN_POINT( '', ( -2.22500000000000, 1.50000000000000, 0.000000000000000 ) );
#7613 = VECTOR( '', #7999, 1000.00000000000 );
#7614 = CARTESIAN_POINT( '', ( -2.22500000000000, 1.45000000000000, 0.100000000000000 ) );
#7615 = CARTESIAN_POINT( '', ( -2.22500000000000, 1.45000000000000, 0.100000000000000 ) );
#7616 = VECTOR( '', #8000, 1000.00000000000 );
#7617 = CARTESIAN_POINT( '', ( -2.22500000000000, 1.50000000000000, 0.100000000000000 ) );
#7618 = VECTOR( '', #8001, 1000.00000000000 );
#7619 = CARTESIAN_POINT( '', ( -0.404745631352587, 1.45000000000000, 0.100000000000000 ) );
#7620 = VECTOR( '', #8002, 1000.00000000000 );
#7621 = CARTESIAN_POINT( '', ( -2.22500000000000, 1.80000000000000, 0.000000000000000 ) );
#7622 = VECTOR( '', #8003, 1000.00000000000 );
#7623 = CARTESIAN_POINT( '', ( -2.22500000000000, 1.45000000000000, 0.000000000000000 ) );
#7624 = VECTOR( '', #8004, 1000.00000000000 );
#7625 = CARTESIAN_POINT( '', ( -2.12500000000000, 2.70000000000000, -0.700000000000000 ) );
#7626 = CARTESIAN_POINT( '', ( -2.12500000000000, 2.10000000000000, -0.700000000000000 ) );
#7627 = CARTESIAN_POINT( '', ( -2.12500000000000, 3.03350470304719, -0.700000000000000 ) );
#7628 = VECTOR( '', #8005, 1000.00000000000 );
#7629 = CARTESIAN_POINT( '', ( -1.12500000000000, 2.70000000000000, -0.700000000000000 ) );
#7630 = CARTESIAN_POINT( '', ( -1.02500000000000, 2.70000000000000, -0.700000000000000 ) );
#7631 = VECTOR( '', #8006, 1000.00000000000 );
#7632 = CARTESIAN_POINT( '', ( -1.12500000000000, 2.10000000000000, -0.700000000000000 ) );
#7633 = CARTESIAN_POINT( '', ( -1.12500000000000, 3.03350470304719, -0.700000000000000 ) );
#7634 = VECTOR( '', #8007, 1000.00000000000 );
#7635 = CARTESIAN_POINT( '', ( -1.02500000000000, 2.10000000000000, -0.700000000000000 ) );
#7636 = VECTOR( '', #8008, 1000.00000000000 );
#7637 = CARTESIAN_POINT( '', ( -2.12500000000000, 2.70000000000000, -0.600000000000000 ) );
#7638 = CARTESIAN_POINT( '', ( -2.12500000000000, 2.70000000000000, -0.600000000000000 ) );
#7639 = VECTOR( '', #8009, 1000.00000000000 );
#7640 = CARTESIAN_POINT( '', ( -1.12500000000000, 2.70000000000000, -0.600000000000000 ) );
#7641 = CARTESIAN_POINT( '', ( -1.02500000000000, 2.70000000000000, -0.600000000000000 ) );
#7642 = VECTOR( '', #8010, 1000.00000000000 );
#7643 = CARTESIAN_POINT( '', ( -1.12500000000000, 2.70000000000000, -0.600000000000000 ) );
#7644 = VECTOR( '', #8011, 1000.00000000000 );
#7645 = CARTESIAN_POINT( '', ( -2.12500000000000, 2.10000000000000, -0.600000000000000 ) );
#7646 = CARTESIAN_POINT( '', ( -2.12500000000000, 2.00000000000000, -0.600000000000000 ) );
#7647 = VECTOR( '', #8012, 1000.00000000000 );
#7648 = CARTESIAN_POINT( '', ( -1.12500000000000, 2.10000000000000, -0.600000000000000 ) );
#7649 = CARTESIAN_POINT( '', ( -1.02500000000000, 2.10000000000000, -0.600000000000000 ) );
#7650 = VECTOR( '', #8013, 1000.00000000000 );
#7651 = CARTESIAN_POINT( '', ( -1.12500000000000, 2.00000000000000, -0.600000000000000 ) );
#7652 = VECTOR( '', #8014, 1000.00000000000 );
#7653 = AXIS2_PLACEMENT_3D( '', #8015, #8016, #8017 );
#7654 = AXIS2_PLACEMENT_3D( '', #8018, #8019, #8020 );
#7655 = AXIS2_PLACEMENT_3D( '', #8021, #8022, #8023 );
#7656 = AXIS2_PLACEMENT_3D( '', #8024, #8025, #8026 );
#7657 = CARTESIAN_POINT( '', ( -1.12500000000000, 3.03350470304719, -0.350000000000000 ) );
#7658 = VECTOR( '', #8027, 1000.00000000000 );
#7659 = CARTESIAN_POINT( '', ( -2.12500000000000, 3.03350470304719, -0.350000000000000 ) );
#7660 = VECTOR( '', #8028, 1000.00000000000 );
#7661 = CARTESIAN_POINT( '', ( 2.22500000000000, -1.45000000000000, 0.000000000000000 ) );
#7662 = CARTESIAN_POINT( '', ( 2.22500000000000, -1.80000000000000, 0.000000000000000 ) );
#7663 = CARTESIAN_POINT( '', ( 2.22500000000000, 1.50000000000000, 0.000000000000000 ) );
#7664 = VECTOR( '', #8029, 1000.00000000000 );
#7665 = CARTESIAN_POINT( '', ( 1.02500000000000, -1.80000000000000, 0.000000000000000 ) );
#7666 = CARTESIAN_POINT( '', ( 2.22500000000000, -1.80000000000000, 0.000000000000000 ) );
#7667 = VECTOR( '', #8030, 1000.00000000000 );
#7668 = CARTESIAN_POINT( '', ( 1.02500000000000, -1.45000000000000, 0.000000000000000 ) );
#7669 = CARTESIAN_POINT( '', ( 1.02500000000000, 1.50000000000000, 0.000000000000000 ) );
#7670 = VECTOR( '', #8031, 1000.00000000000 );
#7671 = CARTESIAN_POINT( '', ( 2.22500000000000, -1.45000000000000, 0.000000000000000 ) );
#7672 = VECTOR( '', #8032, 1000.00000000000 );
#7673 = CARTESIAN_POINT( '', ( 2.22500000000000, -2.00000000000000, -0.200000000000000 ) );
#7674 = CARTESIAN_POINT( '', ( 2.22500000000000, -1.90000000000000, -0.200000000000000 ) );
#7675 = CARTESIAN_POINT( '', ( 2.22500000000000, -7.48927544499285, -0.200000000000000 ) );
#7676 = VECTOR( '', #8033, 1000.00000000000 );
#7677 = CARTESIAN_POINT( '', ( 2.22500000000000, -1.90000000000000, -0.100000000000000 ) );
#7678 = CARTESIAN_POINT( '', ( 2.22500000000000, -1.90000000000000, 0.000000000000000 ) );
#7679 = VECTOR( '', #8034, 1000.00000000000 );
#7680 = AXIS2_PLACEMENT_3D( '', #8035, #8036, #8037 );
#7681 = CARTESIAN_POINT( '', ( 2.22500000000000, -1.45000000000000, 0.100000000000000 ) );
#7682 = CARTESIAN_POINT( '', ( 2.22500000000000, -1.45000000000000, 0.100000000000000 ) );
#7683 = VECTOR( '', #8038, 1000.00000000000 );
#7684 = CARTESIAN_POINT( '', ( 2.22500000000000, -1.80000000000000, 0.100000000000000 ) );
#7685 = CARTESIAN_POINT( '', ( 2.22500000000000, 1.50000000000000, 0.100000000000000 ) );
#7686 = VECTOR( '', #8039, 1000.00000000000 );
#7687 = CARTESIAN_POINT( '', ( 2.22500000000000, -2.00000000000000, -0.100000000000000 ) );
#7688 = AXIS2_PLACEMENT_3D( '', #8040, #8041, #8042 );
#7689 = CARTESIAN_POINT( '', ( 2.22500000000000, -2.00000000000000, -0.600000000000000 ) );
#7690 = VECTOR( '', #8043, 1000.00000000000 );
#7691 = CARTESIAN_POINT( '', ( 1.02500000000000, -1.90000000000000, -0.100000000000000 ) );
#7692 = AXIS2_PLACEMENT_3D( '', #8044, #8045, #8046 );
#7693 = CARTESIAN_POINT( '', ( 1.02500000000000, -1.90000000000000, -0.100000000000000 ) );
#7694 = VECTOR( '', #8047, 1000.00000000000 );
#7695 = CARTESIAN_POINT( '', ( 1.02500000000000, -1.90000000000000, -0.200000000000000 ) );
#7696 = CARTESIAN_POINT( '', ( 1.02500000000000, -2.00000000000000, -0.200000000000000 ) );
#7697 = CARTESIAN_POINT( '', ( 1.02500000000000, 1.50000000000000, -0.200000000000000 ) );
#7698 = VECTOR( '', #8048, 1000.00000000000 );
#7699 = CARTESIAN_POINT( '', ( 1.02500000000000, -2.00000000000000, -0.100000000000000 ) );
#7700 = CARTESIAN_POINT( '', ( 1.02500000000000, -2.00000000000000, -0.600000000000000 ) );
#7701 = VECTOR( '', #8049, 1000.00000000000 );
#7702 = CARTESIAN_POINT( '', ( 1.02500000000000, -1.80000000000000, 0.100000000000000 ) );
#7703 = AXIS2_PLACEMENT_3D( '', #8050, #8051, #8052 );
#7704 = CARTESIAN_POINT( '', ( 1.02500000000000, -1.45000000000000, 0.100000000000000 ) );
#7705 = CARTESIAN_POINT( '', ( 1.02500000000000, 1.50000000000000, 0.100000000000000 ) );
#7706 = VECTOR( '', #8053, 1000.00000000000 );
#7707 = CARTESIAN_POINT( '', ( 1.02500000000000, -1.45000000000000, 0.100000000000000 ) );
#7708 = VECTOR( '', #8054, 1000.00000000000 );
#7709 = CARTESIAN_POINT( '', ( 1.02500000000000, -1.90000000000000, 0.000000000000000 ) );
#7710 = VECTOR( '', #8055, 1000.00000000000 );
#7711 = CARTESIAN_POINT( '', ( 2.72500000000000, -1.45000000000000, 0.100000000000000 ) );
#7712 = VECTOR( '', #8056, 1000.00000000000 );
#7713 = CARTESIAN_POINT( '', ( 2.22500000000000, -1.80000000000000, 0.100000000000000 ) );
#7714 = VECTOR( '', #8057, 1000.00000000000 );
#7715 = CARTESIAN_POINT( '', ( 1.02500000000000, -2.00000000000000, -0.100000000000000 ) );
#7716 = VECTOR( '', #8058, 1000.00000000000 );
#7717 = CARTESIAN_POINT( '', ( 1.12500000000000, -2.00000000000000, -0.500000000000000 ) );
#7718 = CARTESIAN_POINT( '', ( 1.12500000000000, -2.00000000000000, -0.350000000000000 ) );
#7719 = CARTESIAN_POINT( '', ( 1.12500000000000, -2.00000000000000, -0.600000000000000 ) );
#7720 = VECTOR( '', #8059, 1000.00000000000 );
#7721 = CARTESIAN_POINT( '', ( 2.12500000000000, -2.00000000000000, -0.500000000000000 ) );
#7722 = CARTESIAN_POINT( '', ( 1.02500000000000, -2.00000000000000, -0.500000000000000 ) );
#7723 = VECTOR( '', #8060, 1000.00000000000 );
#7724 = CARTESIAN_POINT( '', ( 2.12500000000000, -2.00000000000000, -0.350000000000000 ) );
#7725 = CARTESIAN_POINT( '', ( 2.12500000000000, -2.00000000000000, -0.600000000000000 ) );
#7726 = VECTOR( '', #8061, 1000.00000000000 );
#7727 = CARTESIAN_POINT( '', ( 1.67115384615385, -2.00000000000000, -1.03076923076923 ) );
#7728 = VECTOR( '', #8062, 1000.00000000000 );
#7729 = CARTESIAN_POINT( '', ( 1.20961538461538, -2.00000000000000, -0.476923076923077 ) );
#7730 = VECTOR( '', #8063, 1000.00000000000 );
#7731 = CARTESIAN_POINT( '', ( 2.12500000000000, -1.90000000000000, -0.350000000000000 ) );
#7732 = CARTESIAN_POINT( '', ( 2.12500000000000, -7.48927544499285, -0.350000000000000 ) );
#7733 = VECTOR( '', #8064, 1000.00000000000 );
#7734 = CARTESIAN_POINT( '', ( 2.12500000000000, -1.90000000000000, -0.350000000000000 ) );
#7735 = VECTOR( '', #8065, 1000.00000000000 );
#7736 = CARTESIAN_POINT( '', ( 2.12500000000000, -1.90000000000000, -0.500000000000000 ) );
#7737 = CARTESIAN_POINT( '', ( 2.12500000000000, -1.90000000000000, -0.700000000000000 ) );
#7738 = VECTOR( '', #8066, 1000.00000000000 );
#7739 = CARTESIAN_POINT( '', ( 1.12500000000000, -1.90000000000000, -0.500000000000000 ) );
#7740 = CARTESIAN_POINT( '', ( 1.02500000000000, -1.90000000000000, -0.500000000000000 ) );
#7741 = VECTOR( '', #8067, 1000.00000000000 );
#7742 = CARTESIAN_POINT( '', ( 1.12500000000000, -1.90000000000000, -0.350000000000000 ) );
#7743 = CARTESIAN_POINT( '', ( 1.12500000000000, -1.90000000000000, -0.350000000000000 ) );
#7744 = VECTOR( '', #8068, 1000.00000000000 );
#7745 = CARTESIAN_POINT( '', ( 1.02500000000000, -1.90000000000000, -0.200000000000000 ) );
#7746 = VECTOR( '', #8069, 1000.00000000000 );
#7747 = CARTESIAN_POINT( '', ( 1.12500000000000, -7.48927544499285, -0.350000000000000 ) );
#7748 = VECTOR( '', #8070, 1000.00000000000 );
#7749 = CARTESIAN_POINT( '', ( 1.12500000000000, -2.70000000000000, -0.700000000000000 ) );
#7750 = CARTESIAN_POINT( '', ( 1.12500000000000, -2.10000000000000, -0.700000000000000 ) );
#7751 = CARTESIAN_POINT( '', ( 1.12500000000000, -7.48927544499285, -0.700000000000000 ) );
#7752 = VECTOR( '', #8071, 1000.00000000000 );
#7753 = CARTESIAN_POINT( '', ( 1.12500000000000, -2.70000000000000, -0.600000000000000 ) );
#7754 = CARTESIAN_POINT( '', ( 1.12500000000000, -2.70000000000000, -0.700000000000000 ) );
#7755 = VECTOR( '', #8072, 1000.00000000000 );
#7756 = CARTESIAN_POINT( '', ( 1.12500000000000, -2.10000000000000, -0.600000000000000 ) );
#7757 = CARTESIAN_POINT( '', ( 1.12500000000000, -2.70000000000000, -0.600000000000000 ) );
#7758 = VECTOR( '', #8073, 1000.00000000000 );
#7759 = AXIS2_PLACEMENT_3D( '', #8074, #8075, #8076 );
#7760 = AXIS2_PLACEMENT_3D( '', #8077, #8078, #8079 );
#7761 = CARTESIAN_POINT( '', ( 2.12500000000000, -2.10000000000000, -0.600000000000000 ) );
#7762 = CARTESIAN_POINT( '', ( 2.22500000000000, -2.10000000000000, -0.600000000000000 ) );
#7763 = VECTOR( '', #8080, 1000.00000000000 );
#7764 = AXIS2_PLACEMENT_3D( '', #8081, #8082, #8083 );
#7765 = CARTESIAN_POINT( '', ( 2.12500000000000, -2.70000000000000, -0.600000000000000 ) );
#7766 = CARTESIAN_POINT( '', ( 2.12500000000000, -2.70000000000000, -0.600000000000000 ) );
#7767 = VECTOR( '', #8084, 1000.00000000000 );
#7768 = CARTESIAN_POINT( '', ( 2.12500000000000, -2.70000000000000, -0.700000000000000 ) );
#7769 = CARTESIAN_POINT( '', ( 2.12500000000000, -2.70000000000000, -0.700000000000000 ) );
#7770 = VECTOR( '', #8085, 1000.00000000000 );
#7771 = CARTESIAN_POINT( '', ( 2.12500000000000, -2.10000000000000, -0.700000000000000 ) );
#7772 = CARTESIAN_POINT( '', ( 2.12500000000000, -7.48927544499285, -0.700000000000000 ) );
#7773 = VECTOR( '', #8086, 1000.00000000000 );
#7774 = AXIS2_PLACEMENT_3D( '', #8087, #8088, #8089 );
#7775 = CARTESIAN_POINT( '', ( 1.02500000000000, -2.10000000000000, -0.700000000000000 ) );
#7776 = VECTOR( '', #8090, 1000.00000000000 );
#7777 = CARTESIAN_POINT( '', ( 1.02500000000000, -2.70000000000000, -0.700000000000000 ) );
#7778 = VECTOR( '', #8091, 1000.00000000000 );
#7779 = CARTESIAN_POINT( '', ( 1.02500000000000, -2.70000000000000, -0.600000000000000 ) );
#7780 = VECTOR( '', #8092, 1000.00000000000 );
#7781 = CARTESIAN_POINT( '', ( 2.12500000000000, 2.10000000000000, -0.700000000000000 ) );
#7782 = CARTESIAN_POINT( '', ( 2.12500000000000, 1.90000000000000, -0.500000000000000 ) );
#7783 = AXIS2_PLACEMENT_3D( '', #8093, #8094, #8095 );
#7784 = CARTESIAN_POINT( '', ( 1.12500000000000, 1.90000000000000, -0.500000000000000 ) );
#7785 = CARTESIAN_POINT( '', ( 1.02500000000000, 1.90000000000000, -0.500000000000000 ) );
#7786 = VECTOR( '', #8096, 1000.00000000000 );
#7787 = CARTESIAN_POINT( '', ( 1.12500000000000, 2.10000000000000, -0.700000000000000 ) );
#7788 = AXIS2_PLACEMENT_3D( '', #8097, #8098, #8099 );
#7789 = CARTESIAN_POINT( '', ( 1.02500000000000, 2.10000000000000, -0.700000000000000 ) );
#7790 = VECTOR( '', #8100, 1000.00000000000 );
#7791 = CARTESIAN_POINT( '', ( 2.12500000000000, 1.90000000000000, -0.350000000000000 ) );
#7792 = CARTESIAN_POINT( '', ( 2.12500000000000, 1.90000000000000, -0.700000000000000 ) );
#7793 = VECTOR( '', #8101, 1000.00000000000 );
#7794 = CARTESIAN_POINT( '', ( 2.22500000000000, 1.90000000000000, -0.200000000000000 ) );
#7795 = CARTESIAN_POINT( '', ( 1.62500000000000, 1.90000000000000, -1.10000000000000 ) );
#7796 = VECTOR( '', #8102, 1000.00000000000 );
#7797 = CARTESIAN_POINT( '', ( 2.22500000000000, 1.90000000000000, -0.100000000000000 ) );
#7798 = CARTESIAN_POINT( '', ( 2.22500000000000, 1.90000000000000, -0.700000000000000 ) );
#7799 = VECTOR( '', #8103, 1000.00000000000 );
#7800 = CARTESIAN_POINT( '', ( 1.02500000000000, 1.90000000000000, -0.100000000000000 ) );
#7801 = CARTESIAN_POINT( '', ( 1.02500000000000, 1.90000000000000, -0.100000000000000 ) );
#7802 = VECTOR( '', #8104, 1000.00000000000 );
#7803 = CARTESIAN_POINT( '', ( 1.02500000000000, 1.90000000000000, -0.200000000000000 ) );
#7804 = CARTESIAN_POINT( '', ( 1.02500000000000, 1.90000000000000, -0.700000000000000 ) );
#7805 = VECTOR( '', #8105, 1000.00000000000 );
#7806 = CARTESIAN_POINT( '', ( 1.12500000000000, 1.90000000000000, -0.350000000000000 ) );
#7807 = CARTESIAN_POINT( '', ( 1.25576923076923, 1.90000000000000, -0.546153846153846 ) );
#7808 = VECTOR( '', #8106, 1000.00000000000 );
#7809 = CARTESIAN_POINT( '', ( 1.12500000000000, 1.90000000000000, -0.700000000000000 ) );
#7810 = VECTOR( '', #8107, 1000.00000000000 );
#7811 = CARTESIAN_POINT( '', ( 2.12500000000000, 2.70000000000000, -0.700000000000000 ) );
#7812 = CARTESIAN_POINT( '', ( 2.12500000000000, 3.03350470304719, -0.700000000000000 ) );
#7813 = VECTOR( '', #8108, 1000.00000000000 );
#7814 = CARTESIAN_POINT( '', ( 1.12500000000000, 2.70000000000000, -0.700000000000000 ) );
#7815 = CARTESIAN_POINT( '', ( 1.12500000000000, 3.03350470304719, -0.700000000000000 ) );
#7816 = VECTOR( '', #8109, 1000.00000000000 );
#7817 = CARTESIAN_POINT( '', ( 1.02500000000000, 2.70000000000000, -0.700000000000000 ) );
#7818 = VECTOR( '', #8110, 1000.00000000000 );
#7819 = CARTESIAN_POINT( '', ( 2.12500000000000, 2.70000000000000, -0.600000000000000 ) );
#7820 = CARTESIAN_POINT( '', ( 2.12500000000000, 2.70000000000000, -0.600000000000000 ) );
#7821 = VECTOR( '', #8111, 1000.00000000000 );
#7822 = CARTESIAN_POINT( '', ( 1.12500000000000, 2.70000000000000, -0.600000000000000 ) );
#7823 = CARTESIAN_POINT( '', ( 1.12500000000000, 2.70000000000000, -0.600000000000000 ) );
#7824 = VECTOR( '', #8112, 1000.00000000000 );
#7825 = CARTESIAN_POINT( '', ( 1.02500000000000, 2.70000000000000, -0.600000000000000 ) );
#7826 = VECTOR( '', #8113, 1000.00000000000 );
#7827 = CARTESIAN_POINT( '', ( 2.12500000000000, 2.10000000000000, -0.600000000000000 ) );
#7828 = CARTESIAN_POINT( '', ( 2.12500000000000, 2.00000000000000, -0.600000000000000 ) );
#7829 = VECTOR( '', #8114, 1000.00000000000 );
#7830 = CARTESIAN_POINT( '', ( 1.12500000000000, 2.10000000000000, -0.600000000000000 ) );
#7831 = CARTESIAN_POINT( '', ( 1.12500000000000, 2.00000000000000, -0.600000000000000 ) );
#7832 = VECTOR( '', #8115, 1000.00000000000 );
#7833 = CARTESIAN_POINT( '', ( 1.02500000000000, 2.10000000000000, -0.600000000000000 ) );
#7834 = VECTOR( '', #8116, 1000.00000000000 );
#7835 = CARTESIAN_POINT( '', ( 2.12500000000000, 2.00000000000000, -0.350000000000000 ) );
#7836 = CARTESIAN_POINT( '', ( 2.12500000000000, 2.00000000000000, -0.500000000000000 ) );
#7837 = CARTESIAN_POINT( '', ( 2.12500000000000, 2.00000000000000, 0.100000000000000 ) );
#7838 = VECTOR( '', #8117, 1000.00000000000 );
#7839 = CARTESIAN_POINT( '', ( 1.12500000000000, 2.00000000000000, -0.500000000000000 ) );
#7840 = CARTESIAN_POINT( '', ( 2.22500000000000, 2.00000000000000, -0.500000000000000 ) );
#7841 = VECTOR( '', #8118, 1000.00000000000 );
#7842 = CARTESIAN_POINT( '', ( 1.12500000000000, 2.00000000000000, -0.350000000000000 ) );
#7843 = CARTESIAN_POINT( '', ( 1.12500000000000, 2.00000000000000, 0.100000000000000 ) );
#7844 = VECTOR( '', #8119, 1000.00000000000 );
#7845 = CARTESIAN_POINT( '', ( 1.02500000000000, 2.00000000000000, -0.200000000000000 ) );
#7846 = CARTESIAN_POINT( '', ( 0.886538461538461, 2.00000000000000, 0.00769230769230727 ) );
#7847 = VECTOR( '', #8120, 1000.00000000000 );
#7848 = CARTESIAN_POINT( '', ( 1.02500000000000, 2.00000000000000, -0.100000000000000 ) );
#7849 = CARTESIAN_POINT( '', ( 1.02500000000000, 2.00000000000000, 0.100000000000000 ) );
#7850 = VECTOR( '', #8121, 1000.00000000000 );
#7851 = CARTESIAN_POINT( '', ( 2.22500000000000, 2.00000000000000, -0.100000000000000 ) );
#7852 = CARTESIAN_POINT( '', ( 1.02500000000000, 2.00000000000000, -0.100000000000000 ) );
#7853 = VECTOR( '', #8122, 1000.00000000000 );
#7854 = CARTESIAN_POINT( '', ( 2.22500000000000, 2.00000000000000, -0.200000000000000 ) );
#7855 = CARTESIAN_POINT( '', ( 2.22500000000000, 2.00000000000000, 0.100000000000000 ) );
#7856 = VECTOR( '', #8123, 1000.00000000000 );
#7857 = CARTESIAN_POINT( '', ( 1.99423076923077, 2.00000000000000, -0.546153846153847 ) );
#7858 = VECTOR( '', #8124, 1000.00000000000 );
#7859 = CARTESIAN_POINT( '', ( 1.02500000000000, 3.03350470304719, -0.200000000000000 ) );
#7860 = VECTOR( '', #8125, 1000.00000000000 );
#7861 = CARTESIAN_POINT( '', ( 1.02500000000000, 1.80000000000000, 0.000000000000000 ) );
#7862 = AXIS2_PLACEMENT_3D( '', #8126, #8127, #8128 );
#7863 = CARTESIAN_POINT( '', ( 1.02500000000000, 1.45000000000000, 0.000000000000000 ) );
#7864 = CARTESIAN_POINT( '', ( 1.02500000000000, 1.50000000000000, 0.000000000000000 ) );
#7865 = VECTOR( '', #8129, 1000.00000000000 );
#7866 = CARTESIAN_POINT( '', ( 1.02500000000000, 1.45000000000000, 0.100000000000000 ) );
#7867 = CARTESIAN_POINT( '', ( 1.02500000000000, 1.45000000000000, 0.100000000000000 ) );
#7868 = VECTOR( '', #8130, 1000.00000000000 );
#7869 = CARTESIAN_POINT( '', ( 1.02500000000000, 1.80000000000000, 0.100000000000000 ) );
#7870 = CARTESIAN_POINT( '', ( 1.02500000000000, 1.50000000000000, 0.100000000000000 ) );
#7871 = VECTOR( '', #8131, 1000.00000000000 );
#7872 = AXIS2_PLACEMENT_3D( '', #8132, #8133, #8134 );
#7873 = CARTESIAN_POINT( '', ( 2.22500000000000, 1.45000000000000, 0.100000000000000 ) );
#7874 = CARTESIAN_POINT( '', ( 0.404745631352587, 1.45000000000000, 0.100000000000000 ) );
#7875 = VECTOR( '', #8135, 1000.00000000000 );
#7876 = CARTESIAN_POINT( '', ( 2.22500000000000, 1.80000000000000, 0.100000000000000 ) );
#7877 = CARTESIAN_POINT( '', ( 2.22500000000000, 1.50000000000000, 0.100000000000000 ) );
#7878 = VECTOR( '', #8136, 1000.00000000000 );
#7879 = CARTESIAN_POINT( '', ( 2.22500000000000, 1.80000000000000, 0.100000000000000 ) );
#7880 = VECTOR( '', #8137, 1000.00000000000 );
#7881 = CARTESIAN_POINT( '', ( 2.22500000000000, 1.80000000000000, 0.000000000000000 ) );
#7882 = CARTESIAN_POINT( '', ( 2.22500000000000, 1.45000000000000, 0.000000000000000 ) );
#7883 = CARTESIAN_POINT( '', ( 2.22500000000000, 1.50000000000000, 0.000000000000000 ) );
#7884 = VECTOR( '', #8138, 1000.00000000000 );
#7885 = CARTESIAN_POINT( '', ( 2.22500000000000, 1.45000000000000, 0.000000000000000 ) );
#7886 = VECTOR( '', #8139, 1000.00000000000 );
#7887 = CARTESIAN_POINT( '', ( 2.22500000000000, 1.80000000000000, 0.000000000000000 ) );
#7888 = VECTOR( '', #8140, 1000.00000000000 );
#7889 = AXIS2_PLACEMENT_3D( '', #8141, #8142, #8143 );
#7890 = CARTESIAN_POINT( '', ( 2.22500000000000, 1.45000000000000, 0.100000000000000 ) );
#7891 = VECTOR( '', #8144, 1000.00000000000 );
#7892 = AXIS2_PLACEMENT_3D( '', #8145, #8146, #8147 );
#7893 = CARTESIAN_POINT( '', ( 2.22500000000000, 3.03350470304719, -0.200000000000000 ) );
#7894 = VECTOR( '', #8148, 1000.00000000000 );
#7895 = AXIS2_PLACEMENT_3D( '', #8149, #8150, #8151 );
#7896 = AXIS2_PLACEMENT_3D( '', #8152, #8153, #8154 );
#7897 = CARTESIAN_POINT( '', ( 1.12500000000000, 3.03350470304719, -0.350000000000000 ) );
#7898 = VECTOR( '', #8155, 1000.00000000000 );
#7899 = CARTESIAN_POINT( '', ( 2.12500000000000, 3.03350470304719, -0.350000000000000 ) );
#7900 = VECTOR( '', #8156, 1000.00000000000 );
#7901 = DIRECTION( '', ( 0.000000000000000, 0.000000000000000, -1.00000000000000 ) );
#7902 = DIRECTION( '', ( -0.554700196225229, -1.00234526304255E-016, -0.832050294337843 ) );
#7903 = DIRECTION( '', ( 0.000000000000000, 0.000000000000000, -1.00000000000000 ) );
#7904 = DIRECTION( '', ( -1.00000000000000, -1.44560289664734E-016, 0.000000000000000 ) );
#7905 = DIRECTION( '', ( 0.000000000000000, 0.000000000000000, 1.00000000000000 ) );
#7906 = DIRECTION( '', ( -0.554700196225229, -1.00234526304255E-016, 0.832050294337844 ) );
#7907 = DIRECTION( '', ( 0.000000000000000, 0.000000000000000, -1.00000000000000 ) );
#7908 = DIRECTION( '', ( -1.00000000000000, -1.44560289664734E-016, 0.000000000000000 ) );
#7909 = DIRECTION( '', ( -1.00000000000000, -1.44560289664734E-016, 0.000000000000000 ) );
#7910 = DIRECTION( '', ( -1.80700362080917E-016, 1.00000000000000, 0.000000000000000 ) );
#7911 = DIRECTION( '', ( -1.00000000000000, -1.44560289664734E-016, 0.000000000000000 ) );
#7912 = DIRECTION( '', ( -1.80700362080917E-016, 1.00000000000000, 0.000000000000000 ) );
#7913 = DIRECTION( '', ( 0.000000000000000, 0.000000000000000, 1.00000000000000 ) );
#7914 = DIRECTION( '', ( -1.00000000000000, -1.44560289664734E-016, 0.000000000000000 ) );
#7915 = DIRECTION( '', ( 0.000000000000000, 0.000000000000000, -1.00000000000000 ) );
#7916 = DIRECTION( '', ( 1.00000000000000, 0.000000000000000, 0.000000000000000 ) );
#7917 = DIRECTION( '', ( 0.000000000000000, -1.00000000000000, 0.000000000000000 ) );
#7918 = DIRECTION( '', ( -1.00000000000000, -1.44560289664734E-016, 0.000000000000000 ) );
#7919 = DIRECTION( '', ( -7.22801448323670E-017, 1.00000000000000, 0.000000000000000 ) );
#7920 = DIRECTION( '', ( 0.000000000000000, -1.00000000000000, 0.000000000000000 ) );
#7921 = DIRECTION( '', ( 1.00000000000000, 0.000000000000000, 0.000000000000000 ) );
#7922 = DIRECTION( '', ( -7.22801448323670E-017, 1.00000000000000, 0.000000000000000 ) );
#7923 = DIRECTION( '', ( -1.00000000000000, -1.44560289664734E-016, 0.000000000000000 ) );
#7924 = DIRECTION( '', ( -1.80700362080917E-016, 1.00000000000000, 0.000000000000000 ) );
#7925 = DIRECTION( '', ( 0.000000000000000, 0.000000000000000, 1.00000000000000 ) );
#7926 = CARTESIAN_POINT( '', ( -2.22500000000000, -1.80000000000000, -0.100000000000000 ) );
#7927 = DIRECTION( '', ( 1.00000000000000, 0.000000000000000, 0.000000000000000 ) );
#7928 = DIRECTION( '', ( 0.000000000000000, 0.000000000000000, -1.00000000000000 ) );
#7929 = DIRECTION( '', ( 0.000000000000000, 0.000000000000000, -1.00000000000000 ) );
#7930 = CARTESIAN_POINT( '', ( -2.22500000000000, -1.80000000000000, -0.100000000000000 ) );
#7931 = DIRECTION( '', ( 1.00000000000000, 0.000000000000000, 0.000000000000000 ) );
#7932 = DIRECTION( '', ( 0.000000000000000, 0.000000000000000, -1.00000000000000 ) );
#7933 = CARTESIAN_POINT( '', ( -1.02500000000000, -1.80000000000000, -0.100000000000000 ) );
#7934 = DIRECTION( '', ( -1.00000000000000, -7.22801448323670E-017, 0.000000000000000 ) );
#7935 = DIRECTION( '', ( 7.22801448323670E-017, -1.00000000000000, 0.000000000000000 ) );
#7936 = DIRECTION( '', ( 7.22801448323670E-017, -1.00000000000000, -1.62630325872825E-016 ) );
#7937 = DIRECTION( '', ( 0.000000000000000, 0.000000000000000, 1.00000000000000 ) );
#7938 = CARTESIAN_POINT( '', ( -1.02500000000000, -1.80000000000000, -0.100000000000000 ) );
#7939 = DIRECTION( '', ( -1.00000000000000, -7.22801448323670E-017, 0.000000000000000 ) );
#7940 = DIRECTION( '', ( 7.22801448323670E-017, -1.00000000000000, 0.000000000000000 ) );
#7941 = DIRECTION( '', ( 0.000000000000000, 0.000000000000000, 1.00000000000000 ) );
#7942 = CARTESIAN_POINT( '', ( -1.12500000000000, -2.10000000000000, -0.500000000000000 ) );
#7943 = DIRECTION( '', ( 1.00000000000000, 1.80700362080917E-016, 0.000000000000000 ) );
#7944 = DIRECTION( '', ( -1.80700362080917E-016, 1.00000000000000, 0.000000000000000 ) );
#7945 = CARTESIAN_POINT( '', ( -2.12500000000000, -2.10000000000000, -0.500000000000000 ) );
#7946 = DIRECTION( '', ( -1.00000000000000, -1.80700362080917E-016, 0.000000000000000 ) );
#7947 = DIRECTION( '', ( 1.80700362080917E-016, -1.00000000000000, 0.000000000000000 ) );
#7948 = CARTESIAN_POINT( '', ( -1.12500000000000, -2.10000000000000, -0.500000000000000 ) );
#7949 = DIRECTION( '', ( 1.00000000000000, 1.80700362080917E-016, 0.000000000000000 ) );
#7950 = DIRECTION( '', ( -1.80700362080917E-016, 1.00000000000000, 0.000000000000000 ) );
#7951 = DIRECTION( '', ( -1.00000000000000, -1.44560289664734E-016, 0.000000000000000 ) );
#7952 = CARTESIAN_POINT( '', ( -2.12500000000000, -2.10000000000000, -0.500000000000000 ) );
#7953 = DIRECTION( '', ( -1.00000000000000, -1.80700362080917E-016, 0.000000000000000 ) );
#7954 = DIRECTION( '', ( 1.80700362080917E-016, -1.00000000000000, 0.000000000000000 ) );
#7955 = DIRECTION( '', ( -1.00000000000000, -1.44560289664734E-016, 0.000000000000000 ) );
#7956 = DIRECTION( '', ( 0.000000000000000, 0.000000000000000, 1.00000000000000 ) );
#7957 = DIRECTION( '', ( 0.554700196225229, 8.01876210434038E-017, 0.832050294337843 ) );
#7958 = DIRECTION( '', ( -1.00000000000000, -1.44560289664734E-016, 0.000000000000000 ) );
#7959 = DIRECTION( '', ( 0.554700196225229, 8.01876210434039E-017, -0.832050294337844 ) );
#7960 = DIRECTION( '', ( 0.000000000000000, 0.000000000000000, -1.00000000000000 ) );
#7961 = DIRECTION( '', ( -1.80700362080917E-016, 1.00000000000000, 0.000000000000000 ) );
#7962 = DIRECTION( '', ( -1.80700362080917E-016, 1.00000000000000, 0.000000000000000 ) );
#7963 = DIRECTION( '', ( 1.80700362080917E-016, -1.00000000000000, 0.000000000000000 ) );
#7964 = DIRECTION( '', ( -1.80700362080917E-016, 1.00000000000000, 0.000000000000000 ) );
#7965 = DIRECTION( '', ( 0.000000000000000, 0.000000000000000, 1.00000000000000 ) );
#7966 = DIRECTION( '', ( -1.00000000000000, -1.44560289664734E-016, 0.000000000000000 ) );
#7967 = DIRECTION( '', ( -1.54886024640786E-015, -2.23903685870912E-031, 1.00000000000000 ) );
#7968 = DIRECTION( '', ( 0.554700196225229, 8.01876210434039E-017, 0.832050294337844 ) );
#7969 = DIRECTION( '', ( 0.000000000000000, 0.000000000000000, 1.00000000000000 ) );
#7970 = DIRECTION( '', ( -1.00000000000000, -1.44560289664734E-016, 0.000000000000000 ) );
#7971 = DIRECTION( '', ( 0.000000000000000, 0.000000000000000, 1.00000000000000 ) );
#7972 = DIRECTION( '', ( -0.554700196225230, -8.01876210434040E-017, 0.832050294337843 ) );
#7973 = DIRECTION( '', ( 0.000000000000000, 0.000000000000000, -1.00000000000000 ) );
#7974 = DIRECTION( '', ( 0.554700196225230, 8.01876210434040E-017, -0.832050294337843 ) );
#7975 = DIRECTION( '', ( 0.000000000000000, 0.000000000000000, -1.00000000000000 ) );
#7976 = DIRECTION( '', ( -1.00000000000000, -1.44560289664734E-016, 0.000000000000000 ) );
#7977 = DIRECTION( '', ( 0.000000000000000, 0.000000000000000, -1.00000000000000 ) );
#7978 = DIRECTION( '', ( -0.554700196225229, -8.01876210434039E-017, -0.832050294337844 ) );
#7979 = DIRECTION( '', ( 1.54886024640786E-015, 2.23903685870912E-031, -1.00000000000000 ) );
#7980 = DIRECTION( '', ( -1.00000000000000, -1.44560289664734E-016, 0.000000000000000 ) );
#7981 = DIRECTION( '', ( 0.000000000000000, -1.00000000000000, 0.000000000000000 ) );
#7982 = CARTESIAN_POINT( '', ( -1.02500000000000, 1.80000000000000, -0.100000000000000 ) );
#7983 = DIRECTION( '', ( -1.00000000000000, -7.22801448323670E-017, 0.000000000000000 ) );
#7984 = DIRECTION( '', ( 7.22801448323670E-017, -1.00000000000000, 0.000000000000000 ) );
#7985 = DIRECTION( '', ( -7.22801448323670E-017, 1.00000000000000, 0.000000000000000 ) );
#7986 = DIRECTION( '', ( 0.000000000000000, 0.000000000000000, -1.00000000000000 ) );
#7987 = DIRECTION( '', ( -7.22801448323670E-017, 1.00000000000000, 0.000000000000000 ) );
#7988 = CARTESIAN_POINT( '', ( -1.02500000000000, 1.80000000000000, -0.100000000000000 ) );
#7989 = DIRECTION( '', ( -1.00000000000000, -7.22801448323670E-017, 0.000000000000000 ) );
#7990 = DIRECTION( '', ( 7.22801448323670E-017, -1.00000000000000, 0.000000000000000 ) );
#7991 = CARTESIAN_POINT( '', ( -2.22500000000000, 1.80000000000000, -0.100000000000000 ) );
#7992 = DIRECTION( '', ( 1.00000000000000, 0.000000000000000, 0.000000000000000 ) );
#7993 = DIRECTION( '', ( 0.000000000000000, 0.000000000000000, -1.00000000000000 ) );
#7994 = DIRECTION( '', ( -1.00000000000000, -1.44560289664734E-016, 0.000000000000000 ) );
#7995 = DIRECTION( '', ( 0.000000000000000, -1.00000000000000, 0.000000000000000 ) );
#7996 = CARTESIAN_POINT( '', ( -2.22500000000000, 1.80000000000000, -0.100000000000000 ) );
#7997 = DIRECTION( '', ( 1.00000000000000, 0.000000000000000, 0.000000000000000 ) );
#7998 = DIRECTION( '', ( 0.000000000000000, 0.000000000000000, -1.00000000000000 ) );
#7999 = DIRECTION( '', ( 0.000000000000000, -1.00000000000000, 0.000000000000000 ) );
#8000 = DIRECTION( '', ( 0.000000000000000, 0.000000000000000, 1.00000000000000 ) );
#8001 = DIRECTION( '', ( 0.000000000000000, -1.00000000000000, 0.000000000000000 ) );
#8002 = DIRECTION( '', ( -1.00000000000000, 0.000000000000000, 0.000000000000000 ) );
#8003 = DIRECTION( '', ( -1.00000000000000, -1.44560289664734E-016, 0.000000000000000 ) );
#8004 = DIRECTION( '', ( -1.00000000000000, 0.000000000000000, 0.000000000000000 ) );
#8005 = DIRECTION( '', ( 0.000000000000000, -1.00000000000000, 0.000000000000000 ) );
#8006 = DIRECTION( '', ( -1.00000000000000, -1.44560289664734E-016, 0.000000000000000 ) );
#8007 = DIRECTION( '', ( 0.000000000000000, -1.00000000000000, 0.000000000000000 ) );
#8008 = DIRECTION( '', ( -1.00000000000000, -1.44560289664734E-016, 0.000000000000000 ) );
#8009 = DIRECTION( '', ( 0.000000000000000, 0.000000000000000, -1.00000000000000 ) );
#8010 = DIRECTION( '', ( -1.00000000000000, -1.44560289664734E-016, 0.000000000000000 ) );
#8011 = DIRECTION( '', ( 1.54886024640786E-015, 2.23903685870912E-031, -1.00000000000000 ) );
#8012 = DIRECTION( '', ( 0.000000000000000, 1.00000000000000, 0.000000000000000 ) );
#8013 = DIRECTION( '', ( -1.00000000000000, -1.44560289664734E-016, 0.000000000000000 ) );
#8014 = DIRECTION( '', ( 0.000000000000000, 1.00000000000000, 0.000000000000000 ) );
#8015 = CARTESIAN_POINT( '', ( -2.12500000000000, 2.10000000000000, -0.500000000000000 ) );
#8016 = DIRECTION( '', ( 1.00000000000000, 0.000000000000000, 0.000000000000000 ) );
#8017 = DIRECTION( '', ( 0.000000000000000, 0.000000000000000, -1.00000000000000 ) );
#8018 = CARTESIAN_POINT( '', ( -1.12500000000000, 2.10000000000000, -0.500000000000000 ) );
#8019 = DIRECTION( '', ( 1.00000000000000, 0.000000000000000, 1.54886024640786E-015 ) );
#8020 = DIRECTION( '', ( 1.54886024640786E-015, 0.000000000000000, -1.00000000000000 ) );
#8021 = CARTESIAN_POINT( '', ( -2.12500000000000, 2.10000000000000, -0.500000000000000 ) );
#8022 = DIRECTION( '', ( 1.00000000000000, 0.000000000000000, 0.000000000000000 ) );
#8023 = DIRECTION( '', ( 0.000000000000000, 0.000000000000000, -1.00000000000000 ) );
#8024 = CARTESIAN_POINT( '', ( -1.12500000000000, 2.10000000000000, -0.500000000000000 ) );
#8025 = DIRECTION( '', ( 1.00000000000000, 0.000000000000000, 1.54886024640786E-015 ) );
#8026 = DIRECTION( '', ( 1.54886024640786E-015, 0.000000000000000, -1.00000000000000 ) );
#8027 = DIRECTION( '', ( 0.000000000000000, -1.00000000000000, 0.000000000000000 ) );
#8028 = DIRECTION( '', ( 0.000000000000000, -1.00000000000000, 0.000000000000000 ) );
#8029 = DIRECTION( '', ( 0.000000000000000, -1.00000000000000, 0.000000000000000 ) );
#8030 = DIRECTION( '', ( 1.00000000000000, -1.44560289664734E-016, 0.000000000000000 ) );
#8031 = DIRECTION( '', ( 7.22801448323670E-017, 1.00000000000000, 0.000000000000000 ) );
#8032 = DIRECTION( '', ( -1.00000000000000, 0.000000000000000, 0.000000000000000 ) );
#8033 = DIRECTION( '', ( 1.80700362080917E-016, 1.00000000000000, 0.000000000000000 ) );
#8034 = DIRECTION( '', ( 0.000000000000000, 0.000000000000000, -1.00000000000000 ) );
#8035 = CARTESIAN_POINT( '', ( 2.22500000000000, -1.80000000000000, -0.100000000000000 ) );
#8036 = DIRECTION( '', ( 1.00000000000000, 0.000000000000000, 0.000000000000000 ) );
#8037 = DIRECTION( '', ( 0.000000000000000, 0.000000000000000, -1.00000000000000 ) );
#8038 = DIRECTION( '', ( 0.000000000000000, 0.000000000000000, -1.00000000000000 ) );
#8039 = DIRECTION( '', ( 0.000000000000000, -1.00000000000000, 0.000000000000000 ) );
#8040 = CARTESIAN_POINT( '', ( 2.22500000000000, -1.80000000000000, -0.100000000000000 ) );
#8041 = DIRECTION( '', ( 1.00000000000000, 0.000000000000000, 0.000000000000000 ) );
#8042 = DIRECTION( '', ( 0.000000000000000, 0.000000000000000, -1.00000000000000 ) );
#8043 = DIRECTION( '', ( 0.000000000000000, 0.000000000000000, 1.00000000000000 ) );
#8044 = CARTESIAN_POINT( '', ( 1.02500000000000, -1.80000000000000, -0.100000000000000 ) );
#8045 = DIRECTION( '', ( -1.00000000000000, 7.22801448323670E-017, 0.000000000000000 ) );
#8046 = DIRECTION( '', ( -7.22801448323670E-017, -1.00000000000000, 0.000000000000000 ) );
#8047 = DIRECTION( '', ( 1.00000000000000, -1.44560289664734E-016, 0.000000000000000 ) );
#8048 = DIRECTION( '', ( -7.22801448323670E-017, -1.00000000000000, -1.62630325872825E-016 ) );
#8049 = DIRECTION( '', ( 0.000000000000000, 0.000000000000000, 1.00000000000000 ) );
#8050 = CARTESIAN_POINT( '', ( 1.02500000000000, -1.80000000000000, -0.100000000000000 ) );
#8051 = DIRECTION( '', ( -1.00000000000000, 7.22801448323670E-017, 0.000000000000000 ) );
#8052 = DIRECTION( '', ( -7.22801448323670E-017, -1.00000000000000, 0.000000000000000 ) );
#8053 = DIRECTION( '', ( 7.22801448323670E-017, 1.00000000000000, 0.000000000000000 ) );
#8054 = DIRECTION( '', ( 0.000000000000000, 0.000000000000000, 1.00000000000000 ) );
#8055 = DIRECTION( '', ( 0.000000000000000, 0.000000000000000, -1.00000000000000 ) );
#8056 = DIRECTION( '', ( -1.00000000000000, 0.000000000000000, 0.000000000000000 ) );
#8057 = DIRECTION( '', ( 1.00000000000000, -1.44560289664734E-016, 0.000000000000000 ) );
#8058 = DIRECTION( '', ( 1.00000000000000, -1.44560289664734E-016, 0.000000000000000 ) );
#8059 = DIRECTION( '', ( 0.000000000000000, 0.000000000000000, 1.00000000000000 ) );
#8060 = DIRECTION( '', ( 1.00000000000000, -1.44560289664734E-016, 0.000000000000000 ) );
#8061 = DIRECTION( '', ( 0.000000000000000, 0.000000000000000, -1.00000000000000 ) );
#8062 = DIRECTION( '', ( -0.554700196225229, 8.01876210434039E-017, -0.832050294337844 ) );
#8063 = DIRECTION( '', ( -0.554700196225229, 8.01876210434038E-017, 0.832050294337843 ) );
#8064 = DIRECTION( '', ( 1.80700362080917E-016, 1.00000000000000, 0.000000000000000 ) );
#8065 = DIRECTION( '', ( 0.554700196225229, -1.00234526304255E-016, 0.832050294337844 ) );
#8066 = DIRECTION( '', ( 0.000000000000000, 0.000000000000000, 1.00000000000000 ) );
#8067 = DIRECTION( '', ( 1.00000000000000, -1.44560289664734E-016, 0.000000000000000 ) );
#8068 = DIRECTION( '', ( 0.000000000000000, 0.000000000000000, -1.00000000000000 ) );
#8069 = DIRECTION( '', ( 0.554700196225229, -1.00234526304255E-016, -0.832050294337843 ) );
#8070 = DIRECTION( '', ( 1.80700362080917E-016, 1.00000000000000, 0.000000000000000 ) );
#8071 = DIRECTION( '', ( 1.80700362080917E-016, 1.00000000000000, 0.000000000000000 ) );
#8072 = DIRECTION( '', ( 0.000000000000000, 0.000000000000000, 1.00000000000000 ) );
#8073 = DIRECTION( '', ( 1.80700362080917E-016, 1.00000000000000, 0.000000000000000 ) );
#8074 = CARTESIAN_POINT( '', ( 1.12500000000000, -2.10000000000000, -0.500000000000000 ) );
#8075 = DIRECTION( '', ( 1.00000000000000, -1.80700362080917E-016, 0.000000000000000 ) );
#8076 = DIRECTION( '', ( 1.80700362080917E-016, 1.00000000000000, 0.000000000000000 ) );
#8077 = CARTESIAN_POINT( '', ( 1.12500000000000, -2.10000000000000, -0.500000000000000 ) );
#8078 = DIRECTION( '', ( 1.00000000000000, -1.80700362080917E-016, 0.000000000000000 ) );
#8079 = DIRECTION( '', ( 1.80700362080917E-016, 1.00000000000000, 0.000000000000000 ) );
#8080 = DIRECTION( '', ( 1.00000000000000, -1.44560289664734E-016, 0.000000000000000 ) );
#8081 = CARTESIAN_POINT( '', ( 2.12500000000000, -2.10000000000000, -0.500000000000000 ) );
#8082 = DIRECTION( '', ( -1.00000000000000, 1.80700362080917E-016, 0.000000000000000 ) );
#8083 = DIRECTION( '', ( -1.80700362080917E-016, -1.00000000000000, 0.000000000000000 ) );
#8084 = DIRECTION( '', ( -1.80700362080917E-016, -1.00000000000000, 0.000000000000000 ) );
#8085 = DIRECTION( '', ( 0.000000000000000, 0.000000000000000, -1.00000000000000 ) );
#8086 = DIRECTION( '', ( 1.80700362080917E-016, 1.00000000000000, 0.000000000000000 ) );
#8087 = CARTESIAN_POINT( '', ( 2.12500000000000, -2.10000000000000, -0.500000000000000 ) );
#8088 = DIRECTION( '', ( -1.00000000000000, 1.80700362080917E-016, 0.000000000000000 ) );
#8089 = DIRECTION( '', ( -1.80700362080917E-016, -1.00000000000000, 0.000000000000000 ) );
#8090 = DIRECTION( '', ( 1.00000000000000, -1.44560289664734E-016, 0.000000000000000 ) );
#8091 = DIRECTION( '', ( 1.00000000000000, -1.44560289664734E-016, 0.000000000000000 ) );
#8092 = DIRECTION( '', ( 1.00000000000000, -1.44560289664734E-016, 0.000000000000000 ) );
#8093 = CARTESIAN_POINT( '', ( 2.12500000000000, 2.10000000000000, -0.500000000000000 ) );
#8094 = DIRECTION( '', ( 1.00000000000000, 0.000000000000000, 0.000000000000000 ) );
#8095 = DIRECTION( '', ( 0.000000000000000, 0.000000000000000, -1.00000000000000 ) );
#8096 = DIRECTION( '', ( 1.00000000000000, -1.44560289664734E-016, 0.000000000000000 ) );
#8097 = CARTESIAN_POINT( '', ( 1.12500000000000, 2.10000000000000, -0.500000000000000 ) );
#8098 = DIRECTION( '', ( 1.00000000000000, 0.000000000000000, -1.54886024640786E-015 ) );
#8099 = DIRECTION( '', ( -1.54886024640786E-015, 0.000000000000000, -1.00000000000000 ) );
#8100 = DIRECTION( '', ( 1.00000000000000, -1.44560289664734E-016, 0.000000000000000 ) );
#8101 = DIRECTION( '', ( 0.000000000000000, 0.000000000000000, 1.00000000000000 ) );
#8102 = DIRECTION( '', ( 0.554700196225230, -8.01876210434040E-017, 0.832050294337843 ) );
#8103 = DIRECTION( '', ( 0.000000000000000, 0.000000000000000, 1.00000000000000 ) );
#8104 = DIRECTION( '', ( 1.00000000000000, -1.44560289664734E-016, 0.000000000000000 ) );
#8105 = DIRECTION( '', ( 0.000000000000000, 0.000000000000000, 1.00000000000000 ) );
#8106 = DIRECTION( '', ( -0.554700196225229, 8.01876210434039E-017, 0.832050294337844 ) );
#8107 = DIRECTION( '', ( 1.54886024640786E-015, -2.23903685870912E-031, 1.00000000000000 ) );
#8108 = DIRECTION( '', ( 0.000000000000000, -1.00000000000000, 0.000000000000000 ) );
#8109 = DIRECTION( '', ( 0.000000000000000, -1.00000000000000, 0.000000000000000 ) );
#8110 = DIRECTION( '', ( 1.00000000000000, -1.44560289664734E-016, 0.000000000000000 ) );
#8111 = DIRECTION( '', ( 0.000000000000000, 0.000000000000000, -1.00000000000000 ) );
#8112 = DIRECTION( '', ( -1.54886024640786E-015, 2.23903685870912E-031, -1.00000000000000 ) );
#8113 = DIRECTION( '', ( 1.00000000000000, -1.44560289664734E-016, 0.000000000000000 ) );
#8114 = DIRECTION( '', ( 0.000000000000000, 1.00000000000000, 0.000000000000000 ) );
#8115 = DIRECTION( '', ( 0.000000000000000, 1.00000000000000, 0.000000000000000 ) );
#8116 = DIRECTION( '', ( 1.00000000000000, -1.44560289664734E-016, 0.000000000000000 ) );
#8117 = DIRECTION( '', ( 0.000000000000000, 0.000000000000000, -1.00000000000000 ) );
#8118 = DIRECTION( '', ( 1.00000000000000, -1.44560289664734E-016, 0.000000000000000 ) );
#8119 = DIRECTION( '', ( -1.54886024640786E-015, 2.23903685870912E-031, -1.00000000000000 ) );
#8120 = DIRECTION( '', ( 0.554700196225229, -8.01876210434039E-017, -0.832050294337844 ) );
#8121 = DIRECTION( '', ( 0.000000000000000, 0.000000000000000, -1.00000000000000 ) );
#8122 = DIRECTION( '', ( 1.00000000000000, -1.44560289664734E-016, 0.000000000000000 ) );
#8123 = DIRECTION( '', ( 0.000000000000000, 0.000000000000000, -1.00000000000000 ) );
#8124 = DIRECTION( '', ( -0.554700196225230, 8.01876210434040E-017, -0.832050294337843 ) );
#8125 = DIRECTION( '', ( 0.000000000000000, -1.00000000000000, 0.000000000000000 ) );
#8126 = CARTESIAN_POINT( '', ( 1.02500000000000, 1.80000000000000, -0.100000000000000 ) );
#8127 = DIRECTION( '', ( -1.00000000000000, 7.22801448323670E-017, 0.000000000000000 ) );
#8128 = DIRECTION( '', ( -7.22801448323670E-017, -1.00000000000000, 0.000000000000000 ) );
#8129 = DIRECTION( '', ( 7.22801448323670E-017, 1.00000000000000, 0.000000000000000 ) );
#8130 = DIRECTION( '', ( 0.000000000000000, 0.000000000000000, -1.00000000000000 ) );
#8131 = DIRECTION( '', ( 7.22801448323670E-017, 1.00000000000000, 0.000000000000000 ) );
#8132 = CARTESIAN_POINT( '', ( 1.02500000000000, 1.80000000000000, -0.100000000000000 ) );
#8133 = DIRECTION( '', ( -1.00000000000000, 7.22801448323670E-017, 0.000000000000000 ) );
#8134 = DIRECTION( '', ( -7.22801448323670E-017, -1.00000000000000, 0.000000000000000 ) );
#8135 = DIRECTION( '', ( 1.00000000000000, 0.000000000000000, 0.000000000000000 ) );
#8136 = DIRECTION( '', ( 0.000000000000000, -1.00000000000000, 0.000000000000000 ) );
#8137 = DIRECTION( '', ( 1.00000000000000, -1.44560289664734E-016, 0.000000000000000 ) );
#8138 = DIRECTION( '', ( 0.000000000000000, -1.00000000000000, 0.000000000000000 ) );
#8139 = DIRECTION( '', ( 1.00000000000000, 0.000000000000000, 0.000000000000000 ) );
#8140 = DIRECTION( '', ( 1.00000000000000, -1.44560289664734E-016, 0.000000000000000 ) );
#8141 = CARTESIAN_POINT( '', ( 2.22500000000000, 1.80000000000000, -0.100000000000000 ) );
#8142 = DIRECTION( '', ( 1.00000000000000, 0.000000000000000, 0.000000000000000 ) );
#8143 = DIRECTION( '', ( 0.000000000000000, 0.000000000000000, -1.00000000000000 ) );
#8144 = DIRECTION( '', ( 0.000000000000000, 0.000000000000000, 1.00000000000000 ) );
#8145 = CARTESIAN_POINT( '', ( 2.22500000000000, 1.80000000000000, -0.100000000000000 ) );
#8146 = DIRECTION( '', ( 1.00000000000000, 0.000000000000000, 0.000000000000000 ) );
#8147 = DIRECTION( '', ( 0.000000000000000, 0.000000000000000, -1.00000000000000 ) );
#8148 = DIRECTION( '', ( 0.000000000000000, -1.00000000000000, 0.000000000000000 ) );
#8149 = CARTESIAN_POINT( '', ( 1.12500000000000, 2.10000000000000, -0.500000000000000 ) );
#8150 = DIRECTION( '', ( 1.00000000000000, 0.000000000000000, -1.54886024640786E-015 ) );
#8151 = DIRECTION( '', ( -1.54886024640786E-015, 0.000000000000000, -1.00000000000000 ) );
#8152 = CARTESIAN_POINT( '', ( 2.12500000000000, 2.10000000000000, -0.500000000000000 ) );
#8153 = DIRECTION( '', ( 1.00000000000000, 0.000000000000000, 0.000000000000000 ) );
#8154 = DIRECTION( '', ( 0.000000000000000, 0.000000000000000, -1.00000000000000 ) );
#8155 = DIRECTION( '', ( 0.000000000000000, -1.00000000000000, 0.000000000000000 ) );
#8156 = DIRECTION( '', ( 0.000000000000000, -1.00000000000000, 0.000000000000000 ) );
ENDSEC;
END-ISO-10303-21;
