ISO-10303-21;
HEADER;
FILE_DESCRIPTION( ( 'Unknown' ), '1' );
FILE_NAME( 'I:/User_Groups_Only/17_EMC_Product_&_Development/Article_Master/Ut_Transformer_Power/UtPFC/Master_Data/01_CAD_drawing/1_Drawing/EFD25_760801031/Released_data/760801031.stp', 'Unknown', ( 'Unknown' ), ( 'Unknown' ), 'PSStep 13.0', 'Unknown', '  ' );
FILE_SCHEMA( ( 'AUTOMOTIVE_DESIGN { 1 0 10303 214 1 1 1 1 }' ) );
ENDSEC;
DATA;
#1 = MECHANICAL_DESIGN_GEOMETRIC_PRESENTATION_REPRESENTATION( ' ', ( #14, #15, #16, #17, #18, #19, #20, #21, #22, #23, #24, #25, #26, #27, #28, #29, #30, #31, #32, #33, #34, #35, #36, #37, #38, #39, #40, #41, #42, #43, #44, #45, #46, #47, #48, #49, #50, #51, #52, #53, #54, #55, #56, #57, #58, #59, #60, #61, #62, #63, #64, #65, #66, #67, #68, #69, #70, #71, #72, #73, #74, #75, #76, #77, #78, #79, #80, #81, #82, #83, #84, #85, #86, #87, #88, #89, #90, #91, #92, #93, #94, #95, #96, #97, #98, #99, #100, #101, #102, #103, #104, #105, #106, #107, #108, #109, #110, #111, #112, #113, #114, #115, #116, #117, #118, #119, #120, #121, #122, #123, #124, #125, #126, #127, #128, #129, #130, #131, #132, #133, #134, #135, #136, #137, #138, #139, #140, #141, #142, #143, #144, #145, #146, #147, #148, #149, #150, #151, #152, #153, #154, #155, #156, #157, #158, #159, #160, #161, #162, #163, #164, #165, #166, #167, #168, #169, #170, #171, #172, #173, #174, #175 ), #10 );
#2 = PRODUCT_DEFINITION_CONTEXT( '', #176, 'design' );
#3 = APPLICATION_PROTOCOL_DEFINITION( 'international standard', 'automotive_design', 2001, #176 );
#4 = PRODUCT_CATEGORY_RELATIONSHIP( 'NONE', 'NONE', #177, #178 );
#5 = SHAPE_DEFINITION_REPRESENTATION( #179, #180 );
#6 = PRODUCT_CATEGORY_RELATIONSHIP( 'NONE', 'NONE', #177, #181 );
#7 = SHAPE_DEFINITION_REPRESENTATION( #182, #183 );
#8 = PRODUCT_CATEGORY_RELATIONSHIP( 'NONE', 'NONE', #177, #184 );
#9 = SHAPE_DEFINITION_REPRESENTATION( #185, #186 );
#10 =  ( GEOMETRIC_REPRESENTATION_CONTEXT( 3 )GLOBAL_UNCERTAINTY_ASSIGNED_CONTEXT( ( #189 ) )GLOBAL_UNIT_ASSIGNED_CONTEXT( ( #191, #192, #193 ) )REPRESENTATION_CONTEXT( 'NONE', 'WORKSPACE' ) );
#14 = STYLED_ITEM( '', ( #195 ), #196 );
#15 = STYLED_ITEM( '', ( #197 ), #198 );
#16 = STYLED_ITEM( '', ( #199 ), #200 );
#17 = STYLED_ITEM( '', ( #201 ), #202 );
#18 = STYLED_ITEM( '', ( #203 ), #204 );
#19 = STYLED_ITEM( '', ( #205 ), #206 );
#20 = STYLED_ITEM( '', ( #207 ), #208 );
#21 = STYLED_ITEM( '', ( #209 ), #210 );
#22 = STYLED_ITEM( '', ( #211 ), #212 );
#23 = STYLED_ITEM( '', ( #213 ), #214 );
#24 = STYLED_ITEM( '', ( #215 ), #216 );
#25 = STYLED_ITEM( '', ( #217 ), #218 );
#26 = STYLED_ITEM( '', ( #219 ), #220 );
#27 = STYLED_ITEM( '', ( #221 ), #222 );
#28 = STYLED_ITEM( '', ( #223 ), #224 );
#29 = STYLED_ITEM( '', ( #225 ), #226 );
#30 = STYLED_ITEM( '', ( #227 ), #228 );
#31 = STYLED_ITEM( '', ( #229 ), #230 );
#32 = STYLED_ITEM( '', ( #231 ), #232 );
#33 = STYLED_ITEM( '', ( #233 ), #234 );
#34 = STYLED_ITEM( '', ( #235 ), #236 );
#35 = STYLED_ITEM( '', ( #237 ), #238 );
#36 = STYLED_ITEM( '', ( #239 ), #240 );
#37 = STYLED_ITEM( '', ( #241 ), #242 );
#38 = STYLED_ITEM( '', ( #243 ), #244 );
#39 = STYLED_ITEM( '', ( #245 ), #246 );
#40 = STYLED_ITEM( '', ( #247 ), #248 );
#41 = STYLED_ITEM( '', ( #249 ), #250 );
#42 = STYLED_ITEM( '', ( #251 ), #252 );
#43 = STYLED_ITEM( '', ( #253 ), #254 );
#44 = STYLED_ITEM( '', ( #255 ), #256 );
#45 = STYLED_ITEM( '', ( #257 ), #258 );
#46 = STYLED_ITEM( '', ( #259 ), #260 );
#47 = STYLED_ITEM( '', ( #261 ), #262 );
#48 = STYLED_ITEM( '', ( #263 ), #264 );
#49 = STYLED_ITEM( '', ( #265 ), #266 );
#50 = STYLED_ITEM( '', ( #267 ), #268 );
#51 = STYLED_ITEM( '', ( #269 ), #270 );
#52 = STYLED_ITEM( '', ( #271 ), #272 );
#53 = STYLED_ITEM( '', ( #273 ), #274 );
#54 = STYLED_ITEM( '', ( #275 ), #276 );
#55 = STYLED_ITEM( '', ( #277 ), #278 );
#56 = STYLED_ITEM( '', ( #279 ), #280 );
#57 = STYLED_ITEM( '', ( #281 ), #282 );
#58 = STYLED_ITEM( '', ( #283 ), #284 );
#59 = STYLED_ITEM( '', ( #285 ), #286 );
#60 = STYLED_ITEM( '', ( #287 ), #288 );
#61 = STYLED_ITEM( '', ( #289 ), #290 );
#62 = STYLED_ITEM( '', ( #291 ), #292 );
#63 = STYLED_ITEM( '', ( #293 ), #294 );
#64 = STYLED_ITEM( '', ( #295 ), #296 );
#65 = STYLED_ITEM( '', ( #297 ), #298 );
#66 = STYLED_ITEM( '', ( #299 ), #300 );
#67 = STYLED_ITEM( '', ( #301 ), #302 );
#68 = STYLED_ITEM( '', ( #303 ), #304 );
#69 = STYLED_ITEM( '', ( #305 ), #306 );
#70 = STYLED_ITEM( '', ( #307 ), #308 );
#71 = STYLED_ITEM( '', ( #309 ), #310 );
#72 = STYLED_ITEM( '', ( #311 ), #312 );
#73 = STYLED_ITEM( '', ( #313 ), #314 );
#74 = STYLED_ITEM( '', ( #315 ), #316 );
#75 = STYLED_ITEM( '', ( #317 ), #318 );
#76 = STYLED_ITEM( '', ( #319 ), #320 );
#77 = STYLED_ITEM( '', ( #321 ), #322 );
#78 = STYLED_ITEM( '', ( #323 ), #324 );
#79 = STYLED_ITEM( '', ( #325 ), #326 );
#80 = STYLED_ITEM( '', ( #327 ), #328 );
#81 = STYLED_ITEM( '', ( #329 ), #330 );
#82 = STYLED_ITEM( '', ( #331 ), #332 );
#83 = STYLED_ITEM( '', ( #333 ), #334 );
#84 = STYLED_ITEM( '', ( #335 ), #336 );
#85 = STYLED_ITEM( '', ( #337 ), #338 );
#86 = STYLED_ITEM( '', ( #339 ), #340 );
#87 = STYLED_ITEM( '', ( #341 ), #342 );
#88 = STYLED_ITEM( '', ( #343 ), #344 );
#89 = STYLED_ITEM( '', ( #345 ), #346 );
#90 = STYLED_ITEM( '', ( #347 ), #348 );
#91 = STYLED_ITEM( '', ( #349 ), #350 );
#92 = STYLED_ITEM( '', ( #351 ), #352 );
#93 = STYLED_ITEM( '', ( #353 ), #354 );
#94 = STYLED_ITEM( '', ( #355 ), #356 );
#95 = STYLED_ITEM( '', ( #357 ), #358 );
#96 = STYLED_ITEM( '', ( #359 ), #360 );
#97 = STYLED_ITEM( '', ( #361 ), #362 );
#98 = STYLED_ITEM( '', ( #363 ), #364 );
#99 = STYLED_ITEM( '', ( #365 ), #366 );
#100 = STYLED_ITEM( '', ( #367 ), #368 );
#101 = STYLED_ITEM( '', ( #369 ), #370 );
#102 = STYLED_ITEM( '', ( #371 ), #372 );
#103 = STYLED_ITEM( '', ( #373 ), #374 );
#104 = STYLED_ITEM( '', ( #375 ), #376 );
#105 = STYLED_ITEM( '', ( #377 ), #378 );
#106 = STYLED_ITEM( '', ( #379 ), #380 );
#107 = STYLED_ITEM( '', ( #381 ), #382 );
#108 = STYLED_ITEM( '', ( #383 ), #384 );
#109 = STYLED_ITEM( '', ( #385 ), #386 );
#110 = STYLED_ITEM( '', ( #387 ), #388 );
#111 = STYLED_ITEM( '', ( #389 ), #390 );
#112 = STYLED_ITEM( '', ( #391 ), #392 );
#113 = STYLED_ITEM( '', ( #393 ), #394 );
#114 = STYLED_ITEM( '', ( #395 ), #396 );
#115 = STYLED_ITEM( '', ( #397 ), #398 );
#116 = STYLED_ITEM( '', ( #399 ), #400 );
#117 = STYLED_ITEM( '', ( #401 ), #402 );
#118 = STYLED_ITEM( '', ( #403 ), #404 );
#119 = STYLED_ITEM( '', ( #405 ), #406 );
#120 = STYLED_ITEM( '', ( #407 ), #408 );
#121 = STYLED_ITEM( '', ( #409 ), #410 );
#122 = STYLED_ITEM( '', ( #411 ), #412 );
#123 = STYLED_ITEM( '', ( #413 ), #414 );
#124 = STYLED_ITEM( '', ( #415 ), #416 );
#125 = STYLED_ITEM( '', ( #417 ), #418 );
#126 = STYLED_ITEM( '', ( #419 ), #420 );
#127 = STYLED_ITEM( '', ( #421 ), #422 );
#128 = STYLED_ITEM( '', ( #423 ), #424 );
#129 = STYLED_ITEM( '', ( #425 ), #426 );
#130 = STYLED_ITEM( '', ( #427 ), #428 );
#131 = STYLED_ITEM( '', ( #429 ), #430 );
#132 = STYLED_ITEM( '', ( #431 ), #432 );
#133 = STYLED_ITEM( '', ( #433 ), #434 );
#134 = STYLED_ITEM( '', ( #435 ), #436 );
#135 = STYLED_ITEM( '', ( #437 ), #438 );
#136 = STYLED_ITEM( '', ( #439 ), #440 );
#137 = STYLED_ITEM( '', ( #441 ), #442 );
#138 = STYLED_ITEM( '', ( #443 ), #444 );
#139 = STYLED_ITEM( '', ( #445 ), #446 );
#140 = STYLED_ITEM( '', ( #447 ), #448 );
#141 = STYLED_ITEM( '', ( #449 ), #450 );
#142 = STYLED_ITEM( '', ( #451 ), #452 );
#143 = STYLED_ITEM( '', ( #453 ), #454 );
#144 = STYLED_ITEM( '', ( #455 ), #456 );
#145 = STYLED_ITEM( '', ( #457 ), #458 );
#146 = STYLED_ITEM( '', ( #459 ), #460 );
#147 = STYLED_ITEM( '', ( #461 ), #462 );
#148 = STYLED_ITEM( '', ( #463 ), #464 );
#149 = STYLED_ITEM( '', ( #465 ), #466 );
#150 = STYLED_ITEM( '', ( #467 ), #468 );
#151 = STYLED_ITEM( '', ( #469 ), #470 );
#152 = STYLED_ITEM( '', ( #471 ), #472 );
#153 = STYLED_ITEM( '', ( #473 ), #474 );
#154 = STYLED_ITEM( '', ( #475 ), #476 );
#155 = STYLED_ITEM( '', ( #477 ), #478 );
#156 = STYLED_ITEM( '', ( #479 ), #480 );
#157 = STYLED_ITEM( '', ( #481 ), #482 );
#158 = STYLED_ITEM( '', ( #483 ), #484 );
#159 = STYLED_ITEM( '', ( #485 ), #486 );
#160 = STYLED_ITEM( '', ( #487 ), #488 );
#161 = STYLED_ITEM( '', ( #489 ), #490 );
#162 = STYLED_ITEM( '', ( #491 ), #492 );
#163 = STYLED_ITEM( '', ( #493 ), #494 );
#164 = STYLED_ITEM( '', ( #495 ), #496 );
#165 = STYLED_ITEM( '', ( #497 ), #498 );
#166 = STYLED_ITEM( '', ( #499 ), #500 );
#167 = STYLED_ITEM( '', ( #501 ), #502 );
#168 = STYLED_ITEM( '', ( #503 ), #504 );
#169 = STYLED_ITEM( '', ( #505 ), #506 );
#170 = STYLED_ITEM( '', ( #507 ), #508 );
#171 = STYLED_ITEM( '', ( #509 ), #510 );
#172 = STYLED_ITEM( '', ( #511 ), #512 );
#173 = STYLED_ITEM( '', ( #513 ), #514 );
#174 = STYLED_ITEM( '', ( #515 ), #516 );
#175 = STYLED_ITEM( '', ( #517 ), #518 );
#176 = APPLICATION_CONTEXT( 'core data for automotive mechanical design processes' );
#177 = PRODUCT_CATEGORY( 'part', 'NONE' );
#178 = PRODUCT_RELATED_PRODUCT_CATEGORY( 'detail', ' ', ( #519 ) );
#179 = PRODUCT_DEFINITION_SHAPE( 'NONE', 'NONE', #520 );
#180 = ADVANCED_BREP_SHAPE_REPRESENTATION( 'Assem1', ( #521, #522, #523, #524 ), #10 );
#181 = PRODUCT_RELATED_PRODUCT_CATEGORY( 'detail', ' ', ( #525 ) );
#182 = PRODUCT_DEFINITION_SHAPE( 'NONE', 'NONE', #526 );
#183 = ADVANCED_BREP_SHAPE_REPRESENTATION( 'bobbin', ( #527 ), #10 );
#184 = PRODUCT_RELATED_PRODUCT_CATEGORY( 'detail', ' ', ( #528 ) );
#185 = PRODUCT_DEFINITION_SHAPE( 'NONE', 'NONE', #529 );
#186 = ADVANCED_BREP_SHAPE_REPRESENTATION( 'EFD25-13-9_core', ( #530 ), #10 );
#189 = UNCERTAINTY_MEASURE_WITH_UNIT( LENGTH_MEASURE( 0.00100000000000000 ), #191, '', '' );
#191 =  ( CONVERSION_BASED_UNIT( 'MILLIMETRE', #533 )LENGTH_UNIT(  )NAMED_UNIT( #536 ) );
#192 =  ( NAMED_UNIT( #538 )PLANE_ANGLE_UNIT(  )SI_UNIT( $, .RADIAN. ) );
#193 =  ( NAMED_UNIT( #538 )SI_UNIT( $, .STERADIAN. )SOLID_ANGLE_UNIT(  ) );
#195 = PRESENTATION_STYLE_ASSIGNMENT( ( #544 ) );
#196 = ADVANCED_FACE( '', ( #545 ), #546, .T. );
#197 = PRESENTATION_STYLE_ASSIGNMENT( ( #547 ) );
#198 = ADVANCED_FACE( '', ( #548 ), #549, .T. );
#199 = PRESENTATION_STYLE_ASSIGNMENT( ( #550 ) );
#200 = ADVANCED_FACE( '', ( #551, #552 ), #553, .T. );
#201 = PRESENTATION_STYLE_ASSIGNMENT( ( #554 ) );
#202 = ADVANCED_FACE( '', ( #555, #556 ), #557, .T. );
#203 = PRESENTATION_STYLE_ASSIGNMENT( ( #558 ) );
#204 = ADVANCED_FACE( '', ( #559 ), #560, .T. );
#205 = PRESENTATION_STYLE_ASSIGNMENT( ( #561 ) );
#206 = ADVANCED_FACE( '', ( #562, #563 ), #564, .T. );
#207 = PRESENTATION_STYLE_ASSIGNMENT( ( #565 ) );
#208 = ADVANCED_FACE( '', ( #566, #567 ), #568, .T. );
#209 = PRESENTATION_STYLE_ASSIGNMENT( ( #569 ) );
#210 = ADVANCED_FACE( '', ( #570 ), #571, .T. );
#211 = PRESENTATION_STYLE_ASSIGNMENT( ( #572 ) );
#212 = ADVANCED_FACE( '', ( #573, #574 ), #575, .T. );
#213 = PRESENTATION_STYLE_ASSIGNMENT( ( #576 ) );
#214 = ADVANCED_FACE( '', ( #577 ), #578, .F. );
#215 = PRESENTATION_STYLE_ASSIGNMENT( ( #579 ) );
#216 = ADVANCED_FACE( '', ( #580 ), #581, .T. );
#217 = PRESENTATION_STYLE_ASSIGNMENT( ( #582 ) );
#218 = ADVANCED_FACE( '', ( #583, #584 ), #585, .T. );
#219 = PRESENTATION_STYLE_ASSIGNMENT( ( #586 ) );
#220 = ADVANCED_FACE( '', ( #587 ), #588, .T. );
#221 = PRESENTATION_STYLE_ASSIGNMENT( ( #589 ) );
#222 = ADVANCED_FACE( '', ( #590 ), #591, .T. );
#223 = PRESENTATION_STYLE_ASSIGNMENT( ( #592 ) );
#224 = ADVANCED_FACE( '', ( #593 ), #594, .T. );
#225 = PRESENTATION_STYLE_ASSIGNMENT( ( #595 ) );
#226 = ADVANCED_FACE( '', ( #596 ), #597, .T. );
#227 = PRESENTATION_STYLE_ASSIGNMENT( ( #598 ) );
#228 = ADVANCED_FACE( '', ( #599 ), #600, .T. );
#229 = PRESENTATION_STYLE_ASSIGNMENT( ( #601 ) );
#230 = ADVANCED_FACE( '', ( #602, #603 ), #604, .T. );
#231 = PRESENTATION_STYLE_ASSIGNMENT( ( #605 ) );
#232 = ADVANCED_FACE( '', ( #606 ), #607, .F. );
#233 = PRESENTATION_STYLE_ASSIGNMENT( ( #608 ) );
#234 = ADVANCED_FACE( '', ( #609, #610 ), #611, .T. );
#235 = PRESENTATION_STYLE_ASSIGNMENT( ( #612 ) );
#236 = ADVANCED_FACE( '', ( #613 ), #614, .T. );
#237 = PRESENTATION_STYLE_ASSIGNMENT( ( #615 ) );
#238 = ADVANCED_FACE( '', ( #616 ), #617, .F. );
#239 = PRESENTATION_STYLE_ASSIGNMENT( ( #618 ) );
#240 = ADVANCED_FACE( '', ( #619 ), #620, .F. );
#241 = PRESENTATION_STYLE_ASSIGNMENT( ( #621 ) );
#242 = ADVANCED_FACE( '', ( #622, #623 ), #624, .T. );
#243 = PRESENTATION_STYLE_ASSIGNMENT( ( #625 ) );
#244 = ADVANCED_FACE( '', ( #626, #627 ), #628, .T. );
#245 = PRESENTATION_STYLE_ASSIGNMENT( ( #629 ) );
#246 = ADVANCED_FACE( '', ( #630 ), #631, .F. );
#247 = PRESENTATION_STYLE_ASSIGNMENT( ( #632 ) );
#248 = ADVANCED_FACE( '', ( #633 ), #634, .T. );
#249 = PRESENTATION_STYLE_ASSIGNMENT( ( #635 ) );
#250 = ADVANCED_FACE( '', ( #636 ), #637, .F. );
#251 = PRESENTATION_STYLE_ASSIGNMENT( ( #638 ) );
#252 = ADVANCED_FACE( '', ( #639 ), #640, .T. );
#253 = PRESENTATION_STYLE_ASSIGNMENT( ( #641 ) );
#254 = ADVANCED_FACE( '', ( #642 ), #643, .T. );
#255 = PRESENTATION_STYLE_ASSIGNMENT( ( #644 ) );
#256 = ADVANCED_FACE( '', ( #645 ), #646, .T. );
#257 = PRESENTATION_STYLE_ASSIGNMENT( ( #647 ) );
#258 = ADVANCED_FACE( '', ( #648, #649 ), #650, .T. );
#259 = PRESENTATION_STYLE_ASSIGNMENT( ( #651 ) );
#260 = ADVANCED_FACE( '', ( #652, #653 ), #654, .T. );
#261 = PRESENTATION_STYLE_ASSIGNMENT( ( #655 ) );
#262 = ADVANCED_FACE( '', ( #656 ), #657, .T. );
#263 = PRESENTATION_STYLE_ASSIGNMENT( ( #658 ) );
#264 = ADVANCED_FACE( '', ( #659 ), #660, .T. );
#265 = PRESENTATION_STYLE_ASSIGNMENT( ( #661 ) );
#266 = ADVANCED_FACE( '', ( #662 ), #663, .F. );
#267 = PRESENTATION_STYLE_ASSIGNMENT( ( #664 ) );
#268 = ADVANCED_FACE( '', ( #665 ), #666, .T. );
#269 = PRESENTATION_STYLE_ASSIGNMENT( ( #667 ) );
#270 = ADVANCED_FACE( '', ( #668 ), #669, .F. );
#271 = PRESENTATION_STYLE_ASSIGNMENT( ( #670 ) );
#272 = ADVANCED_FACE( '', ( #671 ), #672, .F. );
#273 = PRESENTATION_STYLE_ASSIGNMENT( ( #673 ) );
#274 = ADVANCED_FACE( '', ( #674 ), #675, .T. );
#275 = PRESENTATION_STYLE_ASSIGNMENT( ( #676 ) );
#276 = ADVANCED_FACE( '', ( #677 ), #678, .F. );
#277 = PRESENTATION_STYLE_ASSIGNMENT( ( #679 ) );
#278 = ADVANCED_FACE( '', ( #680, #681 ), #682, .T. );
#279 = PRESENTATION_STYLE_ASSIGNMENT( ( #683 ) );
#280 = ADVANCED_FACE( '', ( #684 ), #685, .T. );
#281 = PRESENTATION_STYLE_ASSIGNMENT( ( #686 ) );
#282 = ADVANCED_FACE( '', ( #687 ), #688, .F. );
#283 = PRESENTATION_STYLE_ASSIGNMENT( ( #689 ) );
#284 = ADVANCED_FACE( '', ( #690 ), #691, .T. );
#285 = PRESENTATION_STYLE_ASSIGNMENT( ( #692 ) );
#286 = ADVANCED_FACE( '', ( #693 ), #694, .F. );
#287 = PRESENTATION_STYLE_ASSIGNMENT( ( #695 ) );
#288 = ADVANCED_FACE( '', ( #696 ), #697, .T. );
#289 = PRESENTATION_STYLE_ASSIGNMENT( ( #698 ) );
#290 = ADVANCED_FACE( '', ( #699 ), #700, .T. );
#291 = PRESENTATION_STYLE_ASSIGNMENT( ( #701 ) );
#292 = ADVANCED_FACE( '', ( #702 ), #703, .T. );
#293 = PRESENTATION_STYLE_ASSIGNMENT( ( #704 ) );
#294 = ADVANCED_FACE( '', ( #705 ), #706, .F. );
#295 = PRESENTATION_STYLE_ASSIGNMENT( ( #707 ) );
#296 = ADVANCED_FACE( '', ( #708 ), #709, .T. );
#297 = PRESENTATION_STYLE_ASSIGNMENT( ( #710 ) );
#298 = ADVANCED_FACE( '', ( #711 ), #712, .T. );
#299 = PRESENTATION_STYLE_ASSIGNMENT( ( #713 ) );
#300 = ADVANCED_FACE( '', ( #714, #715 ), #716, .T. );
#301 = PRESENTATION_STYLE_ASSIGNMENT( ( #717 ) );
#302 = ADVANCED_FACE( '', ( #718 ), #719, .T. );
#303 = PRESENTATION_STYLE_ASSIGNMENT( ( #720 ) );
#304 = ADVANCED_FACE( '', ( #721, #722 ), #723, .T. );
#305 = PRESENTATION_STYLE_ASSIGNMENT( ( #724 ) );
#306 = ADVANCED_FACE( '', ( #725 ), #726, .F. );
#307 = PRESENTATION_STYLE_ASSIGNMENT( ( #727 ) );
#308 = ADVANCED_FACE( '', ( #728 ), #729, .F. );
#309 = PRESENTATION_STYLE_ASSIGNMENT( ( #730 ) );
#310 = ADVANCED_FACE( '', ( #731 ), #732, .T. );
#311 = PRESENTATION_STYLE_ASSIGNMENT( ( #733 ) );
#312 = ADVANCED_FACE( '', ( #734 ), #735, .F. );
#313 = PRESENTATION_STYLE_ASSIGNMENT( ( #736 ) );
#314 = ADVANCED_FACE( '', ( #737 ), #738, .T. );
#315 = PRESENTATION_STYLE_ASSIGNMENT( ( #739 ) );
#316 = ADVANCED_FACE( '', ( #740 ), #741, .T. );
#317 = PRESENTATION_STYLE_ASSIGNMENT( ( #742 ) );
#318 = ADVANCED_FACE( '', ( #743 ), #744, .T. );
#319 = PRESENTATION_STYLE_ASSIGNMENT( ( #745 ) );
#320 = ADVANCED_FACE( '', ( #746 ), #747, .F. );
#321 = PRESENTATION_STYLE_ASSIGNMENT( ( #748 ) );
#322 = ADVANCED_FACE( '', ( #749 ), #750, .F. );
#323 = PRESENTATION_STYLE_ASSIGNMENT( ( #751 ) );
#324 = ADVANCED_FACE( '', ( #752, #753 ), #754, .T. );
#325 = PRESENTATION_STYLE_ASSIGNMENT( ( #755 ) );
#326 = ADVANCED_FACE( '', ( #756 ), #757, .F. );
#327 = PRESENTATION_STYLE_ASSIGNMENT( ( #758 ) );
#328 = ADVANCED_FACE( '', ( #759 ), #760, .F. );
#329 = PRESENTATION_STYLE_ASSIGNMENT( ( #761 ) );
#330 = ADVANCED_FACE( '', ( #762 ), #763, .F. );
#331 = PRESENTATION_STYLE_ASSIGNMENT( ( #764 ) );
#332 = ADVANCED_FACE( '', ( #765 ), #766, .T. );
#333 = PRESENTATION_STYLE_ASSIGNMENT( ( #767 ) );
#334 = ADVANCED_FACE( '', ( #768 ), #769, .T. );
#335 = PRESENTATION_STYLE_ASSIGNMENT( ( #770 ) );
#336 = ADVANCED_FACE( '', ( #771 ), #772, .T. );
#337 = PRESENTATION_STYLE_ASSIGNMENT( ( #773 ) );
#338 = ADVANCED_FACE( '', ( #774 ), #775, .T. );
#339 = PRESENTATION_STYLE_ASSIGNMENT( ( #776 ) );
#340 = ADVANCED_FACE( '', ( #777 ), #778, .T. );
#341 = PRESENTATION_STYLE_ASSIGNMENT( ( #779 ) );
#342 = ADVANCED_FACE( '', ( #780 ), #781, .T. );
#343 = PRESENTATION_STYLE_ASSIGNMENT( ( #782 ) );
#344 = ADVANCED_FACE( '', ( #783 ), #784, .F. );
#345 = PRESENTATION_STYLE_ASSIGNMENT( ( #785 ) );
#346 = ADVANCED_FACE( '', ( #786 ), #787, .F. );
#347 = PRESENTATION_STYLE_ASSIGNMENT( ( #788 ) );
#348 = ADVANCED_FACE( '', ( #789 ), #790, .T. );
#349 = PRESENTATION_STYLE_ASSIGNMENT( ( #791 ) );
#350 = ADVANCED_FACE( '', ( #792 ), #793, .F. );
#351 = PRESENTATION_STYLE_ASSIGNMENT( ( #794 ) );
#352 = ADVANCED_FACE( '', ( #795 ), #796, .F. );
#353 = PRESENTATION_STYLE_ASSIGNMENT( ( #797 ) );
#354 = ADVANCED_FACE( '', ( #798 ), #799, .F. );
#355 = PRESENTATION_STYLE_ASSIGNMENT( ( #800 ) );
#356 = ADVANCED_FACE( '', ( #801 ), #802, .F. );
#357 = PRESENTATION_STYLE_ASSIGNMENT( ( #803 ) );
#358 = ADVANCED_FACE( '', ( #804 ), #805, .T. );
#359 = PRESENTATION_STYLE_ASSIGNMENT( ( #806 ) );
#360 = ADVANCED_FACE( '', ( #807 ), #808, .T. );
#361 = PRESENTATION_STYLE_ASSIGNMENT( ( #809 ) );
#362 = ADVANCED_FACE( '', ( #810 ), #811, .T. );
#363 = PRESENTATION_STYLE_ASSIGNMENT( ( #812 ) );
#364 = ADVANCED_FACE( '', ( #813 ), #814, .F. );
#365 = PRESENTATION_STYLE_ASSIGNMENT( ( #815 ) );
#366 = ADVANCED_FACE( '', ( #816 ), #817, .F. );
#367 = PRESENTATION_STYLE_ASSIGNMENT( ( #818 ) );
#368 = ADVANCED_FACE( '', ( #819, #820 ), #821, .T. );
#369 = PRESENTATION_STYLE_ASSIGNMENT( ( #822 ) );
#370 = ADVANCED_FACE( '', ( #823 ), #824, .T. );
#371 = PRESENTATION_STYLE_ASSIGNMENT( ( #825 ) );
#372 = ADVANCED_FACE( '', ( #826 ), #827, .T. );
#373 = PRESENTATION_STYLE_ASSIGNMENT( ( #828 ) );
#374 = ADVANCED_FACE( '', ( #829, #830, #831, #832, #833, #834 ), #835, .F. );
#375 = PRESENTATION_STYLE_ASSIGNMENT( ( #836 ) );
#376 = ADVANCED_FACE( '', ( #837 ), #838, .T. );
#377 = PRESENTATION_STYLE_ASSIGNMENT( ( #839 ) );
#378 = ADVANCED_FACE( '', ( #840 ), #841, .F. );
#379 = PRESENTATION_STYLE_ASSIGNMENT( ( #842 ) );
#380 = ADVANCED_FACE( '', ( #843 ), #844, .F. );
#381 = PRESENTATION_STYLE_ASSIGNMENT( ( #845 ) );
#382 = ADVANCED_FACE( '', ( #846 ), #847, .F. );
#383 = PRESENTATION_STYLE_ASSIGNMENT( ( #848 ) );
#384 = ADVANCED_FACE( '', ( #849 ), #850, .F. );
#385 = PRESENTATION_STYLE_ASSIGNMENT( ( #851 ) );
#386 = ADVANCED_FACE( '', ( #852 ), #853, .F. );
#387 = PRESENTATION_STYLE_ASSIGNMENT( ( #854 ) );
#388 = ADVANCED_FACE( '', ( #855 ), #856, .T. );
#389 = PRESENTATION_STYLE_ASSIGNMENT( ( #857 ) );
#390 = ADVANCED_FACE( '', ( #858 ), #859, .F. );
#391 = PRESENTATION_STYLE_ASSIGNMENT( ( #860 ) );
#392 = ADVANCED_FACE( '', ( #861 ), #862, .T. );
#393 = PRESENTATION_STYLE_ASSIGNMENT( ( #863 ) );
#394 = ADVANCED_FACE( '', ( #864 ), #865, .F. );
#395 = PRESENTATION_STYLE_ASSIGNMENT( ( #866 ) );
#396 = ADVANCED_FACE( '', ( #867, #868 ), #869, .T. );
#397 = PRESENTATION_STYLE_ASSIGNMENT( ( #870 ) );
#398 = ADVANCED_FACE( '', ( #871 ), #872, .T. );
#399 = PRESENTATION_STYLE_ASSIGNMENT( ( #873 ) );
#400 = ADVANCED_FACE( '', ( #874 ), #875, .T. );
#401 = PRESENTATION_STYLE_ASSIGNMENT( ( #876 ) );
#402 = ADVANCED_FACE( '', ( #877, #878 ), #879, .T. );
#403 = PRESENTATION_STYLE_ASSIGNMENT( ( #880 ) );
#404 = ADVANCED_FACE( '', ( #881 ), #882, .T. );
#405 = PRESENTATION_STYLE_ASSIGNMENT( ( #883 ) );
#406 = ADVANCED_FACE( '', ( #884 ), #885, .T. );
#407 = PRESENTATION_STYLE_ASSIGNMENT( ( #886 ) );
#408 = ADVANCED_FACE( '', ( #887 ), #888, .F. );
#409 = PRESENTATION_STYLE_ASSIGNMENT( ( #889 ) );
#410 = ADVANCED_FACE( '', ( #890 ), #891, .F. );
#411 = PRESENTATION_STYLE_ASSIGNMENT( ( #892 ) );
#412 = ADVANCED_FACE( '', ( #893 ), #894, .F. );
#413 = PRESENTATION_STYLE_ASSIGNMENT( ( #895 ) );
#414 = ADVANCED_FACE( '', ( #896 ), #897, .T. );
#415 = PRESENTATION_STYLE_ASSIGNMENT( ( #898 ) );
#416 = ADVANCED_FACE( '', ( #899 ), #900, .F. );
#417 = PRESENTATION_STYLE_ASSIGNMENT( ( #901 ) );
#418 = ADVANCED_FACE( '', ( #902 ), #903, .T. );
#419 = PRESENTATION_STYLE_ASSIGNMENT( ( #904 ) );
#420 = ADVANCED_FACE( '', ( #905 ), #906, .F. );
#421 = PRESENTATION_STYLE_ASSIGNMENT( ( #907 ) );
#422 = ADVANCED_FACE( '', ( #908 ), #909, .F. );
#423 = PRESENTATION_STYLE_ASSIGNMENT( ( #910 ) );
#424 = ADVANCED_FACE( '', ( #911 ), #912, .T. );
#425 = PRESENTATION_STYLE_ASSIGNMENT( ( #913 ) );
#426 = ADVANCED_FACE( '', ( #914 ), #915, .T. );
#427 = PRESENTATION_STYLE_ASSIGNMENT( ( #916 ) );
#428 = ADVANCED_FACE( '', ( #917 ), #918, .T. );
#429 = PRESENTATION_STYLE_ASSIGNMENT( ( #919 ) );
#430 = ADVANCED_FACE( '', ( #920 ), #921, .T. );
#431 = PRESENTATION_STYLE_ASSIGNMENT( ( #922 ) );
#432 = ADVANCED_FACE( '', ( #923 ), #924, .T. );
#433 = PRESENTATION_STYLE_ASSIGNMENT( ( #925 ) );
#434 = ADVANCED_FACE( '', ( #926 ), #927, .T. );
#435 = PRESENTATION_STYLE_ASSIGNMENT( ( #928 ) );
#436 = ADVANCED_FACE( '', ( #929 ), #930, .T. );
#437 = PRESENTATION_STYLE_ASSIGNMENT( ( #931 ) );
#438 = ADVANCED_FACE( '', ( #932 ), #933, .T. );
#439 = PRESENTATION_STYLE_ASSIGNMENT( ( #934 ) );
#440 = ADVANCED_FACE( '', ( #935 ), #936, .F. );
#441 = PRESENTATION_STYLE_ASSIGNMENT( ( #937 ) );
#442 = ADVANCED_FACE( '', ( #938, #939 ), #940, .T. );
#443 = PRESENTATION_STYLE_ASSIGNMENT( ( #941 ) );
#444 = ADVANCED_FACE( '', ( #942, #943 ), #944, .T. );
#445 = PRESENTATION_STYLE_ASSIGNMENT( ( #945 ) );
#446 = ADVANCED_FACE( '', ( #946, #947 ), #948, .T. );
#447 = PRESENTATION_STYLE_ASSIGNMENT( ( #949 ) );
#448 = ADVANCED_FACE( '', ( #950 ), #951, .T. );
#449 = PRESENTATION_STYLE_ASSIGNMENT( ( #952 ) );
#450 = ADVANCED_FACE( '', ( #953, #954 ), #955, .T. );
#451 = PRESENTATION_STYLE_ASSIGNMENT( ( #956 ) );
#452 = ADVANCED_FACE( '', ( #957 ), #958, .T. );
#453 = PRESENTATION_STYLE_ASSIGNMENT( ( #959 ) );
#454 = ADVANCED_FACE( '', ( #960, #961 ), #962, .T. );
#455 = PRESENTATION_STYLE_ASSIGNMENT( ( #963 ) );
#456 = ADVANCED_FACE( '', ( #964 ), #965, .T. );
#457 = PRESENTATION_STYLE_ASSIGNMENT( ( #966 ) );
#458 = ADVANCED_FACE( '', ( #967, #968 ), #969, .T. );
#459 = PRESENTATION_STYLE_ASSIGNMENT( ( #970 ) );
#460 = ADVANCED_FACE( '', ( #971, #972, #973, #974, #975, #976 ), #977, .T. );
#461 = PRESENTATION_STYLE_ASSIGNMENT( ( #978 ) );
#462 = ADVANCED_FACE( '', ( #979 ), #980, .T. );
#463 = PRESENTATION_STYLE_ASSIGNMENT( ( #981 ) );
#464 = ADVANCED_FACE( '', ( #982 ), #983, .F. );
#465 = PRESENTATION_STYLE_ASSIGNMENT( ( #984 ) );
#466 = ADVANCED_FACE( '', ( #985 ), #986, .T. );
#467 = PRESENTATION_STYLE_ASSIGNMENT( ( #987 ) );
#468 = ADVANCED_FACE( '', ( #988 ), #989, .F. );
#469 = PRESENTATION_STYLE_ASSIGNMENT( ( #990 ) );
#470 = ADVANCED_FACE( '', ( #991, #992 ), #993, .T. );
#471 = PRESENTATION_STYLE_ASSIGNMENT( ( #994 ) );
#472 = ADVANCED_FACE( '', ( #995, #996 ), #997, .T. );
#473 = PRESENTATION_STYLE_ASSIGNMENT( ( #998 ) );
#474 = ADVANCED_FACE( '', ( #999 ), #1000, .T. );
#475 = PRESENTATION_STYLE_ASSIGNMENT( ( #1001 ) );
#476 = ADVANCED_FACE( '', ( #1002 ), #1003, .T. );
#477 = PRESENTATION_STYLE_ASSIGNMENT( ( #1004 ) );
#478 = ADVANCED_FACE( '', ( #1005 ), #1006, .T. );
#479 = PRESENTATION_STYLE_ASSIGNMENT( ( #1007 ) );
#480 = ADVANCED_FACE( '', ( #1008 ), #1009, .F. );
#481 = PRESENTATION_STYLE_ASSIGNMENT( ( #1010 ) );
#482 = ADVANCED_FACE( '', ( #1011 ), #1012, .F. );
#483 = PRESENTATION_STYLE_ASSIGNMENT( ( #1013 ) );
#484 = ADVANCED_FACE( '', ( #1014 ), #1015, .T. );
#485 = PRESENTATION_STYLE_ASSIGNMENT( ( #1016 ) );
#486 = ADVANCED_FACE( '', ( #1017, #1018 ), #1019, .T. );
#487 = PRESENTATION_STYLE_ASSIGNMENT( ( #1020 ) );
#488 = ADVANCED_FACE( '', ( #1021 ), #1022, .T. );
#489 = PRESENTATION_STYLE_ASSIGNMENT( ( #1023 ) );
#490 = ADVANCED_FACE( '', ( #1024 ), #1025, .T. );
#491 = PRESENTATION_STYLE_ASSIGNMENT( ( #1026 ) );
#492 = ADVANCED_FACE( '', ( #1027 ), #1028, .F. );
#493 = PRESENTATION_STYLE_ASSIGNMENT( ( #1029 ) );
#494 = ADVANCED_FACE( '', ( #1030, #1031 ), #1032, .T. );
#495 = PRESENTATION_STYLE_ASSIGNMENT( ( #1033 ) );
#496 = ADVANCED_FACE( '', ( #1034 ), #1035, .F. );
#497 = PRESENTATION_STYLE_ASSIGNMENT( ( #1036 ) );
#498 = ADVANCED_FACE( '', ( #1037 ), #1038, .F. );
#499 = PRESENTATION_STYLE_ASSIGNMENT( ( #1039 ) );
#500 = ADVANCED_FACE( '', ( #1040, #1041 ), #1042, .T. );
#501 = PRESENTATION_STYLE_ASSIGNMENT( ( #1043 ) );
#502 = ADVANCED_FACE( '', ( #1044, #1045 ), #1046, .T. );
#503 = PRESENTATION_STYLE_ASSIGNMENT( ( #1047 ) );
#504 = ADVANCED_FACE( '', ( #1048 ), #1049, .T. );
#505 = PRESENTATION_STYLE_ASSIGNMENT( ( #1050 ) );
#506 = ADVANCED_FACE( '', ( #1051 ), #1052, .T. );
#507 = PRESENTATION_STYLE_ASSIGNMENT( ( #1053 ) );
#508 = ADVANCED_FACE( '', ( #1054 ), #1055, .F. );
#509 = PRESENTATION_STYLE_ASSIGNMENT( ( #1056 ) );
#510 = ADVANCED_FACE( '', ( #1057 ), #1058, .F. );
#511 = PRESENTATION_STYLE_ASSIGNMENT( ( #1059 ) );
#512 = ADVANCED_FACE( '', ( #1060 ), #1061, .T. );
#513 = PRESENTATION_STYLE_ASSIGNMENT( ( #1062 ) );
#514 = ADVANCED_FACE( '', ( #1063 ), #1064, .F. );
#515 = PRESENTATION_STYLE_ASSIGNMENT( ( #1065 ) );
#516 = ADVANCED_FACE( '', ( #1066 ), #1067, .F. );
#517 = PRESENTATION_STYLE_ASSIGNMENT( ( #1068 ) );
#518 = ADVANCED_FACE( '', ( #1069, #1070 ), #1071, .T. );
#519 = PRODUCT( 'Assem1', 'Assem1', 'PART-Assem1-DESC', ( #1072 ) );
#520 = PRODUCT_DEFINITION( 'NONE', 'NONE', #1073, #2 );
#521 = MAPPED_ITEM( '', #1074, #1075 );
#522 = MAPPED_ITEM( '', #1076, #1077 );
#523 = MAPPED_ITEM( '', #1078, #1079 );
#524 = AXIS2_PLACEMENT_3D( '', #1080, #1081, #1082 );
#525 = PRODUCT( 'bobbin', 'bobbin', 'PART-bobbin-DESC', ( #1072 ) );
#526 = PRODUCT_DEFINITION( 'NONE', 'NONE', #1083, #2 );
#527 = MANIFOLD_SOLID_BREP( 'bobbin', #1084 );
#528 = PRODUCT( 'EFD25-13-9_core', 'EFD25-13-9_core', 'PART-EFD25-13-9_core-DESC', ( #1072 ) );
#529 = PRODUCT_DEFINITION( 'NONE', 'NONE', #1085, #2 );
#530 = MANIFOLD_SOLID_BREP( 'EFD25-13-9_core', #1086 );
#533 = LENGTH_MEASURE_WITH_UNIT( LENGTH_MEASURE( 1.00000000000000 ), #1087 );
#536 = DIMENSIONAL_EXPONENTS( 1.00000000000000, 0.000000000000000, 0.000000000000000, 0.000000000000000, 0.000000000000000, 0.000000000000000, 0.000000000000000 );
#538 = DIMENSIONAL_EXPONENTS( 0.000000000000000, 0.000000000000000, 0.000000000000000, 0.000000000000000, 0.000000000000000, 0.000000000000000, 0.000000000000000 );
#544 = SURFACE_STYLE_USAGE( .BOTH., #1088 );
#545 = FACE_OUTER_BOUND( '', #1089, .T. );
#546 = PLANE( '', #1090 );
#547 = SURFACE_STYLE_USAGE( .BOTH., #1091 );
#548 = FACE_OUTER_BOUND( '', #1092, .T. );
#549 = PLANE( '', #1093 );
#550 = SURFACE_STYLE_USAGE( .BOTH., #1094 );
#551 = FACE_OUTER_BOUND( '', #1095, .T. );
#552 = FACE_OUTER_BOUND( '', #1096, .T. );
#553 = CYLINDRICAL_SURFACE( '', #1097, 0.300000000000000 );
#554 = SURFACE_STYLE_USAGE( .BOTH., #1098 );
#555 = FACE_BOUND( '', #1099, .T. );
#556 = FACE_OUTER_BOUND( '', #1100, .T. );
#557 = PLANE( '', #1101 );
#558 = SURFACE_STYLE_USAGE( .BOTH., #1102 );
#559 = FACE_OUTER_BOUND( '', #1103, .T. );
#560 = CYLINDRICAL_SURFACE( '', #1104, 0.500000000000000 );
#561 = SURFACE_STYLE_USAGE( .BOTH., #1105 );
#562 = FACE_OUTER_BOUND( '', #1106, .T. );
#563 = FACE_OUTER_BOUND( '', #1107, .T. );
#564 = CYLINDRICAL_SURFACE( '', #1108, 0.300000000000000 );
#565 = SURFACE_STYLE_USAGE( .BOTH., #1109 );
#566 = FACE_OUTER_BOUND( '', #1110, .T. );
#567 = FACE_BOUND( '', #1111, .T. );
#568 = PLANE( '', #1112 );
#569 = SURFACE_STYLE_USAGE( .BOTH., #1113 );
#570 = FACE_OUTER_BOUND( '', #1114, .T. );
#571 = PLANE( '', #1115 );
#572 = SURFACE_STYLE_USAGE( .BOTH., #1116 );
#573 = FACE_OUTER_BOUND( '', #1117, .T. );
#574 = FACE_BOUND( '', #1118, .T. );
#575 = PLANE( '', #1119 );
#576 = SURFACE_STYLE_USAGE( .BOTH., #1120 );
#577 = FACE_OUTER_BOUND( '', #1121, .T. );
#578 = PLANE( '', #1122 );
#579 = SURFACE_STYLE_USAGE( .BOTH., #1123 );
#580 = FACE_OUTER_BOUND( '', #1124, .T. );
#581 = CYLINDRICAL_SURFACE( '', #1125, 2.00000000000000 );
#582 = SURFACE_STYLE_USAGE( .BOTH., #1126 );
#583 = FACE_OUTER_BOUND( '', #1127, .T. );
#584 = FACE_OUTER_BOUND( '', #1128, .T. );
#585 = CYLINDRICAL_SURFACE( '', #1129, 0.400000000000000 );
#586 = SURFACE_STYLE_USAGE( .BOTH., #1130 );
#587 = FACE_OUTER_BOUND( '', #1131, .T. );
#588 = PLANE( '', #1132 );
#589 = SURFACE_STYLE_USAGE( .BOTH., #1133 );
#590 = FACE_OUTER_BOUND( '', #1134, .T. );
#591 = CYLINDRICAL_SURFACE( '', #1135, 1.50000000000000 );
#592 = SURFACE_STYLE_USAGE( .BOTH., #1136 );
#593 = FACE_OUTER_BOUND( '', #1137, .T. );
#594 = PLANE( '', #1138 );
#595 = SURFACE_STYLE_USAGE( .BOTH., #1139 );
#596 = FACE_OUTER_BOUND( '', #1140, .T. );
#597 = CYLINDRICAL_SURFACE( '', #1141, 0.500000000000000 );
#598 = SURFACE_STYLE_USAGE( .BOTH., #1142 );
#599 = FACE_OUTER_BOUND( '', #1143, .T. );
#600 = CYLINDRICAL_SURFACE( '', #1144, 0.500000000000000 );
#601 = SURFACE_STYLE_USAGE( .BOTH., #1145 );
#602 = FACE_OUTER_BOUND( '', #1146, .T. );
#603 = FACE_OUTER_BOUND( '', #1147, .T. );
#604 = CYLINDRICAL_SURFACE( '', #1148, 0.400000000000000 );
#605 = SURFACE_STYLE_USAGE( .BOTH., #1149 );
#606 = FACE_OUTER_BOUND( '', #1150, .T. );
#607 = PLANE( '', #1151 );
#608 = SURFACE_STYLE_USAGE( .BOTH., #1152 );
#609 = FACE_OUTER_BOUND( '', #1153, .T. );
#610 = FACE_OUTER_BOUND( '', #1154, .T. );
#611 = CYLINDRICAL_SURFACE( '', #1155, 0.400000000000000 );
#612 = SURFACE_STYLE_USAGE( .BOTH., #1156 );
#613 = FACE_OUTER_BOUND( '', #1157, .T. );
#614 = PLANE( '', #1158 );
#615 = SURFACE_STYLE_USAGE( .BOTH., #1159 );
#616 = FACE_OUTER_BOUND( '', #1160, .T. );
#617 = PLANE( '', #1161 );
#618 = SURFACE_STYLE_USAGE( .BOTH., #1162 );
#619 = FACE_OUTER_BOUND( '', #1163, .T. );
#620 = PLANE( '', #1164 );
#621 = SURFACE_STYLE_USAGE( .BOTH., #1165 );
#622 = FACE_BOUND( '', #1166, .T. );
#623 = FACE_OUTER_BOUND( '', #1167, .T. );
#624 = PLANE( '', #1168 );
#625 = SURFACE_STYLE_USAGE( .BOTH., #1169 );
#626 = FACE_OUTER_BOUND( '', #1170, .T. );
#627 = FACE_OUTER_BOUND( '', #1171, .T. );
#628 = CYLINDRICAL_SURFACE( '', #1172, 0.400000000000000 );
#629 = SURFACE_STYLE_USAGE( .BOTH., #1173 );
#630 = FACE_OUTER_BOUND( '', #1174, .T. );
#631 = PLANE( '', #1175 );
#632 = SURFACE_STYLE_USAGE( .BOTH., #1176 );
#633 = FACE_OUTER_BOUND( '', #1177, .T. );
#634 = PLANE( '', #1178 );
#635 = SURFACE_STYLE_USAGE( .BOTH., #1179 );
#636 = FACE_OUTER_BOUND( '', #1180, .T. );
#637 = PLANE( '', #1181 );
#638 = SURFACE_STYLE_USAGE( .BOTH., #1182 );
#639 = FACE_OUTER_BOUND( '', #1183, .T. );
#640 = PLANE( '', #1184 );
#641 = SURFACE_STYLE_USAGE( .BOTH., #1185 );
#642 = FACE_OUTER_BOUND( '', #1186, .T. );
#643 = CYLINDRICAL_SURFACE( '', #1187, 1.00000000000000 );
#644 = SURFACE_STYLE_USAGE( .BOTH., #1188 );
#645 = FACE_OUTER_BOUND( '', #1189, .T. );
#646 = CYLINDRICAL_SURFACE( '', #1190, 2.00000000000000 );
#647 = SURFACE_STYLE_USAGE( .BOTH., #1191 );
#648 = FACE_BOUND( '', #1192, .T. );
#649 = FACE_OUTER_BOUND( '', #1193, .T. );
#650 = PLANE( '', #1194 );
#651 = SURFACE_STYLE_USAGE( .BOTH., #1195 );
#652 = FACE_OUTER_BOUND( '', #1196, .T. );
#653 = FACE_OUTER_BOUND( '', #1197, .T. );
#654 = CYLINDRICAL_SURFACE( '', #1198, 0.400000000000000 );
#655 = SURFACE_STYLE_USAGE( .BOTH., #1199 );
#656 = FACE_OUTER_BOUND( '', #1200, .T. );
#657 = PLANE( '', #1201 );
#658 = SURFACE_STYLE_USAGE( .BOTH., #1202 );
#659 = FACE_OUTER_BOUND( '', #1203, .T. );
#660 = PLANE( '', #1204 );
#661 = SURFACE_STYLE_USAGE( .BOTH., #1205 );
#662 = FACE_OUTER_BOUND( '', #1206, .T. );
#663 = PLANE( '', #1207 );
#664 = SURFACE_STYLE_USAGE( .BOTH., #1208 );
#665 = FACE_OUTER_BOUND( '', #1209, .T. );
#666 = PLANE( '', #1210 );
#667 = SURFACE_STYLE_USAGE( .BOTH., #1211 );
#668 = FACE_OUTER_BOUND( '', #1212, .T. );
#669 = PLANE( '', #1213 );
#670 = SURFACE_STYLE_USAGE( .BOTH., #1214 );
#671 = FACE_OUTER_BOUND( '', #1215, .T. );
#672 = PLANE( '', #1216 );
#673 = SURFACE_STYLE_USAGE( .BOTH., #1217 );
#674 = FACE_OUTER_BOUND( '', #1218, .T. );
#675 = CYLINDRICAL_SURFACE( '', #1219, 1.00000000000000 );
#676 = SURFACE_STYLE_USAGE( .BOTH., #1220 );
#677 = FACE_OUTER_BOUND( '', #1221, .T. );
#678 = PLANE( '', #1222 );
#679 = SURFACE_STYLE_USAGE( .BOTH., #1223 );
#680 = FACE_OUTER_BOUND( '', #1224, .T. );
#681 = FACE_BOUND( '', #1225, .T. );
#682 = PLANE( '', #1226 );
#683 = SURFACE_STYLE_USAGE( .BOTH., #1227 );
#684 = FACE_OUTER_BOUND( '', #1228, .T. );
#685 = PLANE( '', #1229 );
#686 = SURFACE_STYLE_USAGE( .BOTH., #1230 );
#687 = FACE_OUTER_BOUND( '', #1231, .T. );
#688 = PLANE( '', #1232 );
#689 = SURFACE_STYLE_USAGE( .BOTH., #1233 );
#690 = FACE_OUTER_BOUND( '', #1234, .T. );
#691 = CYLINDRICAL_SURFACE( '', #1235, 2.00000000000000 );
#692 = SURFACE_STYLE_USAGE( .BOTH., #1236 );
#693 = FACE_OUTER_BOUND( '', #1237, .T. );
#694 = PLANE( '', #1238 );
#695 = SURFACE_STYLE_USAGE( .BOTH., #1239 );
#696 = FACE_OUTER_BOUND( '', #1240, .T. );
#697 = PLANE( '', #1241 );
#698 = SURFACE_STYLE_USAGE( .BOTH., #1242 );
#699 = FACE_OUTER_BOUND( '', #1243, .T. );
#700 = PLANE( '', #1244 );
#701 = SURFACE_STYLE_USAGE( .BOTH., #1245 );
#702 = FACE_OUTER_BOUND( '', #1246, .T. );
#703 = CYLINDRICAL_SURFACE( '', #1247, 2.00000000000000 );
#704 = SURFACE_STYLE_USAGE( .BOTH., #1248 );
#705 = FACE_OUTER_BOUND( '', #1249, .T. );
#706 = PLANE( '', #1250 );
#707 = SURFACE_STYLE_USAGE( .BOTH., #1251 );
#708 = FACE_OUTER_BOUND( '', #1252, .T. );
#709 = PLANE( '', #1253 );
#710 = SURFACE_STYLE_USAGE( .BOTH., #1254 );
#711 = FACE_OUTER_BOUND( '', #1255, .T. );
#712 = PLANE( '', #1256 );
#713 = SURFACE_STYLE_USAGE( .BOTH., #1257 );
#714 = FACE_BOUND( '', #1258, .T. );
#715 = FACE_OUTER_BOUND( '', #1259, .T. );
#716 = PLANE( '', #1260 );
#717 = SURFACE_STYLE_USAGE( .BOTH., #1261 );
#718 = FACE_OUTER_BOUND( '', #1262, .T. );
#719 = PLANE( '', #1263 );
#720 = SURFACE_STYLE_USAGE( .BOTH., #1264 );
#721 = FACE_OUTER_BOUND( '', #1265, .T. );
#722 = FACE_BOUND( '', #1266, .T. );
#723 = PLANE( '', #1267 );
#724 = SURFACE_STYLE_USAGE( .BOTH., #1268 );
#725 = FACE_OUTER_BOUND( '', #1269, .T. );
#726 = PLANE( '', #1270 );
#727 = SURFACE_STYLE_USAGE( .BOTH., #1271 );
#728 = FACE_OUTER_BOUND( '', #1272, .T. );
#729 = PLANE( '', #1273 );
#730 = SURFACE_STYLE_USAGE( .BOTH., #1274 );
#731 = FACE_OUTER_BOUND( '', #1275, .T. );
#732 = CYLINDRICAL_SURFACE( '', #1276, 1.00000000000000 );
#733 = SURFACE_STYLE_USAGE( .BOTH., #1277 );
#734 = FACE_OUTER_BOUND( '', #1278, .T. );
#735 = PLANE( '', #1279 );
#736 = SURFACE_STYLE_USAGE( .BOTH., #1280 );
#737 = FACE_OUTER_BOUND( '', #1281, .T. );
#738 = PLANE( '', #1282 );
#739 = SURFACE_STYLE_USAGE( .BOTH., #1283 );
#740 = FACE_OUTER_BOUND( '', #1284, .T. );
#741 = PLANE( '', #1285 );
#742 = SURFACE_STYLE_USAGE( .BOTH., #1286 );
#743 = FACE_OUTER_BOUND( '', #1287, .T. );
#744 = PLANE( '', #1288 );
#745 = SURFACE_STYLE_USAGE( .BOTH., #1289 );
#746 = FACE_OUTER_BOUND( '', #1290, .T. );
#747 = PLANE( '', #1291 );
#748 = SURFACE_STYLE_USAGE( .BOTH., #1292 );
#749 = FACE_OUTER_BOUND( '', #1293, .T. );
#750 = PLANE( '', #1294 );
#751 = SURFACE_STYLE_USAGE( .BOTH., #1295 );
#752 = FACE_OUTER_BOUND( '', #1296, .T. );
#753 = FACE_OUTER_BOUND( '', #1297, .T. );
#754 = CYLINDRICAL_SURFACE( '', #1298, 0.400000000000000 );
#755 = SURFACE_STYLE_USAGE( .BOTH., #1299 );
#756 = FACE_OUTER_BOUND( '', #1300, .T. );
#757 = PLANE( '', #1301 );
#758 = SURFACE_STYLE_USAGE( .BOTH., #1302 );
#759 = FACE_OUTER_BOUND( '', #1303, .T. );
#760 = PLANE( '', #1304 );
#761 = SURFACE_STYLE_USAGE( .BOTH., #1305 );
#762 = FACE_OUTER_BOUND( '', #1306, .T. );
#763 = PLANE( '', #1307 );
#764 = SURFACE_STYLE_USAGE( .BOTH., #1308 );
#765 = FACE_OUTER_BOUND( '', #1309, .T. );
#766 = PLANE( '', #1310 );
#767 = SURFACE_STYLE_USAGE( .BOTH., #1311 );
#768 = FACE_OUTER_BOUND( '', #1312, .T. );
#769 = PLANE( '', #1313 );
#770 = SURFACE_STYLE_USAGE( .BOTH., #1314 );
#771 = FACE_OUTER_BOUND( '', #1315, .T. );
#772 = PLANE( '', #1316 );
#773 = SURFACE_STYLE_USAGE( .BOTH., #1317 );
#774 = FACE_OUTER_BOUND( '', #1318, .T. );
#775 = PLANE( '', #1319 );
#776 = SURFACE_STYLE_USAGE( .BOTH., #1320 );
#777 = FACE_OUTER_BOUND( '', #1321, .T. );
#778 = PLANE( '', #1322 );
#779 = SURFACE_STYLE_USAGE( .BOTH., #1323 );
#780 = FACE_OUTER_BOUND( '', #1324, .T. );
#781 = PLANE( '', #1325 );
#782 = SURFACE_STYLE_USAGE( .BOTH., #1326 );
#783 = FACE_OUTER_BOUND( '', #1327, .T. );
#784 = PLANE( '', #1328 );
#785 = SURFACE_STYLE_USAGE( .BOTH., #1329 );
#786 = FACE_OUTER_BOUND( '', #1330, .T. );
#787 = PLANE( '', #1331 );
#788 = SURFACE_STYLE_USAGE( .BOTH., #1332 );
#789 = FACE_OUTER_BOUND( '', #1333, .T. );
#790 = PLANE( '', #1334 );
#791 = SURFACE_STYLE_USAGE( .BOTH., #1335 );
#792 = FACE_OUTER_BOUND( '', #1336, .T. );
#793 = PLANE( '', #1337 );
#794 = SURFACE_STYLE_USAGE( .BOTH., #1338 );
#795 = FACE_OUTER_BOUND( '', #1339, .T. );
#796 = PLANE( '', #1340 );
#797 = SURFACE_STYLE_USAGE( .BOTH., #1341 );
#798 = FACE_OUTER_BOUND( '', #1342, .T. );
#799 = PLANE( '', #1343 );
#800 = SURFACE_STYLE_USAGE( .BOTH., #1344 );
#801 = FACE_OUTER_BOUND( '', #1345, .T. );
#802 = PLANE( '', #1346 );
#803 = SURFACE_STYLE_USAGE( .BOTH., #1347 );
#804 = FACE_OUTER_BOUND( '', #1348, .T. );
#805 = PLANE( '', #1349 );
#806 = SURFACE_STYLE_USAGE( .BOTH., #1350 );
#807 = FACE_OUTER_BOUND( '', #1351, .T. );
#808 = PLANE( '', #1352 );
#809 = SURFACE_STYLE_USAGE( .BOTH., #1353 );
#810 = FACE_OUTER_BOUND( '', #1354, .T. );
#811 = CYLINDRICAL_SURFACE( '', #1355, 1.50000000000000 );
#812 = SURFACE_STYLE_USAGE( .BOTH., #1356 );
#813 = FACE_OUTER_BOUND( '', #1357, .T. );
#814 = PLANE( '', #1358 );
#815 = SURFACE_STYLE_USAGE( .BOTH., #1359 );
#816 = FACE_OUTER_BOUND( '', #1360, .T. );
#817 = PLANE( '', #1361 );
#818 = SURFACE_STYLE_USAGE( .BOTH., #1362 );
#819 = FACE_OUTER_BOUND( '', #1363, .T. );
#820 = FACE_OUTER_BOUND( '', #1364, .T. );
#821 = CYLINDRICAL_SURFACE( '', #1365, 0.400000000000000 );
#822 = SURFACE_STYLE_USAGE( .BOTH., #1366 );
#823 = FACE_OUTER_BOUND( '', #1367, .T. );
#824 = CYLINDRICAL_SURFACE( '', #1368, 2.00000000000000 );
#825 = SURFACE_STYLE_USAGE( .BOTH., #1369 );
#826 = FACE_OUTER_BOUND( '', #1370, .T. );
#827 = PLANE( '', #1371 );
#828 = SURFACE_STYLE_USAGE( .BOTH., #1372 );
#829 = FACE_BOUND( '', #1373, .T. );
#830 = FACE_OUTER_BOUND( '', #1374, .T. );
#831 = FACE_BOUND( '', #1375, .T. );
#832 = FACE_BOUND( '', #1376, .T. );
#833 = FACE_BOUND( '', #1377, .T. );
#834 = FACE_BOUND( '', #1378, .T. );
#835 = PLANE( '', #1379 );
#836 = SURFACE_STYLE_USAGE( .BOTH., #1380 );
#837 = FACE_OUTER_BOUND( '', #1381, .T. );
#838 = PLANE( '', #1382 );
#839 = SURFACE_STYLE_USAGE( .BOTH., #1383 );
#840 = FACE_OUTER_BOUND( '', #1384, .T. );
#841 = PLANE( '', #1385 );
#842 = SURFACE_STYLE_USAGE( .BOTH., #1386 );
#843 = FACE_OUTER_BOUND( '', #1387, .T. );
#844 = PLANE( '', #1388 );
#845 = SURFACE_STYLE_USAGE( .BOTH., #1389 );
#846 = FACE_OUTER_BOUND( '', #1390, .T. );
#847 = PLANE( '', #1391 );
#848 = SURFACE_STYLE_USAGE( .BOTH., #1392 );
#849 = FACE_OUTER_BOUND( '', #1393, .T. );
#850 = PLANE( '', #1394 );
#851 = SURFACE_STYLE_USAGE( .BOTH., #1395 );
#852 = FACE_OUTER_BOUND( '', #1396, .T. );
#853 = PLANE( '', #1397 );
#854 = SURFACE_STYLE_USAGE( .BOTH., #1398 );
#855 = FACE_OUTER_BOUND( '', #1399, .T. );
#856 = CYLINDRICAL_SURFACE( '', #1400, 1.00000000000000 );
#857 = SURFACE_STYLE_USAGE( .BOTH., #1401 );
#858 = FACE_OUTER_BOUND( '', #1402, .T. );
#859 = PLANE( '', #1403 );
#860 = SURFACE_STYLE_USAGE( .BOTH., #1404 );
#861 = FACE_OUTER_BOUND( '', #1405, .T. );
#862 = CYLINDRICAL_SURFACE( '', #1406, 2.00000000000000 );
#863 = SURFACE_STYLE_USAGE( .BOTH., #1407 );
#864 = FACE_OUTER_BOUND( '', #1408, .T. );
#865 = PLANE( '', #1409 );
#866 = SURFACE_STYLE_USAGE( .BOTH., #1410 );
#867 = FACE_OUTER_BOUND( '', #1411, .T. );
#868 = FACE_OUTER_BOUND( '', #1412, .T. );
#869 = CYLINDRICAL_SURFACE( '', #1413, 0.300000000000000 );
#870 = SURFACE_STYLE_USAGE( .BOTH., #1414 );
#871 = FACE_OUTER_BOUND( '', #1415, .T. );
#872 = PLANE( '', #1416 );
#873 = SURFACE_STYLE_USAGE( .BOTH., #1417 );
#874 = FACE_OUTER_BOUND( '', #1418, .T. );
#875 = CYLINDRICAL_SURFACE( '', #1419, 2.00000000000000 );
#876 = SURFACE_STYLE_USAGE( .BOTH., #1420 );
#877 = FACE_OUTER_BOUND( '', #1421, .T. );
#878 = FACE_OUTER_BOUND( '', #1422, .T. );
#879 = CYLINDRICAL_SURFACE( '', #1423, 0.400000000000000 );
#880 = SURFACE_STYLE_USAGE( .BOTH., #1424 );
#881 = FACE_OUTER_BOUND( '', #1425, .T. );
#882 = PLANE( '', #1426 );
#883 = SURFACE_STYLE_USAGE( .BOTH., #1427 );
#884 = FACE_OUTER_BOUND( '', #1428, .T. );
#885 = PLANE( '', #1429 );
#886 = SURFACE_STYLE_USAGE( .BOTH., #1430 );
#887 = FACE_OUTER_BOUND( '', #1431, .T. );
#888 = PLANE( '', #1432 );
#889 = SURFACE_STYLE_USAGE( .BOTH., #1433 );
#890 = FACE_OUTER_BOUND( '', #1434, .T. );
#891 = PLANE( '', #1435 );
#892 = SURFACE_STYLE_USAGE( .BOTH., #1436 );
#893 = FACE_OUTER_BOUND( '', #1437, .T. );
#894 = PLANE( '', #1438 );
#895 = SURFACE_STYLE_USAGE( .BOTH., #1439 );
#896 = FACE_OUTER_BOUND( '', #1440, .T. );
#897 = PLANE( '', #1441 );
#898 = SURFACE_STYLE_USAGE( .BOTH., #1442 );
#899 = FACE_OUTER_BOUND( '', #1443, .T. );
#900 = PLANE( '', #1444 );
#901 = SURFACE_STYLE_USAGE( .BOTH., #1445 );
#902 = FACE_OUTER_BOUND( '', #1446, .T. );
#903 = PLANE( '', #1447 );
#904 = SURFACE_STYLE_USAGE( .BOTH., #1448 );
#905 = FACE_OUTER_BOUND( '', #1449, .T. );
#906 = PLANE( '', #1450 );
#907 = SURFACE_STYLE_USAGE( .BOTH., #1451 );
#908 = FACE_OUTER_BOUND( '', #1452, .T. );
#909 = PLANE( '', #1453 );
#910 = SURFACE_STYLE_USAGE( .BOTH., #1454 );
#911 = FACE_OUTER_BOUND( '', #1455, .T. );
#912 = PLANE( '', #1456 );
#913 = SURFACE_STYLE_USAGE( .BOTH., #1457 );
#914 = FACE_OUTER_BOUND( '', #1458, .T. );
#915 = PLANE( '', #1459 );
#916 = SURFACE_STYLE_USAGE( .BOTH., #1460 );
#917 = FACE_OUTER_BOUND( '', #1461, .T. );
#918 = PLANE( '', #1462 );
#919 = SURFACE_STYLE_USAGE( .BOTH., #1463 );
#920 = FACE_OUTER_BOUND( '', #1464, .T. );
#921 = PLANE( '', #1465 );
#922 = SURFACE_STYLE_USAGE( .BOTH., #1466 );
#923 = FACE_OUTER_BOUND( '', #1467, .T. );
#924 = PLANE( '', #1468 );
#925 = SURFACE_STYLE_USAGE( .BOTH., #1469 );
#926 = FACE_OUTER_BOUND( '', #1470, .T. );
#927 = PLANE( '', #1471 );
#928 = SURFACE_STYLE_USAGE( .BOTH., #1472 );
#929 = FACE_OUTER_BOUND( '', #1473, .T. );
#930 = CYLINDRICAL_SURFACE( '', #1474, 1.50000000000000 );
#931 = SURFACE_STYLE_USAGE( .BOTH., #1475 );
#932 = FACE_OUTER_BOUND( '', #1476, .T. );
#933 = PLANE( '', #1477 );
#934 = SURFACE_STYLE_USAGE( .BOTH., #1478 );
#935 = FACE_OUTER_BOUND( '', #1479, .T. );
#936 = PLANE( '', #1480 );
#937 = SURFACE_STYLE_USAGE( .BOTH., #1481 );
#938 = FACE_OUTER_BOUND( '', #1482, .T. );
#939 = FACE_OUTER_BOUND( '', #1483, .T. );
#940 = CYLINDRICAL_SURFACE( '', #1484, 0.300000000000000 );
#941 = SURFACE_STYLE_USAGE( .BOTH., #1485 );
#942 = FACE_OUTER_BOUND( '', #1486, .T. );
#943 = FACE_OUTER_BOUND( '', #1487, .T. );
#944 = CYLINDRICAL_SURFACE( '', #1488, 0.300000000000000 );
#945 = SURFACE_STYLE_USAGE( .BOTH., #1489 );
#946 = FACE_OUTER_BOUND( '', #1490, .T. );
#947 = FACE_OUTER_BOUND( '', #1491, .T. );
#948 = CYLINDRICAL_SURFACE( '', #1492, 0.300000000000000 );
#949 = SURFACE_STYLE_USAGE( .BOTH., #1493 );
#950 = FACE_OUTER_BOUND( '', #1494, .T. );
#951 = PLANE( '', #1495 );
#952 = SURFACE_STYLE_USAGE( .BOTH., #1496 );
#953 = FACE_OUTER_BOUND( '', #1497, .T. );
#954 = FACE_OUTER_BOUND( '', #1498, .T. );
#955 = CYLINDRICAL_SURFACE( '', #1499, 0.300000000000000 );
#956 = SURFACE_STYLE_USAGE( .BOTH., #1500 );
#957 = FACE_OUTER_BOUND( '', #1501, .T. );
#958 = PLANE( '', #1502 );
#959 = SURFACE_STYLE_USAGE( .BOTH., #1503 );
#960 = FACE_BOUND( '', #1504, .T. );
#961 = FACE_OUTER_BOUND( '', #1505, .T. );
#962 = PLANE( '', #1506 );
#963 = SURFACE_STYLE_USAGE( .BOTH., #1507 );
#964 = FACE_OUTER_BOUND( '', #1508, .T. );
#965 = PLANE( '', #1509 );
#966 = SURFACE_STYLE_USAGE( .BOTH., #1510 );
#967 = FACE_BOUND( '', #1511, .T. );
#968 = FACE_OUTER_BOUND( '', #1512, .T. );
#969 = PLANE( '', #1513 );
#970 = SURFACE_STYLE_USAGE( .BOTH., #1514 );
#971 = FACE_BOUND( '', #1515, .T. );
#972 = FACE_BOUND( '', #1516, .T. );
#973 = FACE_BOUND( '', #1517, .T. );
#974 = FACE_BOUND( '', #1518, .T. );
#975 = FACE_OUTER_BOUND( '', #1519, .T. );
#976 = FACE_BOUND( '', #1520, .T. );
#977 = PLANE( '', #1521 );
#978 = SURFACE_STYLE_USAGE( .BOTH., #1522 );
#979 = FACE_OUTER_BOUND( '', #1523, .T. );
#980 = CYLINDRICAL_SURFACE( '', #1524, 1.50000000000000 );
#981 = SURFACE_STYLE_USAGE( .BOTH., #1525 );
#982 = FACE_OUTER_BOUND( '', #1526, .T. );
#983 = PLANE( '', #1527 );
#984 = SURFACE_STYLE_USAGE( .BOTH., #1528 );
#985 = FACE_OUTER_BOUND( '', #1529, .T. );
#986 = CYLINDRICAL_SURFACE( '', #1530, 0.500000000000000 );
#987 = SURFACE_STYLE_USAGE( .BOTH., #1531 );
#988 = FACE_OUTER_BOUND( '', #1532, .T. );
#989 = PLANE( '', #1533 );
#990 = SURFACE_STYLE_USAGE( .BOTH., #1534 );
#991 = FACE_OUTER_BOUND( '', #1535, .T. );
#992 = FACE_OUTER_BOUND( '', #1536, .T. );
#993 = CYLINDRICAL_SURFACE( '', #1537, 0.300000000000000 );
#994 = SURFACE_STYLE_USAGE( .BOTH., #1538 );
#995 = FACE_OUTER_BOUND( '', #1539, .T. );
#996 = FACE_BOUND( '', #1540, .T. );
#997 = PLANE( '', #1541 );
#998 = SURFACE_STYLE_USAGE( .BOTH., #1542 );
#999 = FACE_OUTER_BOUND( '', #1543, .T. );
#1000 = PLANE( '', #1544 );
#1001 = SURFACE_STYLE_USAGE( .BOTH., #1545 );
#1002 = FACE_OUTER_BOUND( '', #1546, .T. );
#1003 = PLANE( '', #1547 );
#1004 = SURFACE_STYLE_USAGE( .BOTH., #1548 );
#1005 = FACE_OUTER_BOUND( '', #1549, .T. );
#1006 = PLANE( '', #1550 );
#1007 = SURFACE_STYLE_USAGE( .BOTH., #1551 );
#1008 = FACE_OUTER_BOUND( '', #1552, .T. );
#1009 = PLANE( '', #1553 );
#1010 = SURFACE_STYLE_USAGE( .BOTH., #1554 );
#1011 = FACE_OUTER_BOUND( '', #1555, .T. );
#1012 = PLANE( '', #1556 );
#1013 = SURFACE_STYLE_USAGE( .BOTH., #1557 );
#1014 = FACE_OUTER_BOUND( '', #1558, .T. );
#1015 = PLANE( '', #1559 );
#1016 = SURFACE_STYLE_USAGE( .BOTH., #1560 );
#1017 = FACE_OUTER_BOUND( '', #1561, .T. );
#1018 = FACE_OUTER_BOUND( '', #1562, .T. );
#1019 = CYLINDRICAL_SURFACE( '', #1563, 0.300000000000000 );
#1020 = SURFACE_STYLE_USAGE( .BOTH., #1564 );
#1021 = FACE_OUTER_BOUND( '', #1565, .T. );
#1022 = PLANE( '', #1566 );
#1023 = SURFACE_STYLE_USAGE( .BOTH., #1567 );
#1024 = FACE_OUTER_BOUND( '', #1568, .T. );
#1025 = PLANE( '', #1569 );
#1026 = SURFACE_STYLE_USAGE( .BOTH., #1570 );
#1027 = FACE_OUTER_BOUND( '', #1571, .T. );
#1028 = PLANE( '', #1572 );
#1029 = SURFACE_STYLE_USAGE( .BOTH., #1573 );
#1030 = FACE_OUTER_BOUND( '', #1574, .T. );
#1031 = FACE_OUTER_BOUND( '', #1575, .T. );
#1032 = CYLINDRICAL_SURFACE( '', #1576, 0.300000000000000 );
#1033 = SURFACE_STYLE_USAGE( .BOTH., #1577 );
#1034 = FACE_OUTER_BOUND( '', #1578, .T. );
#1035 = PLANE( '', #1579 );
#1036 = SURFACE_STYLE_USAGE( .BOTH., #1580 );
#1037 = FACE_OUTER_BOUND( '', #1581, .T. );
#1038 = PLANE( '', #1582 );
#1039 = SURFACE_STYLE_USAGE( .BOTH., #1583 );
#1040 = FACE_OUTER_BOUND( '', #1584, .T. );
#1041 = FACE_OUTER_BOUND( '', #1585, .T. );
#1042 = CYLINDRICAL_SURFACE( '', #1586, 0.400000000000000 );
#1043 = SURFACE_STYLE_USAGE( .BOTH., #1587 );
#1044 = FACE_OUTER_BOUND( '', #1588, .T. );
#1045 = FACE_BOUND( '', #1589, .T. );
#1046 = PLANE( '', #1590 );
#1047 = SURFACE_STYLE_USAGE( .BOTH., #1591 );
#1048 = FACE_OUTER_BOUND( '', #1592, .T. );
#1049 = PLANE( '', #1593 );
#1050 = SURFACE_STYLE_USAGE( .BOTH., #1594 );
#1051 = FACE_OUTER_BOUND( '', #1595, .T. );
#1052 = PLANE( '', #1596 );
#1053 = SURFACE_STYLE_USAGE( .BOTH., #1597 );
#1054 = FACE_OUTER_BOUND( '', #1598, .T. );
#1055 = PLANE( '', #1599 );
#1056 = SURFACE_STYLE_USAGE( .BOTH., #1600 );
#1057 = FACE_OUTER_BOUND( '', #1601, .T. );
#1058 = PLANE( '', #1602 );
#1059 = SURFACE_STYLE_USAGE( .BOTH., #1603 );
#1060 = FACE_OUTER_BOUND( '', #1604, .T. );
#1061 = PLANE( '', #1605 );
#1062 = SURFACE_STYLE_USAGE( .BOTH., #1606 );
#1063 = FACE_OUTER_BOUND( '', #1607, .T. );
#1064 = PLANE( '', #1608 );
#1065 = SURFACE_STYLE_USAGE( .BOTH., #1609 );
#1066 = FACE_OUTER_BOUND( '', #1610, .T. );
#1067 = PLANE( '', #1611 );
#1068 = SURFACE_STYLE_USAGE( .BOTH., #1612 );
#1069 = FACE_OUTER_BOUND( '', #1613, .T. );
#1070 = FACE_OUTER_BOUND( '', #1614, .T. );
#1071 = CYLINDRICAL_SURFACE( '', #1615, 0.400000000000000 );
#1072 = PRODUCT_CONTEXT( '', #176, 'mechanical' );
#1073 = PRODUCT_DEFINITION_FORMATION_WITH_SPECIFIED_SOURCE( ' ', 'NONE', #519, .NOT_KNOWN. );
#1074 = REPRESENTATION_MAP( #524, #183 );
#1075 = AXIS2_PLACEMENT_3D( '', #1616, #1617, #1618 );
#1076 = REPRESENTATION_MAP( #524, #186 );
#1077 = AXIS2_PLACEMENT_3D( '', #1619, #1620, #1621 );
#1078 = REPRESENTATION_MAP( #524, #186 );
#1079 = AXIS2_PLACEMENT_3D( '', #1622, #1623, #1624 );
#1080 = CARTESIAN_POINT( '', ( 0.000000000000000, 0.000000000000000, 0.000000000000000 ) );
#1081 = DIRECTION( '', ( 0.000000000000000, 0.000000000000000, 1.00000000000000 ) );
#1082 = DIRECTION( '', ( 1.00000000000000, 0.000000000000000, 0.000000000000000 ) );
#1083 = PRODUCT_DEFINITION_FORMATION_WITH_SPECIFIED_SOURCE( ' ', 'NONE', #525, .NOT_KNOWN. );
#1084 = CLOSED_SHELL( '', ( #354, #310, #436, #296, #234, #282, #304, #368, #212, #220, #408, #374, #478, #272, #460, #266, #508, #410, #330, #208, #510, #398, #362, #412, #334, #222, #504, #462, #290, #428, #226, #322, #392, #492, #274, #464, #378, #270, #364, #280, #432, #224, #316, #360, #340, #356, #254, #380, #416, #488, #318, #506, #246, #202, #366, #370, #382, #320, #434, #438, #198, #474, #512, #388, #384, #312, #480, #332, #482, #286, #306, #496, #494, #470, #232, #404, #276, #326, #250, #236, #210, #344, #204, #514, #448, #468, #292, #214, #386, #308, #394, #498, #346, #240, #440, #466, #228, #284, #216, #442, #400, #256, #238, #516, #396, #444, #206, #446, #294, #500, #242, #268, #260, #258, #372, #278, #402, #390, #518, #486, #450, #200, #454, #348, #244, #300, #456, #472, #324, #350, #502, #230, #352, #218, #458, #262 ) );
#1085 = PRODUCT_DEFINITION_FORMATION_WITH_SPECIFIED_SOURCE( ' ', 'NONE', #528, .NOT_KNOWN. );
#1086 = CLOSED_SHELL( '', ( #476, #314, #430, #452, #484, #298, #418, #376, #414, #490, #342, #406, #426, #264, #422, #196, #302, #424, #288, #358, #252, #248, #336, #420, #328, #338 ) );
#1087 =  ( LENGTH_UNIT(  )NAMED_UNIT( #536 )SI_UNIT( .MILLI., .METRE. ) );
#1088 = SURFACE_SIDE_STYLE( '', ( #1626 ) );
#1089 = EDGE_LOOP( '', ( #1627, #1628, #1629, #1630 ) );
#1090 = AXIS2_PLACEMENT_3D( '', #1631, #1632, #1633 );
#1091 = SURFACE_SIDE_STYLE( '', ( #1634 ) );
#1092 = EDGE_LOOP( '', ( #1635, #1636, #1637, #1638 ) );
#1093 = AXIS2_PLACEMENT_3D( '', #1639, #1640, #1641 );
#1094 = SURFACE_SIDE_STYLE( '', ( #1642 ) );
#1095 = EDGE_LOOP( '', ( #1643 ) );
#1096 = EDGE_LOOP( '', ( #1644 ) );
#1097 = AXIS2_PLACEMENT_3D( '', #1645, #1646, #1647 );
#1098 = SURFACE_SIDE_STYLE( '', ( #1648 ) );
#1099 = EDGE_LOOP( '', ( #1649, #1650, #1651, #1652, #1653, #1654, #1655, #1656 ) );
#1100 = EDGE_LOOP( '', ( #1657, #1658, #1659, #1660, #1661, #1662, #1663, #1664, #1665, #1666, #1667, #1668 ) );
#1101 = AXIS2_PLACEMENT_3D( '', #1669, #1670, #1671 );
#1102 = SURFACE_SIDE_STYLE( '', ( #1672 ) );
#1103 = EDGE_LOOP( '', ( #1673, #1674, #1675, #1676 ) );
#1104 = AXIS2_PLACEMENT_3D( '', #1677, #1678, #1679 );
#1105 = SURFACE_SIDE_STYLE( '', ( #1680 ) );
#1106 = EDGE_LOOP( '', ( #1681 ) );
#1107 = EDGE_LOOP( '', ( #1682 ) );
#1108 = AXIS2_PLACEMENT_3D( '', #1683, #1684, #1685 );
#1109 = SURFACE_SIDE_STYLE( '', ( #1686 ) );
#1110 = EDGE_LOOP( '', ( #1687, #1688, #1689, #1690, #1691, #1692, #1693, #1694, #1695, #1696, #1697, #1698 ) );
#1111 = EDGE_LOOP( '', ( #1699, #1700, #1701, #1702, #1703, #1704, #1705, #1706 ) );
#1112 = AXIS2_PLACEMENT_3D( '', #1707, #1708, #1709 );
#1113 = SURFACE_SIDE_STYLE( '', ( #1710 ) );
#1114 = EDGE_LOOP( '', ( #1711, #1712, #1713, #1714 ) );
#1115 = AXIS2_PLACEMENT_3D( '', #1715, #1716, #1717 );
#1116 = SURFACE_SIDE_STYLE( '', ( #1718 ) );
#1117 = EDGE_LOOP( '', ( #1719 ) );
#1118 = EDGE_LOOP( '', ( #1720 ) );
#1119 = AXIS2_PLACEMENT_3D( '', #1721, #1722, #1723 );
#1120 = SURFACE_SIDE_STYLE( '', ( #1724 ) );
#1121 = EDGE_LOOP( '', ( #1725, #1726, #1727, #1728 ) );
#1122 = AXIS2_PLACEMENT_3D( '', #1729, #1730, #1731 );
#1123 = SURFACE_SIDE_STYLE( '', ( #1732 ) );
#1124 = EDGE_LOOP( '', ( #1733, #1734, #1735, #1736 ) );
#1125 = AXIS2_PLACEMENT_3D( '', #1737, #1738, #1739 );
#1126 = SURFACE_SIDE_STYLE( '', ( #1740 ) );
#1127 = EDGE_LOOP( '', ( #1741 ) );
#1128 = EDGE_LOOP( '', ( #1742 ) );
#1129 = AXIS2_PLACEMENT_3D( '', #1743, #1744, #1745 );
#1130 = SURFACE_SIDE_STYLE( '', ( #1746 ) );
#1131 = EDGE_LOOP( '', ( #1747, #1748, #1749, #1750 ) );
#1132 = AXIS2_PLACEMENT_3D( '', #1751, #1752, #1753 );
#1133 = SURFACE_SIDE_STYLE( '', ( #1754 ) );
#1134 = EDGE_LOOP( '', ( #1755, #1756, #1757, #1758 ) );
#1135 = AXIS2_PLACEMENT_3D( '', #1759, #1760, #1761 );
#1136 = SURFACE_SIDE_STYLE( '', ( #1762 ) );
#1137 = EDGE_LOOP( '', ( #1763, #1764, #1765, #1766 ) );
#1138 = AXIS2_PLACEMENT_3D( '', #1767, #1768, #1769 );
#1139 = SURFACE_SIDE_STYLE( '', ( #1770 ) );
#1140 = EDGE_LOOP( '', ( #1771, #1772, #1773, #1774 ) );
#1141 = AXIS2_PLACEMENT_3D( '', #1775, #1776, #1777 );
#1142 = SURFACE_SIDE_STYLE( '', ( #1778 ) );
#1143 = EDGE_LOOP( '', ( #1779, #1780, #1781, #1782 ) );
#1144 = AXIS2_PLACEMENT_3D( '', #1783, #1784, #1785 );
#1145 = SURFACE_SIDE_STYLE( '', ( #1786 ) );
#1146 = EDGE_LOOP( '', ( #1787 ) );
#1147 = EDGE_LOOP( '', ( #1788 ) );
#1148 = AXIS2_PLACEMENT_3D( '', #1789, #1790, #1791 );
#1149 = SURFACE_SIDE_STYLE( '', ( #1792 ) );
#1150 = EDGE_LOOP( '', ( #1793, #1794, #1795, #1796 ) );
#1151 = AXIS2_PLACEMENT_3D( '', #1797, #1798, #1799 );
#1152 = SURFACE_SIDE_STYLE( '', ( #1800 ) );
#1153 = EDGE_LOOP( '', ( #1801 ) );
#1154 = EDGE_LOOP( '', ( #1802 ) );
#1155 = AXIS2_PLACEMENT_3D( '', #1803, #1804, #1805 );
#1156 = SURFACE_SIDE_STYLE( '', ( #1806 ) );
#1157 = EDGE_LOOP( '', ( #1807, #1808, #1809, #1810 ) );
#1158 = AXIS2_PLACEMENT_3D( '', #1811, #1812, #1813 );
#1159 = SURFACE_SIDE_STYLE( '', ( #1814 ) );
#1160 = EDGE_LOOP( '', ( #1815, #1816 ) );
#1161 = AXIS2_PLACEMENT_3D( '', #1817, #1818, #1819 );
#1162 = SURFACE_SIDE_STYLE( '', ( #1820 ) );
#1163 = EDGE_LOOP( '', ( #1821, #1822, #1823, #1824 ) );
#1164 = AXIS2_PLACEMENT_3D( '', #1825, #1826, #1827 );
#1165 = SURFACE_SIDE_STYLE( '', ( #1828 ) );
#1166 = EDGE_LOOP( '', ( #1829 ) );
#1167 = EDGE_LOOP( '', ( #1830 ) );
#1168 = AXIS2_PLACEMENT_3D( '', #1831, #1832, #1833 );
#1169 = SURFACE_SIDE_STYLE( '', ( #1834 ) );
#1170 = EDGE_LOOP( '', ( #1835 ) );
#1171 = EDGE_LOOP( '', ( #1836 ) );
#1172 = AXIS2_PLACEMENT_3D( '', #1837, #1838, #1839 );
#1173 = SURFACE_SIDE_STYLE( '', ( #1840 ) );
#1174 = EDGE_LOOP( '', ( #1841, #1842, #1843, #1844, #1845, #1846, #1847 ) );
#1175 = AXIS2_PLACEMENT_3D( '', #1848, #1849, #1850 );
#1176 = SURFACE_SIDE_STYLE( '', ( #1851 ) );
#1177 = EDGE_LOOP( '', ( #1852, #1853, #1854, #1855 ) );
#1178 = AXIS2_PLACEMENT_3D( '', #1856, #1857, #1858 );
#1179 = SURFACE_SIDE_STYLE( '', ( #1859 ) );
#1180 = EDGE_LOOP( '', ( #1860, #1861, #1862, #1863 ) );
#1181 = AXIS2_PLACEMENT_3D( '', #1864, #1865, #1866 );
#1182 = SURFACE_SIDE_STYLE( '', ( #1867 ) );
#1183 = EDGE_LOOP( '', ( #1868, #1869, #1870, #1871, #1872, #1873 ) );
#1184 = AXIS2_PLACEMENT_3D( '', #1874, #1875, #1876 );
#1185 = SURFACE_SIDE_STYLE( '', ( #1877 ) );
#1186 = EDGE_LOOP( '', ( #1878, #1879, #1880, #1881 ) );
#1187 = AXIS2_PLACEMENT_3D( '', #1882, #1883, #1884 );
#1188 = SURFACE_SIDE_STYLE( '', ( #1885 ) );
#1189 = EDGE_LOOP( '', ( #1886, #1887, #1888, #1889 ) );
#1190 = AXIS2_PLACEMENT_3D( '', #1890, #1891, #1892 );
#1191 = SURFACE_SIDE_STYLE( '', ( #1893 ) );
#1192 = EDGE_LOOP( '', ( #1894 ) );
#1193 = EDGE_LOOP( '', ( #1895 ) );
#1194 = AXIS2_PLACEMENT_3D( '', #1896, #1897, #1898 );
#1195 = SURFACE_SIDE_STYLE( '', ( #1899 ) );
#1196 = EDGE_LOOP( '', ( #1900 ) );
#1197 = EDGE_LOOP( '', ( #1901 ) );
#1198 = AXIS2_PLACEMENT_3D( '', #1902, #1903, #1904 );
#1199 = SURFACE_SIDE_STYLE( '', ( #1905 ) );
#1200 = EDGE_LOOP( '', ( #1906 ) );
#1201 = AXIS2_PLACEMENT_3D( '', #1907, #1908, #1909 );
#1202 = SURFACE_SIDE_STYLE( '', ( #1910 ) );
#1203 = EDGE_LOOP( '', ( #1911, #1912, #1913, #1914 ) );
#1204 = AXIS2_PLACEMENT_3D( '', #1915, #1916, #1917 );
#1205 = SURFACE_SIDE_STYLE( '', ( #1918 ) );
#1206 = EDGE_LOOP( '', ( #1919, #1920, #1921, #1922 ) );
#1207 = AXIS2_PLACEMENT_3D( '', #1923, #1924, #1925 );
#1208 = SURFACE_SIDE_STYLE( '', ( #1926 ) );
#1209 = EDGE_LOOP( '', ( #1927 ) );
#1210 = AXIS2_PLACEMENT_3D( '', #1928, #1929, #1930 );
#1211 = SURFACE_SIDE_STYLE( '', ( #1931 ) );
#1212 = EDGE_LOOP( '', ( #1932, #1933, #1934, #1935 ) );
#1213 = AXIS2_PLACEMENT_3D( '', #1936, #1937, #1938 );
#1214 = SURFACE_SIDE_STYLE( '', ( #1939 ) );
#1215 = EDGE_LOOP( '', ( #1940, #1941, #1942, #1943 ) );
#1216 = AXIS2_PLACEMENT_3D( '', #1944, #1945, #1946 );
#1217 = SURFACE_SIDE_STYLE( '', ( #1947 ) );
#1218 = EDGE_LOOP( '', ( #1948, #1949, #1950, #1951 ) );
#1219 = AXIS2_PLACEMENT_3D( '', #1952, #1953, #1954 );
#1220 = SURFACE_SIDE_STYLE( '', ( #1955 ) );
#1221 = EDGE_LOOP( '', ( #1956, #1957, #1958, #1959 ) );
#1222 = AXIS2_PLACEMENT_3D( '', #1960, #1961, #1962 );
#1223 = SURFACE_SIDE_STYLE( '', ( #1963 ) );
#1224 = EDGE_LOOP( '', ( #1964 ) );
#1225 = EDGE_LOOP( '', ( #1965 ) );
#1226 = AXIS2_PLACEMENT_3D( '', #1966, #1967, #1968 );
#1227 = SURFACE_SIDE_STYLE( '', ( #1969 ) );
#1228 = EDGE_LOOP( '', ( #1970, #1971, #1972, #1973 ) );
#1229 = AXIS2_PLACEMENT_3D( '', #1974, #1975, #1976 );
#1230 = SURFACE_SIDE_STYLE( '', ( #1977 ) );
#1231 = EDGE_LOOP( '', ( #1978 ) );
#1232 = AXIS2_PLACEMENT_3D( '', #1979, #1980, #1981 );
#1233 = SURFACE_SIDE_STYLE( '', ( #1982 ) );
#1234 = EDGE_LOOP( '', ( #1983, #1984, #1985, #1986 ) );
#1235 = AXIS2_PLACEMENT_3D( '', #1987, #1988, #1989 );
#1236 = SURFACE_SIDE_STYLE( '', ( #1990 ) );
#1237 = EDGE_LOOP( '', ( #1991, #1992, #1993, #1994 ) );
#1238 = AXIS2_PLACEMENT_3D( '', #1995, #1996, #1997 );
#1239 = SURFACE_SIDE_STYLE( '', ( #1998 ) );
#1240 = EDGE_LOOP( '', ( #1999, #2000, #2001, #2002 ) );
#1241 = AXIS2_PLACEMENT_3D( '', #2003, #2004, #2005 );
#1242 = SURFACE_SIDE_STYLE( '', ( #2006 ) );
#1243 = EDGE_LOOP( '', ( #2007, #2008, #2009, #2010 ) );
#1244 = AXIS2_PLACEMENT_3D( '', #2011, #2012, #2013 );
#1245 = SURFACE_SIDE_STYLE( '', ( #2014 ) );
#1246 = EDGE_LOOP( '', ( #2015, #2016, #2017, #2018 ) );
#1247 = AXIS2_PLACEMENT_3D( '', #2019, #2020, #2021 );
#1248 = SURFACE_SIDE_STYLE( '', ( #2022 ) );
#1249 = EDGE_LOOP( '', ( #2023 ) );
#1250 = AXIS2_PLACEMENT_3D( '', #2024, #2025, #2026 );
#1251 = SURFACE_SIDE_STYLE( '', ( #2027 ) );
#1252 = EDGE_LOOP( '', ( #2028, #2029, #2030, #2031, #2032, #2033, #2034, #2035 ) );
#1253 = AXIS2_PLACEMENT_3D( '', #2036, #2037, #2038 );
#1254 = SURFACE_SIDE_STYLE( '', ( #2039 ) );
#1255 = EDGE_LOOP( '', ( #2040, #2041, #2042, #2043 ) );
#1256 = AXIS2_PLACEMENT_3D( '', #2044, #2045, #2046 );
#1257 = SURFACE_SIDE_STYLE( '', ( #2047 ) );
#1258 = EDGE_LOOP( '', ( #2048 ) );
#1259 = EDGE_LOOP( '', ( #2049 ) );
#1260 = AXIS2_PLACEMENT_3D( '', #2050, #2051, #2052 );
#1261 = SURFACE_SIDE_STYLE( '', ( #2053 ) );
#1262 = EDGE_LOOP( '', ( #2054, #2055, #2056, #2057, #2058, #2059 ) );
#1263 = AXIS2_PLACEMENT_3D( '', #2060, #2061, #2062 );
#1264 = SURFACE_SIDE_STYLE( '', ( #2063 ) );
#1265 = EDGE_LOOP( '', ( #2064 ) );
#1266 = EDGE_LOOP( '', ( #2065 ) );
#1267 = AXIS2_PLACEMENT_3D( '', #2066, #2067, #2068 );
#1268 = SURFACE_SIDE_STYLE( '', ( #2069 ) );
#1269 = EDGE_LOOP( '', ( #2070, #2071, #2072, #2073 ) );
#1270 = AXIS2_PLACEMENT_3D( '', #2074, #2075, #2076 );
#1271 = SURFACE_SIDE_STYLE( '', ( #2077 ) );
#1272 = EDGE_LOOP( '', ( #2078, #2079, #2080, #2081 ) );
#1273 = AXIS2_PLACEMENT_3D( '', #2082, #2083, #2084 );
#1274 = SURFACE_SIDE_STYLE( '', ( #2085 ) );
#1275 = EDGE_LOOP( '', ( #2086, #2087, #2088, #2089 ) );
#1276 = AXIS2_PLACEMENT_3D( '', #2090, #2091, #2092 );
#1277 = SURFACE_SIDE_STYLE( '', ( #2093 ) );
#1278 = EDGE_LOOP( '', ( #2094, #2095, #2096, #2097 ) );
#1279 = AXIS2_PLACEMENT_3D( '', #2098, #2099, #2100 );
#1280 = SURFACE_SIDE_STYLE( '', ( #2101 ) );
#1281 = EDGE_LOOP( '', ( #2102, #2103, #2104, #2105 ) );
#1282 = AXIS2_PLACEMENT_3D( '', #2106, #2107, #2108 );
#1283 = SURFACE_SIDE_STYLE( '', ( #2109 ) );
#1284 = EDGE_LOOP( '', ( #2110, #2111, #2112, #2113 ) );
#1285 = AXIS2_PLACEMENT_3D( '', #2114, #2115, #2116 );
#1286 = SURFACE_SIDE_STYLE( '', ( #2117 ) );
#1287 = EDGE_LOOP( '', ( #2118, #2119, #2120, #2121, #2122, #2123, #2124, #2125 ) );
#1288 = AXIS2_PLACEMENT_3D( '', #2126, #2127, #2128 );
#1289 = SURFACE_SIDE_STYLE( '', ( #2129 ) );
#1290 = EDGE_LOOP( '', ( #2130, #2131, #2132, #2133 ) );
#1291 = AXIS2_PLACEMENT_3D( '', #2134, #2135, #2136 );
#1292 = SURFACE_SIDE_STYLE( '', ( #2137 ) );
#1293 = EDGE_LOOP( '', ( #2138, #2139, #2140, #2141 ) );
#1294 = AXIS2_PLACEMENT_3D( '', #2142, #2143, #2144 );
#1295 = SURFACE_SIDE_STYLE( '', ( #2145 ) );
#1296 = EDGE_LOOP( '', ( #2146 ) );
#1297 = EDGE_LOOP( '', ( #2147 ) );
#1298 = AXIS2_PLACEMENT_3D( '', #2148, #2149, #2150 );
#1299 = SURFACE_SIDE_STYLE( '', ( #2151 ) );
#1300 = EDGE_LOOP( '', ( #2152, #2153, #2154, #2155 ) );
#1301 = AXIS2_PLACEMENT_3D( '', #2156, #2157, #2158 );
#1302 = SURFACE_SIDE_STYLE( '', ( #2159 ) );
#1303 = EDGE_LOOP( '', ( #2160, #2161, #2162, #2163 ) );
#1304 = AXIS2_PLACEMENT_3D( '', #2164, #2165, #2166 );
#1305 = SURFACE_SIDE_STYLE( '', ( #2167 ) );
#1306 = EDGE_LOOP( '', ( #2168, #2169, #2170, #2171, #2172, #2173, #2174 ) );
#1307 = AXIS2_PLACEMENT_3D( '', #2175, #2176, #2177 );
#1308 = SURFACE_SIDE_STYLE( '', ( #2178 ) );
#1309 = EDGE_LOOP( '', ( #2179, #2180, #2181, #2182 ) );
#1310 = AXIS2_PLACEMENT_3D( '', #2183, #2184, #2185 );
#1311 = SURFACE_SIDE_STYLE( '', ( #2186 ) );
#1312 = EDGE_LOOP( '', ( #2187, #2188, #2189, #2190 ) );
#1313 = AXIS2_PLACEMENT_3D( '', #2191, #2192, #2193 );
#1314 = SURFACE_SIDE_STYLE( '', ( #2194 ) );
#1315 = EDGE_LOOP( '', ( #2195, #2196, #2197, #2198, #2199, #2200 ) );
#1316 = AXIS2_PLACEMENT_3D( '', #2201, #2202, #2203 );
#1317 = SURFACE_SIDE_STYLE( '', ( #2204 ) );
#1318 = EDGE_LOOP( '', ( #2205, #2206, #2207, #2208 ) );
#1319 = AXIS2_PLACEMENT_3D( '', #2209, #2210, #2211 );
#1320 = SURFACE_SIDE_STYLE( '', ( #2212 ) );
#1321 = EDGE_LOOP( '', ( #2213, #2214, #2215, #2216 ) );
#1322 = AXIS2_PLACEMENT_3D( '', #2217, #2218, #2219 );
#1323 = SURFACE_SIDE_STYLE( '', ( #2220 ) );
#1324 = EDGE_LOOP( '', ( #2221, #2222, #2223, #2224 ) );
#1325 = AXIS2_PLACEMENT_3D( '', #2225, #2226, #2227 );
#1326 = SURFACE_SIDE_STYLE( '', ( #2228 ) );
#1327 = EDGE_LOOP( '', ( #2229, #2230, #2231, #2232, #2233 ) );
#1328 = AXIS2_PLACEMENT_3D( '', #2234, #2235, #2236 );
#1329 = SURFACE_SIDE_STYLE( '', ( #2237 ) );
#1330 = EDGE_LOOP( '', ( #2238, #2239, #2240, #2241 ) );
#1331 = AXIS2_PLACEMENT_3D( '', #2242, #2243, #2244 );
#1332 = SURFACE_SIDE_STYLE( '', ( #2245 ) );
#1333 = EDGE_LOOP( '', ( #2246 ) );
#1334 = AXIS2_PLACEMENT_3D( '', #2247, #2248, #2249 );
#1335 = SURFACE_SIDE_STYLE( '', ( #2250 ) );
#1336 = EDGE_LOOP( '', ( #2251 ) );
#1337 = AXIS2_PLACEMENT_3D( '', #2252, #2253, #2254 );
#1338 = SURFACE_SIDE_STYLE( '', ( #2255 ) );
#1339 = EDGE_LOOP( '', ( #2256 ) );
#1340 = AXIS2_PLACEMENT_3D( '', #2257, #2258, #2259 );
#1341 = SURFACE_SIDE_STYLE( '', ( #2260 ) );
#1342 = EDGE_LOOP( '', ( #2261, #2262, #2263, #2264, #2265, #2266 ) );
#1343 = AXIS2_PLACEMENT_3D( '', #2267, #2268, #2269 );
#1344 = SURFACE_SIDE_STYLE( '', ( #2270 ) );
#1345 = EDGE_LOOP( '', ( #2271, #2272, #2273, #2274 ) );
#1346 = AXIS2_PLACEMENT_3D( '', #2275, #2276, #2277 );
#1347 = SURFACE_SIDE_STYLE( '', ( #2278 ) );
#1348 = EDGE_LOOP( '', ( #2279, #2280, #2281, #2282 ) );
#1349 = AXIS2_PLACEMENT_3D( '', #2283, #2284, #2285 );
#1350 = SURFACE_SIDE_STYLE( '', ( #2286 ) );
#1351 = EDGE_LOOP( '', ( #2287, #2288, #2289, #2290 ) );
#1352 = AXIS2_PLACEMENT_3D( '', #2291, #2292, #2293 );
#1353 = SURFACE_SIDE_STYLE( '', ( #2294 ) );
#1354 = EDGE_LOOP( '', ( #2295, #2296, #2297, #2298 ) );
#1355 = AXIS2_PLACEMENT_3D( '', #2299, #2300, #2301 );
#1356 = SURFACE_SIDE_STYLE( '', ( #2302 ) );
#1357 = EDGE_LOOP( '', ( #2303, #2304, #2305, #2306 ) );
#1358 = AXIS2_PLACEMENT_3D( '', #2307, #2308, #2309 );
#1359 = SURFACE_SIDE_STYLE( '', ( #2310 ) );
#1360 = EDGE_LOOP( '', ( #2311, #2312, #2313, #2314 ) );
#1361 = AXIS2_PLACEMENT_3D( '', #2315, #2316, #2317 );
#1362 = SURFACE_SIDE_STYLE( '', ( #2318 ) );
#1363 = EDGE_LOOP( '', ( #2319 ) );
#1364 = EDGE_LOOP( '', ( #2320 ) );
#1365 = AXIS2_PLACEMENT_3D( '', #2321, #2322, #2323 );
#1366 = SURFACE_SIDE_STYLE( '', ( #2324 ) );
#1367 = EDGE_LOOP( '', ( #2325, #2326, #2327, #2328 ) );
#1368 = AXIS2_PLACEMENT_3D( '', #2329, #2330, #2331 );
#1369 = SURFACE_SIDE_STYLE( '', ( #2332 ) );
#1370 = EDGE_LOOP( '', ( #2333 ) );
#1371 = AXIS2_PLACEMENT_3D( '', #2334, #2335, #2336 );
#1372 = SURFACE_SIDE_STYLE( '', ( #2337 ) );
#1373 = EDGE_LOOP( '', ( #2338 ) );
#1374 = EDGE_LOOP( '', ( #2339, #2340, #2341, #2342, #2343, #2344, #2345, #2346, #2347, #2348, #2349, #2350, #2351, #2352, #2353, #2354, #2355, #2356, #2357, #2358, #2359, #2360 ) );
#1375 = EDGE_LOOP( '', ( #2361 ) );
#1376 = EDGE_LOOP( '', ( #2362 ) );
#1377 = EDGE_LOOP( '', ( #2363 ) );
#1378 = EDGE_LOOP( '', ( #2364 ) );
#1379 = AXIS2_PLACEMENT_3D( '', #2365, #2366, #2367 );
#1380 = SURFACE_SIDE_STYLE( '', ( #2368 ) );
#1381 = EDGE_LOOP( '', ( #2369, #2370, #2371, #2372, #2373, #2374, #2375, #2376 ) );
#1382 = AXIS2_PLACEMENT_3D( '', #2377, #2378, #2379 );
#1383 = SURFACE_SIDE_STYLE( '', ( #2380 ) );
#1384 = EDGE_LOOP( '', ( #2381, #2382, #2383, #2384, #2385 ) );
#1385 = AXIS2_PLACEMENT_3D( '', #2386, #2387, #2388 );
#1386 = SURFACE_SIDE_STYLE( '', ( #2389 ) );
#1387 = EDGE_LOOP( '', ( #2390, #2391, #2392, #2393 ) );
#1388 = AXIS2_PLACEMENT_3D( '', #2394, #2395, #2396 );
#1389 = SURFACE_SIDE_STYLE( '', ( #2397 ) );
#1390 = EDGE_LOOP( '', ( #2398, #2399, #2400, #2401, #2402, #2403, #2404 ) );
#1391 = AXIS2_PLACEMENT_3D( '', #2405, #2406, #2407 );
#1392 = SURFACE_SIDE_STYLE( '', ( #2408 ) );
#1393 = EDGE_LOOP( '', ( #2409, #2410, #2411, #2412 ) );
#1394 = AXIS2_PLACEMENT_3D( '', #2413, #2414, #2415 );
#1395 = SURFACE_SIDE_STYLE( '', ( #2416 ) );
#1396 = EDGE_LOOP( '', ( #2417, #2418, #2419, #2420 ) );
#1397 = AXIS2_PLACEMENT_3D( '', #2421, #2422, #2423 );
#1398 = SURFACE_SIDE_STYLE( '', ( #2424 ) );
#1399 = EDGE_LOOP( '', ( #2425, #2426, #2427, #2428 ) );
#1400 = AXIS2_PLACEMENT_3D( '', #2429, #2430, #2431 );
#1401 = SURFACE_SIDE_STYLE( '', ( #2432 ) );
#1402 = EDGE_LOOP( '', ( #2433 ) );
#1403 = AXIS2_PLACEMENT_3D( '', #2434, #2435, #2436 );
#1404 = SURFACE_SIDE_STYLE( '', ( #2437 ) );
#1405 = EDGE_LOOP( '', ( #2438, #2439, #2440, #2441 ) );
#1406 = AXIS2_PLACEMENT_3D( '', #2442, #2443, #2444 );
#1407 = SURFACE_SIDE_STYLE( '', ( #2445 ) );
#1408 = EDGE_LOOP( '', ( #2446, #2447, #2448, #2449 ) );
#1409 = AXIS2_PLACEMENT_3D( '', #2450, #2451, #2452 );
#1410 = SURFACE_SIDE_STYLE( '', ( #2453 ) );
#1411 = EDGE_LOOP( '', ( #2454 ) );
#1412 = EDGE_LOOP( '', ( #2455 ) );
#1413 = AXIS2_PLACEMENT_3D( '', #2456, #2457, #2458 );
#1414 = SURFACE_SIDE_STYLE( '', ( #2459 ) );
#1415 = EDGE_LOOP( '', ( #2460, #2461, #2462, #2463 ) );
#1416 = AXIS2_PLACEMENT_3D( '', #2464, #2465, #2466 );
#1417 = SURFACE_SIDE_STYLE( '', ( #2467 ) );
#1418 = EDGE_LOOP( '', ( #2468, #2469, #2470, #2471 ) );
#1419 = AXIS2_PLACEMENT_3D( '', #2472, #2473, #2474 );
#1420 = SURFACE_SIDE_STYLE( '', ( #2475 ) );
#1421 = EDGE_LOOP( '', ( #2476 ) );
#1422 = EDGE_LOOP( '', ( #2477 ) );
#1423 = AXIS2_PLACEMENT_3D( '', #2478, #2479, #2480 );
#1424 = SURFACE_SIDE_STYLE( '', ( #2481 ) );
#1425 = EDGE_LOOP( '', ( #2482, #2483, #2484, #2485 ) );
#1426 = AXIS2_PLACEMENT_3D( '', #2486, #2487, #2488 );
#1427 = SURFACE_SIDE_STYLE( '', ( #2489 ) );
#1428 = EDGE_LOOP( '', ( #2490, #2491, #2492, #2493 ) );
#1429 = AXIS2_PLACEMENT_3D( '', #2494, #2495, #2496 );
#1430 = SURFACE_SIDE_STYLE( '', ( #2497 ) );
#1431 = EDGE_LOOP( '', ( #2498, #2499, #2500, #2501, #2502, #2503, #2504, #2505, #2506, #2507, #2508, #2509, #2510, #2511, #2512, #2513, #2514, #2515, #2516, #2517, #2518, #2519, #2520, #2521, #2522, #2523, #2524, #2525, #2526, #2527 ) );
#1432 = AXIS2_PLACEMENT_3D( '', #2528, #2529, #2530 );
#1433 = SURFACE_SIDE_STYLE( '', ( #2531 ) );
#1434 = EDGE_LOOP( '', ( #2532, #2533, #2534, #2535, #2536, #2537 ) );
#1435 = AXIS2_PLACEMENT_3D( '', #2538, #2539, #2540 );
#1436 = SURFACE_SIDE_STYLE( '', ( #2541 ) );
#1437 = EDGE_LOOP( '', ( #2542, #2543, #2544, #2545, #2546, #2547, #2548, #2549, #2550, #2551, #2552, #2553, #2554, #2555, #2556, #2557, #2558, #2559, #2560, #2561, #2562, #2563, #2564, #2565, #2566, #2567, #2568, #2569, #2570, #2571, #2572, #2573, #2574, #2575 ) );
#1438 = AXIS2_PLACEMENT_3D( '', #2576, #2577, #2578 );
#1439 = SURFACE_SIDE_STYLE( '', ( #2579 ) );
#1440 = EDGE_LOOP( '', ( #2580, #2581, #2582, #2583, #2584, #2585 ) );
#1441 = AXIS2_PLACEMENT_3D( '', #2586, #2587, #2588 );
#1442 = SURFACE_SIDE_STYLE( '', ( #2589 ) );
#1443 = EDGE_LOOP( '', ( #2590, #2591, #2592, #2593, #2594, #2595, #2596, #2597 ) );
#1444 = AXIS2_PLACEMENT_3D( '', #2598, #2599, #2600 );
#1445 = SURFACE_SIDE_STYLE( '', ( #2601 ) );
#1446 = EDGE_LOOP( '', ( #2602, #2603, #2604, #2605 ) );
#1447 = AXIS2_PLACEMENT_3D( '', #2606, #2607, #2608 );
#1448 = SURFACE_SIDE_STYLE( '', ( #2609 ) );
#1449 = EDGE_LOOP( '', ( #2610, #2611, #2612, #2613 ) );
#1450 = AXIS2_PLACEMENT_3D( '', #2614, #2615, #2616 );
#1451 = SURFACE_SIDE_STYLE( '', ( #2617 ) );
#1452 = EDGE_LOOP( '', ( #2618, #2619, #2620, #2621, #2622, #2623, #2624, #2625, #2626, #2627, #2628, #2629 ) );
#1453 = AXIS2_PLACEMENT_3D( '', #2630, #2631, #2632 );
#1454 = SURFACE_SIDE_STYLE( '', ( #2633 ) );
#1455 = EDGE_LOOP( '', ( #2634, #2635, #2636, #2637 ) );
#1456 = AXIS2_PLACEMENT_3D( '', #2638, #2639, #2640 );
#1457 = SURFACE_SIDE_STYLE( '', ( #2641 ) );
#1458 = EDGE_LOOP( '', ( #2642, #2643, #2644, #2645 ) );
#1459 = AXIS2_PLACEMENT_3D( '', #2646, #2647, #2648 );
#1460 = SURFACE_SIDE_STYLE( '', ( #2649 ) );
#1461 = EDGE_LOOP( '', ( #2650, #2651, #2652, #2653, #2654 ) );
#1462 = AXIS2_PLACEMENT_3D( '', #2655, #2656, #2657 );
#1463 = SURFACE_SIDE_STYLE( '', ( #2658 ) );
#1464 = EDGE_LOOP( '', ( #2659, #2660, #2661, #2662 ) );
#1465 = AXIS2_PLACEMENT_3D( '', #2663, #2664, #2665 );
#1466 = SURFACE_SIDE_STYLE( '', ( #2666 ) );
#1467 = EDGE_LOOP( '', ( #2667, #2668, #2669, #2670 ) );
#1468 = AXIS2_PLACEMENT_3D( '', #2671, #2672, #2673 );
#1469 = SURFACE_SIDE_STYLE( '', ( #2674 ) );
#1470 = EDGE_LOOP( '', ( #2675, #2676, #2677, #2678, #2679 ) );
#1471 = AXIS2_PLACEMENT_3D( '', #2680, #2681, #2682 );
#1472 = SURFACE_SIDE_STYLE( '', ( #2683 ) );
#1473 = EDGE_LOOP( '', ( #2684, #2685, #2686, #2687, #2688, #2689 ) );
#1474 = AXIS2_PLACEMENT_3D( '', #2690, #2691, #2692 );
#1475 = SURFACE_SIDE_STYLE( '', ( #2693 ) );
#1476 = EDGE_LOOP( '', ( #2694, #2695, #2696, #2697 ) );
#1477 = AXIS2_PLACEMENT_3D( '', #2698, #2699, #2700 );
#1478 = SURFACE_SIDE_STYLE( '', ( #2701 ) );
#1479 = EDGE_LOOP( '', ( #2702, #2703, #2704, #2705 ) );
#1480 = AXIS2_PLACEMENT_3D( '', #2706, #2707, #2708 );
#1481 = SURFACE_SIDE_STYLE( '', ( #2709 ) );
#1482 = EDGE_LOOP( '', ( #2710 ) );
#1483 = EDGE_LOOP( '', ( #2711 ) );
#1484 = AXIS2_PLACEMENT_3D( '', #2712, #2713, #2714 );
#1485 = SURFACE_SIDE_STYLE( '', ( #2715 ) );
#1486 = EDGE_LOOP( '', ( #2716 ) );
#1487 = EDGE_LOOP( '', ( #2717 ) );
#1488 = AXIS2_PLACEMENT_3D( '', #2718, #2719, #2720 );
#1489 = SURFACE_SIDE_STYLE( '', ( #2721 ) );
#1490 = EDGE_LOOP( '', ( #2722 ) );
#1491 = EDGE_LOOP( '', ( #2723 ) );
#1492 = AXIS2_PLACEMENT_3D( '', #2724, #2725, #2726 );
#1493 = SURFACE_SIDE_STYLE( '', ( #2727 ) );
#1494 = EDGE_LOOP( '', ( #2728, #2729, #2730, #2731, #2732 ) );
#1495 = AXIS2_PLACEMENT_3D( '', #2733, #2734, #2735 );
#1496 = SURFACE_SIDE_STYLE( '', ( #2736 ) );
#1497 = EDGE_LOOP( '', ( #2737 ) );
#1498 = EDGE_LOOP( '', ( #2738 ) );
#1499 = AXIS2_PLACEMENT_3D( '', #2739, #2740, #2741 );
#1500 = SURFACE_SIDE_STYLE( '', ( #2742 ) );
#1501 = EDGE_LOOP( '', ( #2743, #2744, #2745, #2746, #2747, #2748 ) );
#1502 = AXIS2_PLACEMENT_3D( '', #2749, #2750, #2751 );
#1503 = SURFACE_SIDE_STYLE( '', ( #2752 ) );
#1504 = EDGE_LOOP( '', ( #2753 ) );
#1505 = EDGE_LOOP( '', ( #2754 ) );
#1506 = AXIS2_PLACEMENT_3D( '', #2755, #2756, #2757 );
#1507 = SURFACE_SIDE_STYLE( '', ( #2758 ) );
#1508 = EDGE_LOOP( '', ( #2759 ) );
#1509 = AXIS2_PLACEMENT_3D( '', #2760, #2761, #2762 );
#1510 = SURFACE_SIDE_STYLE( '', ( #2763 ) );
#1511 = EDGE_LOOP( '', ( #2764 ) );
#1512 = EDGE_LOOP( '', ( #2765 ) );
#1513 = AXIS2_PLACEMENT_3D( '', #2766, #2767, #2768 );
#1514 = SURFACE_SIDE_STYLE( '', ( #2769 ) );
#1515 = EDGE_LOOP( '', ( #2770 ) );
#1516 = EDGE_LOOP( '', ( #2771 ) );
#1517 = EDGE_LOOP( '', ( #2772 ) );
#1518 = EDGE_LOOP( '', ( #2773 ) );
#1519 = EDGE_LOOP( '', ( #2774, #2775, #2776, #2777, #2778, #2779, #2780, #2781, #2782, #2783, #2784, #2785, #2786, #2787, #2788, #2789, #2790, #2791, #2792, #2793, #2794, #2795 ) );
#1520 = EDGE_LOOP( '', ( #2796 ) );
#1521 = AXIS2_PLACEMENT_3D( '', #2797, #2798, #2799 );
#1522 = SURFACE_SIDE_STYLE( '', ( #2800 ) );
#1523 = EDGE_LOOP( '', ( #2801, #2802, #2803, #2804 ) );
#1524 = AXIS2_PLACEMENT_3D( '', #2805, #2806, #2807 );
#1525 = SURFACE_SIDE_STYLE( '', ( #2808 ) );
#1526 = EDGE_LOOP( '', ( #2809, #2810, #2811, #2812 ) );
#1527 = AXIS2_PLACEMENT_3D( '', #2813, #2814, #2815 );
#1528 = SURFACE_SIDE_STYLE( '', ( #2816 ) );
#1529 = EDGE_LOOP( '', ( #2817, #2818, #2819, #2820 ) );
#1530 = AXIS2_PLACEMENT_3D( '', #2821, #2822, #2823 );
#1531 = SURFACE_SIDE_STYLE( '', ( #2824 ) );
#1532 = EDGE_LOOP( '', ( #2825, #2826, #2827, #2828 ) );
#1533 = AXIS2_PLACEMENT_3D( '', #2829, #2830, #2831 );
#1534 = SURFACE_SIDE_STYLE( '', ( #2832 ) );
#1535 = EDGE_LOOP( '', ( #2833 ) );
#1536 = EDGE_LOOP( '', ( #2834 ) );
#1537 = AXIS2_PLACEMENT_3D( '', #2835, #2836, #2837 );
#1538 = SURFACE_SIDE_STYLE( '', ( #2838 ) );
#1539 = EDGE_LOOP( '', ( #2839 ) );
#1540 = EDGE_LOOP( '', ( #2840 ) );
#1541 = AXIS2_PLACEMENT_3D( '', #2841, #2842, #2843 );
#1542 = SURFACE_SIDE_STYLE( '', ( #2844 ) );
#1543 = EDGE_LOOP( '', ( #2845, #2846, #2847, #2848 ) );
#1544 = AXIS2_PLACEMENT_3D( '', #2849, #2850, #2851 );
#1545 = SURFACE_SIDE_STYLE( '', ( #2852 ) );
#1546 = EDGE_LOOP( '', ( #2853, #2854, #2855, #2856, #2857, #2858, #2859, #2860, #2861, #2862, #2863, #2864, #2865, #2866, #2867, #2868, #2869, #2870 ) );
#1547 = AXIS2_PLACEMENT_3D( '', #2871, #2872, #2873 );
#1548 = SURFACE_SIDE_STYLE( '', ( #2874 ) );
#1549 = EDGE_LOOP( '', ( #2875, #2876, #2877, #2878 ) );
#1550 = AXIS2_PLACEMENT_3D( '', #2879, #2880, #2881 );
#1551 = SURFACE_SIDE_STYLE( '', ( #2882 ) );
#1552 = EDGE_LOOP( '', ( #2883, #2884, #2885, #2886 ) );
#1553 = AXIS2_PLACEMENT_3D( '', #2887, #2888, #2889 );
#1554 = SURFACE_SIDE_STYLE( '', ( #2890 ) );
#1555 = EDGE_LOOP( '', ( #2891, #2892, #2893, #2894 ) );
#1556 = AXIS2_PLACEMENT_3D( '', #2895, #2896, #2897 );
#1557 = SURFACE_SIDE_STYLE( '', ( #2898 ) );
#1558 = EDGE_LOOP( '', ( #2899, #2900, #2901, #2902 ) );
#1559 = AXIS2_PLACEMENT_3D( '', #2903, #2904, #2905 );
#1560 = SURFACE_SIDE_STYLE( '', ( #2906 ) );
#1561 = EDGE_LOOP( '', ( #2907 ) );
#1562 = EDGE_LOOP( '', ( #2908 ) );
#1563 = AXIS2_PLACEMENT_3D( '', #2909, #2910, #2911 );
#1564 = SURFACE_SIDE_STYLE( '', ( #2912 ) );
#1565 = EDGE_LOOP( '', ( #2913, #2914, #2915, #2916 ) );
#1566 = AXIS2_PLACEMENT_3D( '', #2917, #2918, #2919 );
#1567 = SURFACE_SIDE_STYLE( '', ( #2920 ) );
#1568 = EDGE_LOOP( '', ( #2921, #2922, #2923, #2924 ) );
#1569 = AXIS2_PLACEMENT_3D( '', #2925, #2926, #2927 );
#1570 = SURFACE_SIDE_STYLE( '', ( #2928 ) );
#1571 = EDGE_LOOP( '', ( #2929, #2930, #2931, #2932, #2933, #2934, #2935 ) );
#1572 = AXIS2_PLACEMENT_3D( '', #2936, #2937, #2938 );
#1573 = SURFACE_SIDE_STYLE( '', ( #2939 ) );
#1574 = EDGE_LOOP( '', ( #2940 ) );
#1575 = EDGE_LOOP( '', ( #2941 ) );
#1576 = AXIS2_PLACEMENT_3D( '', #2942, #2943, #2944 );
#1577 = SURFACE_SIDE_STYLE( '', ( #2945 ) );
#1578 = EDGE_LOOP( '', ( #2946, #2947, #2948, #2949 ) );
#1579 = AXIS2_PLACEMENT_3D( '', #2950, #2951, #2952 );
#1580 = SURFACE_SIDE_STYLE( '', ( #2953 ) );
#1581 = EDGE_LOOP( '', ( #2954, #2955, #2956, #2957 ) );
#1582 = AXIS2_PLACEMENT_3D( '', #2958, #2959, #2960 );
#1583 = SURFACE_SIDE_STYLE( '', ( #2961 ) );
#1584 = EDGE_LOOP( '', ( #2962 ) );
#1585 = EDGE_LOOP( '', ( #2963 ) );
#1586 = AXIS2_PLACEMENT_3D( '', #2964, #2965, #2966 );
#1587 = SURFACE_SIDE_STYLE( '', ( #2967 ) );
#1588 = EDGE_LOOP( '', ( #2968 ) );
#1589 = EDGE_LOOP( '', ( #2969 ) );
#1590 = AXIS2_PLACEMENT_3D( '', #2970, #2971, #2972 );
#1591 = SURFACE_SIDE_STYLE( '', ( #2973 ) );
#1592 = EDGE_LOOP( '', ( #2974, #2975, #2976, #2977 ) );
#1593 = AXIS2_PLACEMENT_3D( '', #2978, #2979, #2980 );
#1594 = SURFACE_SIDE_STYLE( '', ( #2981 ) );
#1595 = EDGE_LOOP( '', ( #2982, #2983, #2984, #2985 ) );
#1596 = AXIS2_PLACEMENT_3D( '', #2986, #2987, #2988 );
#1597 = SURFACE_SIDE_STYLE( '', ( #2989 ) );
#1598 = EDGE_LOOP( '', ( #2990, #2991, #2992, #2993, #2994 ) );
#1599 = AXIS2_PLACEMENT_3D( '', #2995, #2996, #2997 );
#1600 = SURFACE_SIDE_STYLE( '', ( #2998 ) );
#1601 = EDGE_LOOP( '', ( #2999, #3000, #3001, #3002 ) );
#1602 = AXIS2_PLACEMENT_3D( '', #3003, #3004, #3005 );
#1603 = SURFACE_SIDE_STYLE( '', ( #3006 ) );
#1604 = EDGE_LOOP( '', ( #3007, #3008, #3009, #3010, #3011 ) );
#1605 = AXIS2_PLACEMENT_3D( '', #3012, #3013, #3014 );
#1606 = SURFACE_SIDE_STYLE( '', ( #3015 ) );
#1607 = EDGE_LOOP( '', ( #3016, #3017, #3018, #3019, #3020 ) );
#1608 = AXIS2_PLACEMENT_3D( '', #3021, #3022, #3023 );
#1609 = SURFACE_SIDE_STYLE( '', ( #3024 ) );
#1610 = EDGE_LOOP( '', ( #3025, #3026, #3027, #3028 ) );
#1611 = AXIS2_PLACEMENT_3D( '', #3029, #3030, #3031 );
#1612 = SURFACE_SIDE_STYLE( '', ( #3032 ) );
#1613 = EDGE_LOOP( '', ( #3033 ) );
#1614 = EDGE_LOOP( '', ( #3034 ) );
#1615 = AXIS2_PLACEMENT_3D( '', #3035, #3036, #3037 );
#1616 = CARTESIAN_POINT( '', ( 0.000000000000000, 0.000000000000000, 0.000000000000000 ) );
#1617 = DIRECTION( '', ( 0.000000000000000, 0.000000000000000, 1.00000000000000 ) );
#1618 = DIRECTION( '', ( 1.00000000000000, 0.000000000000000, 0.000000000000000 ) );
#1619 = CARTESIAN_POINT( '', ( 0.000000000000000, 0.000000000000000, 0.000000000000000 ) );
#1620 = DIRECTION( '', ( 0.000000000000000, 0.000000000000000, 1.00000000000000 ) );
#1621 = DIRECTION( '', ( 1.00000000000000, 0.000000000000000, 0.000000000000000 ) );
#1622 = CARTESIAN_POINT( '', ( 0.000000000000000, 0.000000000000000, 0.000000000000000 ) );
#1623 = DIRECTION( '', ( -1.94289029309402E-016, 3.46304383251906E-016, 1.00000000000000 ) );
#1624 = DIRECTION( '', ( -1.00000000000000, 1.07936326021935E-016, -1.94289029309402E-016 ) );
#1626 = SURFACE_STYLE_FILL_AREA( #3038 );
#1627 = ORIENTED_EDGE( '', *, *, #3039, .F. );
#1628 = ORIENTED_EDGE( '', *, *, #3040, .F. );
#1629 = ORIENTED_EDGE( '', *, *, #3041, .T. );
#1630 = ORIENTED_EDGE( '', *, *, #3042, .T. );
#1631 = CARTESIAN_POINT( '', ( -5.30000000000000, 12.5000000000000, -3.20000000000000 ) );
#1632 = DIRECTION( '', ( 0.707106781186548, 0.000000000000000, -0.707106781186548 ) );
#1633 = DIRECTION( '', ( -0.707106781186548, 0.000000000000000, -0.707106781186548 ) );
#1634 = SURFACE_STYLE_FILL_AREA( #3043 );
#1635 = ORIENTED_EDGE( '', *, *, #3044, .F. );
#1636 = ORIENTED_EDGE( '', *, *, #3045, .F. );
#1637 = ORIENTED_EDGE( '', *, *, #3046, .T. );
#1638 = ORIENTED_EDGE( '', *, *, #3047, .T. );
#1639 = CARTESIAN_POINT( '', ( 4.30000000000000, 38.2461252939432, -7.10000000000000 ) );
#1640 = DIRECTION( '', ( 1.00000000000000, 0.000000000000000, 1.14126544472158E-015 ) );
#1641 = DIRECTION( '', ( 1.14126544472158E-015, 0.000000000000000, -1.00000000000000 ) );
#1642 = SURFACE_STYLE_FILL_AREA( #3048 );
#1643 = ORIENTED_EDGE( '', *, *, #3049, .F. );
#1644 = ORIENTED_EDGE( '', *, *, #3050, .T. );
#1645 = CARTESIAN_POINT( '', ( 5.00000000000000, 11.2500000000000, 28.9817647408501 ) );
#1646 = DIRECTION( '', ( -0.000000000000000, -0.000000000000000, 1.00000000000000 ) );
#1647 = DIRECTION( '', ( -1.00000000000000, 0.000000000000000, 0.000000000000000 ) );
#1648 = SURFACE_STYLE_FILL_AREA( #3051 );
#1649 = ORIENTED_EDGE( '', *, *, #3052, .T. );
#1650 = ORIENTED_EDGE( '', *, *, #3053, .T. );
#1651 = ORIENTED_EDGE( '', *, *, #3054, .T. );
#1652 = ORIENTED_EDGE( '', *, *, #3055, .T. );
#1653 = ORIENTED_EDGE( '', *, *, #3056, .T. );
#1654 = ORIENTED_EDGE( '', *, *, #3057, .T. );
#1655 = ORIENTED_EDGE( '', *, *, #3058, .T. );
#1656 = ORIENTED_EDGE( '', *, *, #3059, .T. );
#1657 = ORIENTED_EDGE( '', *, *, #3060, .T. );
#1658 = ORIENTED_EDGE( '', *, *, #3061, .T. );
#1659 = ORIENTED_EDGE( '', *, *, #3062, .T. );
#1660 = ORIENTED_EDGE( '', *, *, #3063, .T. );
#1661 = ORIENTED_EDGE( '', *, *, #3064, .T. );
#1662 = ORIENTED_EDGE( '', *, *, #3065, .T. );
#1663 = ORIENTED_EDGE( '', *, *, #3066, .F. );
#1664 = ORIENTED_EDGE( '', *, *, #3067, .F. );
#1665 = ORIENTED_EDGE( '', *, *, #3068, .F. );
#1666 = ORIENTED_EDGE( '', *, *, #3069, .T. );
#1667 = ORIENTED_EDGE( '', *, *, #3070, .T. );
#1668 = ORIENTED_EDGE( '', *, *, #3071, .T. );
#1669 = CARTESIAN_POINT( '', ( -9.00000000000000, 9.00500000000000, -7.10000000000000 ) );
#1670 = DIRECTION( '', ( 0.000000000000000, 1.00000000000000, 0.000000000000000 ) );
#1671 = DIRECTION( '', ( 0.000000000000000, 0.000000000000000, 1.00000000000000 ) );
#1672 = SURFACE_STYLE_FILL_AREA( #3072 );
#1673 = ORIENTED_EDGE( '', *, *, #3073, .F. );
#1674 = ORIENTED_EDGE( '', *, *, #3074, .F. );
#1675 = ORIENTED_EDGE( '', *, *, #3075, .F. );
#1676 = ORIENTED_EDGE( '', *, *, #3076, .F. );
#1677 = CARTESIAN_POINT( '', ( -3.76954981558864, -9.00500000000000, 5.50000000000000 ) );
#1678 = DIRECTION( '', ( -0.000000000000000, 1.00000000000000, -0.000000000000000 ) );
#1679 = DIRECTION( '', ( 0.000000000000000, 0.000000000000000, -1.00000000000000 ) );
#1680 = SURFACE_STYLE_FILL_AREA( #3077 );
#1681 = ORIENTED_EDGE( '', *, *, #3078, .T. );
#1682 = ORIENTED_EDGE( '', *, *, #3079, .F. );
#1683 = CARTESIAN_POINT( '', ( -10.0000000000000, 11.2500000000000, 28.9817647408501 ) );
#1684 = DIRECTION( '', ( -0.000000000000000, -0.000000000000000, 1.00000000000000 ) );
#1685 = DIRECTION( '', ( -1.00000000000000, 0.000000000000000, 0.000000000000000 ) );
#1686 = SURFACE_STYLE_FILL_AREA( #3080 );
#1687 = ORIENTED_EDGE( '', *, *, #3081, .F. );
#1688 = ORIENTED_EDGE( '', *, *, #3082, .T. );
#1689 = ORIENTED_EDGE( '', *, *, #3083, .T. );
#1690 = ORIENTED_EDGE( '', *, *, #3084, .T. );
#1691 = ORIENTED_EDGE( '', *, *, #3085, .T. );
#1692 = ORIENTED_EDGE( '', *, *, #3086, .T. );
#1693 = ORIENTED_EDGE( '', *, *, #3087, .T. );
#1694 = ORIENTED_EDGE( '', *, *, #3088, .T. );
#1695 = ORIENTED_EDGE( '', *, *, #3073, .T. );
#1696 = ORIENTED_EDGE( '', *, *, #3089, .T. );
#1697 = ORIENTED_EDGE( '', *, *, #3090, .T. );
#1698 = ORIENTED_EDGE( '', *, *, #3091, .T. );
#1699 = ORIENTED_EDGE( '', *, *, #3092, .T. );
#1700 = ORIENTED_EDGE( '', *, *, #3093, .T. );
#1701 = ORIENTED_EDGE( '', *, *, #3094, .T. );
#1702 = ORIENTED_EDGE( '', *, *, #3095, .T. );
#1703 = ORIENTED_EDGE( '', *, *, #3096, .T. );
#1704 = ORIENTED_EDGE( '', *, *, #3097, .T. );
#1705 = ORIENTED_EDGE( '', *, *, #3098, .T. );
#1706 = ORIENTED_EDGE( '', *, *, #3099, .T. );
#1707 = CARTESIAN_POINT( '', ( -9.00000000000000, -9.00500000000000, -7.10000000000000 ) );
#1708 = DIRECTION( '', ( 0.000000000000000, -1.00000000000000, 0.000000000000000 ) );
#1709 = DIRECTION( '', ( 0.000000000000000, 0.000000000000000, -1.00000000000000 ) );
#1710 = SURFACE_STYLE_FILL_AREA( #3100 );
#1711 = ORIENTED_EDGE( '', *, *, #3101, .T. );
#1712 = ORIENTED_EDGE( '', *, *, #3102, .T. );
#1713 = ORIENTED_EDGE( '', *, *, #3103, .F. );
#1714 = ORIENTED_EDGE( '', *, *, #3104, .T. );
#1715 = CARTESIAN_POINT( '', ( 12.5000000000000, 9.00500000000000, -5.58000000000000 ) );
#1716 = DIRECTION( '', ( 0.000000000000000, -1.00000000000000, 0.000000000000000 ) );
#1717 = DIRECTION( '', ( 0.000000000000000, 0.000000000000000, -1.00000000000000 ) );
#1718 = SURFACE_STYLE_FILL_AREA( #3105 );
#1719 = ORIENTED_EDGE( '', *, *, #3106, .T. );
#1720 = ORIENTED_EDGE( '', *, *, #3107, .F. );
#1721 = CARTESIAN_POINT( '', ( 5.00000000000000, -11.2500000000000, -7.10000000000000 ) );
#1722 = DIRECTION( '', ( 0.000000000000000, 0.000000000000000, 1.00000000000000 ) );
#1723 = DIRECTION( '', ( 1.00000000000000, 0.000000000000000, 0.000000000000000 ) );
#1724 = SURFACE_STYLE_FILL_AREA( #3108 );
#1725 = ORIENTED_EDGE( '', *, *, #3109, .T. );
#1726 = ORIENTED_EDGE( '', *, *, #3053, .F. );
#1727 = ORIENTED_EDGE( '', *, *, #3110, .F. );
#1728 = ORIENTED_EDGE( '', *, *, #3094, .F. );
#1729 = CARTESIAN_POINT( '', ( -5.85000000000000, -8.35000000000000, 1.75000000000000 ) );
#1730 = DIRECTION( '', ( -1.00000000000000, 0.000000000000000, -2.47817639425259E-016 ) );
#1731 = DIRECTION( '', ( -2.47817639425259E-016, 0.000000000000000, 1.00000000000000 ) );
#1732 = SURFACE_STYLE_FILL_AREA( #3111 );
#1733 = ORIENTED_EDGE( '', *, *, #3112, .F. );
#1734 = ORIENTED_EDGE( '', *, *, #3113, .F. );
#1735 = ORIENTED_EDGE( '', *, *, #3114, .F. );
#1736 = ORIENTED_EDGE( '', *, *, #3115, .F. );
#1737 = CARTESIAN_POINT( '', ( -10.5000000000000, 10.9050000000000, -5.58000000000000 ) );
#1738 = DIRECTION( '', ( -0.000000000000000, -0.000000000000000, 1.00000000000000 ) );
#1739 = DIRECTION( '', ( -1.00000000000000, 0.000000000000000, 0.000000000000000 ) );
#1740 = SURFACE_STYLE_FILL_AREA( #3116 );
#1741 = ORIENTED_EDGE( '', *, *, #3117, .F. );
#1742 = ORIENTED_EDGE( '', *, *, #3118, .T. );
#1743 = CARTESIAN_POINT( '', ( 10.0000000000000, 11.2500000000000, -7.10000000000000 ) );
#1744 = DIRECTION( '', ( -0.000000000000000, -0.000000000000000, 1.00000000000000 ) );
#1745 = DIRECTION( '', ( -1.00000000000000, 0.000000000000000, 0.000000000000000 ) );
#1746 = SURFACE_STYLE_FILL_AREA( #3119 );
#1747 = ORIENTED_EDGE( '', *, *, #3120, .T. );
#1748 = ORIENTED_EDGE( '', *, *, #3121, .F. );
#1749 = ORIENTED_EDGE( '', *, *, #3122, .F. );
#1750 = ORIENTED_EDGE( '', *, *, #3087, .F. );
#1751 = CARTESIAN_POINT( '', ( -5.07781745930520, -8.35000000000000, 3.30000000000000 ) );
#1752 = DIRECTION( '', ( 0.000000000000000, 0.000000000000000, 1.00000000000000 ) );
#1753 = DIRECTION( '', ( 1.00000000000000, 0.000000000000000, 0.000000000000000 ) );
#1754 = SURFACE_STYLE_FILL_AREA( #3123 );
#1755 = ORIENTED_EDGE( '', *, *, #3124, .F. );
#1756 = ORIENTED_EDGE( '', *, *, #3125, .F. );
#1757 = ORIENTED_EDGE( '', *, *, #3126, .T. );
#1758 = ORIENTED_EDGE( '', *, *, #3127, .T. );
#1759 = CARTESIAN_POINT( '', ( 7.00000000000000, -8.35000000000000, -4.00000000000000 ) );
#1760 = DIRECTION( '', ( -0.000000000000000, -1.00000000000000, -0.000000000000000 ) );
#1761 = DIRECTION( '', ( 0.000000000000000, 0.000000000000000, 1.00000000000000 ) );
#1762 = SURFACE_STYLE_FILL_AREA( #3128 );
#1763 = ORIENTED_EDGE( '', *, *, #3129, .T. );
#1764 = ORIENTED_EDGE( '', *, *, #3130, .T. );
#1765 = ORIENTED_EDGE( '', *, *, #3131, .T. );
#1766 = ORIENTED_EDGE( '', *, *, #3132, .F. );
#1767 = CARTESIAN_POINT( '', ( -0.700000000000000, -38.2461252939432, -5.58000000000000 ) );
#1768 = DIRECTION( '', ( 1.00000000000000, 0.000000000000000, 5.70632722360792E-016 ) );
#1769 = DIRECTION( '', ( 5.70632722360792E-016, 0.000000000000000, -1.00000000000000 ) );
#1770 = SURFACE_STYLE_FILL_AREA( #3133 );
#1771 = ORIENTED_EDGE( '', *, *, #3085, .F. );
#1772 = ORIENTED_EDGE( '', *, *, #3134, .F. );
#1773 = ORIENTED_EDGE( '', *, *, #3135, .F. );
#1774 = ORIENTED_EDGE( '', *, *, #3136, .F. );
#1775 = CARTESIAN_POINT( '', ( 3.76954981558864, -28.6351200451474, 5.50000000000000 ) );
#1776 = DIRECTION( '', ( -0.000000000000000, 1.00000000000000, -0.000000000000000 ) );
#1777 = DIRECTION( '', ( 0.000000000000000, 0.000000000000000, -1.00000000000000 ) );
#1778 = SURFACE_STYLE_FILL_AREA( #3137 );
#1779 = ORIENTED_EDGE( '', *, *, #3065, .F. );
#1780 = ORIENTED_EDGE( '', *, *, #3138, .F. );
#1781 = ORIENTED_EDGE( '', *, *, #3139, .F. );
#1782 = ORIENTED_EDGE( '', *, *, #3140, .F. );
#1783 = CARTESIAN_POINT( '', ( -3.76954981558864, 28.6351200451474, 5.50000000000000 ) );
#1784 = DIRECTION( '', ( -0.000000000000000, 1.00000000000000, -0.000000000000000 ) );
#1785 = DIRECTION( '', ( 0.000000000000000, 0.000000000000000, -1.00000000000000 ) );
#1786 = SURFACE_STYLE_FILL_AREA( #3141 );
#1787 = ORIENTED_EDGE( '', *, *, #3142, .F. );
#1788 = ORIENTED_EDGE( '', *, *, #3143, .T. );
#1789 = CARTESIAN_POINT( '', ( -10.0000000000000, 11.2500000000000, -7.10000000000000 ) );
#1790 = DIRECTION( '', ( -0.000000000000000, -0.000000000000000, 1.00000000000000 ) );
#1791 = DIRECTION( '', ( -1.00000000000000, 0.000000000000000, 0.000000000000000 ) );
#1792 = SURFACE_STYLE_FILL_AREA( #3144 );
#1793 = ORIENTED_EDGE( '', *, *, #3145, .F. );
#1794 = ORIENTED_EDGE( '', *, *, #3146, .T. );
#1795 = ORIENTED_EDGE( '', *, *, #3147, .F. );
#1796 = ORIENTED_EDGE( '', *, *, #3148, .F. );
#1797 = CARTESIAN_POINT( '', ( -12.5000000000000, -12.9050000000000, -5.58000000000000 ) );
#1798 = DIRECTION( '', ( 1.00000000000000, -6.12303176911189E-017, 0.000000000000000 ) );
#1799 = DIRECTION( '', ( 6.12303176911189E-017, 1.00000000000000, 0.000000000000000 ) );
#1800 = SURFACE_STYLE_FILL_AREA( #3149 );
#1801 = ORIENTED_EDGE( '', *, *, #3106, .F. );
#1802 = ORIENTED_EDGE( '', *, *, #3150, .T. );
#1803 = CARTESIAN_POINT( '', ( 5.00000000000000, -11.2500000000000, -7.10000000000000 ) );
#1804 = DIRECTION( '', ( -0.000000000000000, -0.000000000000000, 1.00000000000000 ) );
#1805 = DIRECTION( '', ( -1.00000000000000, 0.000000000000000, 0.000000000000000 ) );
#1806 = SURFACE_STYLE_FILL_AREA( #3151 );
#1807 = ORIENTED_EDGE( '', *, *, #3152, .F. );
#1808 = ORIENTED_EDGE( '', *, *, #3153, .T. );
#1809 = ORIENTED_EDGE( '', *, *, #3154, .T. );
#1810 = ORIENTED_EDGE( '', *, *, #3113, .T. );
#1811 = CARTESIAN_POINT( '', ( 12.5000000000000, 12.9050000000000, -3.32000000000000 ) );
#1812 = DIRECTION( '', ( 0.000000000000000, 1.00000000000000, 0.000000000000000 ) );
#1813 = DIRECTION( '', ( 0.000000000000000, 0.000000000000000, 1.00000000000000 ) );
#1814 = SURFACE_STYLE_FILL_AREA( #3155 );
#1815 = ORIENTED_EDGE( '', *, *, #3156, .F. );
#1816 = ORIENTED_EDGE( '', *, *, #3157, .F. );
#1817 = CARTESIAN_POINT( '', ( -7.00000000000000, -8.35000000000000, 4.00000000000000 ) );
#1818 = DIRECTION( '', ( 0.000000000000000, 1.00000000000000, 0.000000000000000 ) );
#1819 = DIRECTION( '', ( 0.000000000000000, 0.000000000000000, 1.00000000000000 ) );
#1820 = SURFACE_STYLE_FILL_AREA( #3158 );
#1821 = ORIENTED_EDGE( '', *, *, #3159, .T. );
#1822 = ORIENTED_EDGE( '', *, *, #3056, .F. );
#1823 = ORIENTED_EDGE( '', *, *, #3160, .F. );
#1824 = ORIENTED_EDGE( '', *, *, #3099, .F. );
#1825 = CARTESIAN_POINT( '', ( 5.85000000000000, -8.35000000000000, -1.75000000000000 ) );
#1826 = DIRECTION( '', ( 0.707106781186548, 0.000000000000000, -0.707106781186547 ) );
#1827 = DIRECTION( '', ( -0.707106781186547, 0.000000000000000, -0.707106781186548 ) );
#1828 = SURFACE_STYLE_FILL_AREA( #3161 );
#1829 = ORIENTED_EDGE( '', *, *, #3162, .T. );
#1830 = ORIENTED_EDGE( '', *, *, #3163, .T. );
#1831 = CARTESIAN_POINT( '', ( -5.00000000000000, -11.2500000000000, -7.10000000000000 ) );
#1832 = DIRECTION( '', ( 0.000000000000000, 0.000000000000000, 1.00000000000000 ) );
#1833 = DIRECTION( '', ( 1.00000000000000, 0.000000000000000, 0.000000000000000 ) );
#1834 = SURFACE_STYLE_FILL_AREA( #3164 );
#1835 = ORIENTED_EDGE( '', *, *, #3165, .F. );
#1836 = ORIENTED_EDGE( '', *, *, #3166, .T. );
#1837 = CARTESIAN_POINT( '', ( 0.000000000000000, 11.2500000000000, -7.10000000000000 ) );
#1838 = DIRECTION( '', ( -0.000000000000000, -0.000000000000000, 1.00000000000000 ) );
#1839 = DIRECTION( '', ( -1.00000000000000, 0.000000000000000, 0.000000000000000 ) );
#1840 = SURFACE_STYLE_FILL_AREA( #3167 );
#1841 = ORIENTED_EDGE( '', *, *, #3168, .T. );
#1842 = ORIENTED_EDGE( '', *, *, #3169, .T. );
#1843 = ORIENTED_EDGE( '', *, *, #3170, .T. );
#1844 = ORIENTED_EDGE( '', *, *, #3171, .T. );
#1845 = ORIENTED_EDGE( '', *, *, #3062, .F. );
#1846 = ORIENTED_EDGE( '', *, *, #3172, .F. );
#1847 = ORIENTED_EDGE( '', *, *, #3173, .T. );
#1848 = CARTESIAN_POINT( '', ( -9.00000000000000, 9.00500000000000, -7.10000000000000 ) );
#1849 = DIRECTION( '', ( 1.00000000000000, 0.000000000000000, 1.32421639387543E-016 ) );
#1850 = DIRECTION( '', ( 1.32421639387543E-016, 0.000000000000000, -1.00000000000000 ) );
#1851 = SURFACE_STYLE_FILL_AREA( #3174 );
#1852 = ORIENTED_EDGE( '', *, *, #3175, .T. );
#1853 = ORIENTED_EDGE( '', *, *, #3176, .T. );
#1854 = ORIENTED_EDGE( '', *, *, #3177, .F. );
#1855 = ORIENTED_EDGE( '', *, *, #3178, .T. );
#1856 = CARTESIAN_POINT( '', ( 12.5000000000000, 12.5000000000000, -3.20000000000000 ) );
#1857 = DIRECTION( '', ( 1.00000000000000, 0.000000000000000, 0.000000000000000 ) );
#1858 = DIRECTION( '', ( 0.000000000000000, 0.000000000000000, -1.00000000000000 ) );
#1859 = SURFACE_STYLE_FILL_AREA( #3179 );
#1860 = ORIENTED_EDGE( '', *, *, #3180, .F. );
#1861 = ORIENTED_EDGE( '', *, *, #3181, .T. );
#1862 = ORIENTED_EDGE( '', *, *, #3182, .F. );
#1863 = ORIENTED_EDGE( '', *, *, #3104, .F. );
#1864 = CARTESIAN_POINT( '', ( 12.5000000000000, 12.9050000000000, -5.58000000000000 ) );
#1865 = DIRECTION( '', ( -1.00000000000000, 6.12303176911189E-017, 0.000000000000000 ) );
#1866 = DIRECTION( '', ( -6.12303176911189E-017, -1.00000000000000, 0.000000000000000 ) );
#1867 = SURFACE_STYLE_FILL_AREA( #3183 );
#1868 = ORIENTED_EDGE( '', *, *, #3184, .T. );
#1869 = ORIENTED_EDGE( '', *, *, #3185, .T. );
#1870 = ORIENTED_EDGE( '', *, *, #3186, .F. );
#1871 = ORIENTED_EDGE( '', *, *, #3187, .T. );
#1872 = ORIENTED_EDGE( '', *, *, #3188, .T. );
#1873 = ORIENTED_EDGE( '', *, *, #3175, .F. );
#1874 = CARTESIAN_POINT( '', ( 12.5000000000000, 12.5000000000000, 5.90000000000000 ) );
#1875 = DIRECTION( '', ( -4.75266705747070E-016, 0.000000000000000, 1.00000000000000 ) );
#1876 = DIRECTION( '', ( 1.00000000000000, 0.000000000000000, 4.75266705747070E-016 ) );
#1877 = SURFACE_STYLE_FILL_AREA( #3189 );
#1878 = ORIENTED_EDGE( '', *, *, #3190, .F. );
#1879 = ORIENTED_EDGE( '', *, *, #3191, .F. );
#1880 = ORIENTED_EDGE( '', *, *, #3192, .F. );
#1881 = ORIENTED_EDGE( '', *, *, #3193, .F. );
#1882 = CARTESIAN_POINT( '', ( -8.00000000000000, -9.00500000000000, -6.10000000000000 ) );
#1883 = DIRECTION( '', ( -0.000000000000000, -1.00000000000000, -0.000000000000000 ) );
#1884 = DIRECTION( '', ( 0.000000000000000, 0.000000000000000, 1.00000000000000 ) );
#1885 = SURFACE_STYLE_FILL_AREA( #3194 );
#1886 = ORIENTED_EDGE( '', *, *, #3195, .F. );
#1887 = ORIENTED_EDGE( '', *, *, #3196, .F. );
#1888 = ORIENTED_EDGE( '', *, *, #3197, .F. );
#1889 = ORIENTED_EDGE( '', *, *, #3198, .F. );
#1890 = CARTESIAN_POINT( '', ( 10.5000000000000, -10.9050000000000, -5.58000000000000 ) );
#1891 = DIRECTION( '', ( -0.000000000000000, -0.000000000000000, -1.00000000000000 ) );
#1892 = DIRECTION( '', ( 1.00000000000000, 0.000000000000000, 0.000000000000000 ) );
#1893 = SURFACE_STYLE_FILL_AREA( #3199 );
#1894 = ORIENTED_EDGE( '', *, *, #3200, .T. );
#1895 = ORIENTED_EDGE( '', *, *, #3201, .T. );
#1896 = CARTESIAN_POINT( '', ( -10.0000000000000, -11.2500000000000, -7.10000000000000 ) );
#1897 = DIRECTION( '', ( 0.000000000000000, 0.000000000000000, 1.00000000000000 ) );
#1898 = DIRECTION( '', ( 1.00000000000000, 0.000000000000000, 0.000000000000000 ) );
#1899 = SURFACE_STYLE_FILL_AREA( #3202 );
#1900 = ORIENTED_EDGE( '', *, *, #3201, .F. );
#1901 = ORIENTED_EDGE( '', *, *, #3203, .T. );
#1902 = CARTESIAN_POINT( '', ( -10.0000000000000, -11.2500000000000, -7.10000000000000 ) );
#1903 = DIRECTION( '', ( -0.000000000000000, -0.000000000000000, 1.00000000000000 ) );
#1904 = DIRECTION( '', ( -1.00000000000000, 0.000000000000000, 0.000000000000000 ) );
#1905 = SURFACE_STYLE_FILL_AREA( #3204 );
#1906 = ORIENTED_EDGE( '', *, *, #3118, .F. );
#1907 = CARTESIAN_POINT( '', ( 10.0000000000000, 11.2500000000000, -10.6000000000000 ) );
#1908 = DIRECTION( '', ( 0.000000000000000, 0.000000000000000, -1.00000000000000 ) );
#1909 = DIRECTION( '', ( -1.00000000000000, 0.000000000000000, 0.000000000000000 ) );
#1910 = SURFACE_STYLE_FILL_AREA( #3205 );
#1911 = ORIENTED_EDGE( '', *, *, #3206, .F. );
#1912 = ORIENTED_EDGE( '', *, *, #3207, .F. );
#1913 = ORIENTED_EDGE( '', *, *, #3208, .T. );
#1914 = ORIENTED_EDGE( '', *, *, #3209, .T. );
#1915 = CARTESIAN_POINT( '', ( 4.70000000000000, 12.5000000000000, -2.60000000000000 ) );
#1916 = DIRECTION( '', ( -0.707106781186548, 0.000000000000000, -0.707106781186548 ) );
#1917 = DIRECTION( '', ( -0.707106781186548, 0.000000000000000, 0.707106781186548 ) );
#1918 = SURFACE_STYLE_FILL_AREA( #3210 );
#1919 = ORIENTED_EDGE( '', *, *, #3211, .F. );
#1920 = ORIENTED_EDGE( '', *, *, #3212, .T. );
#1921 = ORIENTED_EDGE( '', *, *, #3213, .T. );
#1922 = ORIENTED_EDGE( '', *, *, #3214, .F. );
#1923 = CARTESIAN_POINT( '', ( 9.00000000000000, -9.66000000000000, -5.58000000000000 ) );
#1924 = DIRECTION( '', ( 0.000000000000000, 0.918361947888643, 0.395741497280961 ) );
#1925 = DIRECTION( '', ( 0.000000000000000, -0.395741497280961, 0.918361947888643 ) );
#1926 = SURFACE_STYLE_FILL_AREA( #3215 );
#1927 = ORIENTED_EDGE( '', *, *, #3216, .F. );
#1928 = CARTESIAN_POINT( '', ( -5.00000000000000, -11.2500000000000, -10.6000000000000 ) );
#1929 = DIRECTION( '', ( 0.000000000000000, 0.000000000000000, -1.00000000000000 ) );
#1930 = DIRECTION( '', ( -1.00000000000000, 0.000000000000000, 0.000000000000000 ) );
#1931 = SURFACE_STYLE_FILL_AREA( #3217 );
#1932 = ORIENTED_EDGE( '', *, *, #3218, .F. );
#1933 = ORIENTED_EDGE( '', *, *, #3219, .F. );
#1934 = ORIENTED_EDGE( '', *, *, #3220, .T. );
#1935 = ORIENTED_EDGE( '', *, *, #3221, .F. );
#1936 = CARTESIAN_POINT( '', ( 5.70000000000000, -38.2461252939432, -5.58000000000000 ) );
#1937 = DIRECTION( '', ( 1.00000000000000, 0.000000000000000, 0.000000000000000 ) );
#1938 = DIRECTION( '', ( 0.000000000000000, 0.000000000000000, -1.00000000000000 ) );
#1939 = SURFACE_STYLE_FILL_AREA( #3222 );
#1940 = ORIENTED_EDGE( '', *, *, #3223, .F. );
#1941 = ORIENTED_EDGE( '', *, *, #3129, .F. );
#1942 = ORIENTED_EDGE( '', *, *, #3224, .T. );
#1943 = ORIENTED_EDGE( '', *, *, #3225, .F. );
#1944 = CARTESIAN_POINT( '', ( 9.00000000000000, -9.66000000000000, -5.58000000000000 ) );
#1945 = DIRECTION( '', ( 0.000000000000000, 0.918361947888643, 0.395741497280961 ) );
#1946 = DIRECTION( '', ( 0.000000000000000, -0.395741497280961, 0.918361947888643 ) );
#1947 = SURFACE_STYLE_FILL_AREA( #3226 );
#1948 = ORIENTED_EDGE( '', *, *, #3227, .F. );
#1949 = ORIENTED_EDGE( '', *, *, #3228, .F. );
#1950 = ORIENTED_EDGE( '', *, *, #3229, .F. );
#1951 = ORIENTED_EDGE( '', *, *, #3230, .F. );
#1952 = CARTESIAN_POINT( '', ( 8.00000000000000, -9.00500000000000, -6.10000000000000 ) );
#1953 = DIRECTION( '', ( -0.000000000000000, -1.00000000000000, -0.000000000000000 ) );
#1954 = DIRECTION( '', ( 0.000000000000000, 0.000000000000000, 1.00000000000000 ) );
#1955 = SURFACE_STYLE_FILL_AREA( #3231 );
#1956 = ORIENTED_EDGE( '', *, *, #3232, .F. );
#1957 = ORIENTED_EDGE( '', *, *, #3196, .T. );
#1958 = ORIENTED_EDGE( '', *, *, #3233, .T. );
#1959 = ORIENTED_EDGE( '', *, *, #3234, .T. );
#1960 = CARTESIAN_POINT( '', ( 12.5000000000000, -12.9050000000000, -3.32000000000000 ) );
#1961 = DIRECTION( '', ( 0.000000000000000, 1.00000000000000, 0.000000000000000 ) );
#1962 = DIRECTION( '', ( 0.000000000000000, 0.000000000000000, 1.00000000000000 ) );
#1963 = SURFACE_STYLE_FILL_AREA( #3235 );
#1964 = ORIENTED_EDGE( '', *, *, #3236, .T. );
#1965 = ORIENTED_EDGE( '', *, *, #3237, .F. );
#1966 = CARTESIAN_POINT( '', ( 10.0000000000000, -11.2500000000000, -7.10000000000000 ) );
#1967 = DIRECTION( '', ( 0.000000000000000, 0.000000000000000, 1.00000000000000 ) );
#1968 = DIRECTION( '', ( 1.00000000000000, 0.000000000000000, 0.000000000000000 ) );
#1969 = SURFACE_STYLE_FILL_AREA( #3238 );
#1970 = ORIENTED_EDGE( '', *, *, #3239, .T. );
#1971 = ORIENTED_EDGE( '', *, *, #3240, .F. );
#1972 = ORIENTED_EDGE( '', *, *, #3211, .T. );
#1973 = ORIENTED_EDGE( '', *, *, #3241, .F. );
#1974 = CARTESIAN_POINT( '', ( 4.30000000000000, -38.2461252939432, -6.62000000000000 ) );
#1975 = DIRECTION( '', ( 0.000000000000000, 0.000000000000000, -1.00000000000000 ) );
#1976 = DIRECTION( '', ( -1.00000000000000, 0.000000000000000, 0.000000000000000 ) );
#1977 = SURFACE_STYLE_FILL_AREA( #3242 );
#1978 = ORIENTED_EDGE( '', *, *, #3150, .F. );
#1979 = CARTESIAN_POINT( '', ( 5.00000000000000, -11.2500000000000, -10.6000000000000 ) );
#1980 = DIRECTION( '', ( 0.000000000000000, 0.000000000000000, 1.00000000000000 ) );
#1981 = DIRECTION( '', ( 1.00000000000000, 0.000000000000000, 0.000000000000000 ) );
#1982 = SURFACE_STYLE_FILL_AREA( #3243 );
#1983 = ORIENTED_EDGE( '', *, *, #3244, .F. );
#1984 = ORIENTED_EDGE( '', *, *, #3146, .F. );
#1985 = ORIENTED_EDGE( '', *, *, #3245, .F. );
#1986 = ORIENTED_EDGE( '', *, *, #3234, .F. );
#1987 = CARTESIAN_POINT( '', ( -10.5000000000000, -10.9050000000000, -3.32000000000000 ) );
#1988 = DIRECTION( '', ( -0.000000000000000, -0.000000000000000, 1.00000000000000 ) );
#1989 = DIRECTION( '', ( -1.00000000000000, 0.000000000000000, 0.000000000000000 ) );
#1990 = SURFACE_STYLE_FILL_AREA( #3246 );
#1991 = ORIENTED_EDGE( '', *, *, #3247, .F. );
#1992 = ORIENTED_EDGE( '', *, *, #3248, .T. );
#1993 = ORIENTED_EDGE( '', *, *, #3249, .T. );
#1994 = ORIENTED_EDGE( '', *, *, #3250, .T. );
#1995 = CARTESIAN_POINT( '', ( -0.700000000000000, 38.2461252939432, -5.58000000000000 ) );
#1996 = DIRECTION( '', ( -1.00000000000000, 0.000000000000000, -5.70632722360792E-016 ) );
#1997 = DIRECTION( '', ( -5.70632722360792E-016, 0.000000000000000, 1.00000000000000 ) );
#1998 = SURFACE_STYLE_FILL_AREA( #3251 );
#1999 = ORIENTED_EDGE( '', *, *, #3252, .F. );
#2000 = ORIENTED_EDGE( '', *, *, #3253, .F. );
#2001 = ORIENTED_EDGE( '', *, *, #3254, .T. );
#2002 = ORIENTED_EDGE( '', *, *, #3255, .T. );
#2003 = CARTESIAN_POINT( '', ( 4.21728036748125, 12.5000000000000, 3.20000000000000 ) );
#2004 = DIRECTION( '', ( 0.000000000000000, 0.000000000000000, 1.00000000000000 ) );
#2005 = DIRECTION( '', ( 1.00000000000000, 0.000000000000000, 0.000000000000000 ) );
#2006 = SURFACE_STYLE_FILL_AREA( #3256 );
#2007 = ORIENTED_EDGE( '', *, *, #3257, .F. );
#2008 = ORIENTED_EDGE( '', *, *, #3258, .F. );
#2009 = ORIENTED_EDGE( '', *, *, #3259, .T. );
#2010 = ORIENTED_EDGE( '', *, *, #3260, .T. );
#2011 = CARTESIAN_POINT( '', ( -8.50000000000000, -8.35000000000000, -4.00000000000000 ) );
#2012 = DIRECTION( '', ( -1.00000000000000, 0.000000000000000, 0.000000000000000 ) );
#2013 = DIRECTION( '', ( 0.000000000000000, 0.000000000000000, 1.00000000000000 ) );
#2014 = SURFACE_STYLE_FILL_AREA( #3261 );
#2015 = ORIENTED_EDGE( '', *, *, #3063, .F. );
#2016 = ORIENTED_EDGE( '', *, *, #3171, .F. );
#2017 = ORIENTED_EDGE( '', *, *, #3262, .F. );
#2018 = ORIENTED_EDGE( '', *, *, #3263, .F. );
#2019 = CARTESIAN_POINT( '', ( -7.00000000000000, 9.00500000000000, 4.00000000000000 ) );
#2020 = DIRECTION( '', ( -0.000000000000000, 1.00000000000000, -0.000000000000000 ) );
#2021 = DIRECTION( '', ( 0.000000000000000, 0.000000000000000, -1.00000000000000 ) );
#2022 = SURFACE_STYLE_FILL_AREA( #3264 );
#2023 = ORIENTED_EDGE( '', *, *, #3265, .F. );
#2024 = CARTESIAN_POINT( '', ( 0.000000000000000, -11.2500000000000, -10.6000000000000 ) );
#2025 = DIRECTION( '', ( 0.000000000000000, 0.000000000000000, 1.00000000000000 ) );
#2026 = DIRECTION( '', ( 1.00000000000000, 0.000000000000000, 0.000000000000000 ) );
#2027 = SURFACE_STYLE_FILL_AREA( #3266 );
#2028 = ORIENTED_EDGE( '', *, *, #3267, .F. );
#2029 = ORIENTED_EDGE( '', *, *, #3268, .F. );
#2030 = ORIENTED_EDGE( '', *, *, #3269, .T. );
#2031 = ORIENTED_EDGE( '', *, *, #3270, .T. );
#2032 = ORIENTED_EDGE( '', *, *, #3271, .T. );
#2033 = ORIENTED_EDGE( '', *, *, #3272, .T. );
#2034 = ORIENTED_EDGE( '', *, *, #3273, .F. );
#2035 = ORIENTED_EDGE( '', *, *, #3274, .F. );
#2036 = CARTESIAN_POINT( '', ( -7.00000000000000, -8.35000000000000, 5.50000000000000 ) );
#2037 = DIRECTION( '', ( 0.000000000000000, 0.000000000000000, 1.00000000000000 ) );
#2038 = DIRECTION( '', ( 1.00000000000000, 0.000000000000000, 0.000000000000000 ) );
#2039 = SURFACE_STYLE_FILL_AREA( #3275 );
#2040 = ORIENTED_EDGE( '', *, *, #3276, .F. );
#2041 = ORIENTED_EDGE( '', *, *, #3277, .F. );
#2042 = ORIENTED_EDGE( '', *, *, #3278, .T. );
#2043 = ORIENTED_EDGE( '', *, *, #3279, .T. );
#2044 = CARTESIAN_POINT( '', ( -5.70000000000000, 9.30000000000000, 1.60000000000000 ) );
#2045 = DIRECTION( '', ( -1.00000000000000, 0.000000000000000, 0.000000000000000 ) );
#2046 = DIRECTION( '', ( 0.000000000000000, 0.000000000000000, 1.00000000000000 ) );
#2047 = SURFACE_STYLE_FILL_AREA( #3280 );
#2048 = ORIENTED_EDGE( '', *, *, #3281, .T. );
#2049 = ORIENTED_EDGE( '', *, *, #3165, .T. );
#2050 = CARTESIAN_POINT( '', ( 0.000000000000000, 11.2500000000000, -7.10000000000000 ) );
#2051 = DIRECTION( '', ( 0.000000000000000, 0.000000000000000, 1.00000000000000 ) );
#2052 = DIRECTION( '', ( 1.00000000000000, 0.000000000000000, 0.000000000000000 ) );
#2053 = SURFACE_STYLE_FILL_AREA( #3282 );
#2054 = ORIENTED_EDGE( '', *, *, #3283, .T. );
#2055 = ORIENTED_EDGE( '', *, *, #3284, .T. );
#2056 = ORIENTED_EDGE( '', *, *, #3285, .F. );
#2057 = ORIENTED_EDGE( '', *, *, #3286, .F. );
#2058 = ORIENTED_EDGE( '', *, *, #3287, .F. );
#2059 = ORIENTED_EDGE( '', *, *, #3288, .F. );
#2060 = CARTESIAN_POINT( '', ( -5.20000000000000, 12.5000000000000, 5.90000000000000 ) );
#2061 = DIRECTION( '', ( 4.75266705747070E-016, 0.000000000000000, 1.00000000000000 ) );
#2062 = DIRECTION( '', ( 1.00000000000000, 0.000000000000000, -4.75266705747070E-016 ) );
#2063 = SURFACE_STYLE_FILL_AREA( #3289 );
#2064 = ORIENTED_EDGE( '', *, *, #3290, .T. );
#2065 = ORIENTED_EDGE( '', *, *, #3291, .F. );
#2066 = CARTESIAN_POINT( '', ( 0.000000000000000, -11.2500000000000, -7.10000000000000 ) );
#2067 = DIRECTION( '', ( 0.000000000000000, 0.000000000000000, 1.00000000000000 ) );
#2068 = DIRECTION( '', ( 1.00000000000000, 0.000000000000000, 0.000000000000000 ) );
#2069 = SURFACE_STYLE_FILL_AREA( #3292 );
#2070 = ORIENTED_EDGE( '', *, *, #3293, .T. );
#2071 = ORIENTED_EDGE( '', *, *, #3294, .T. );
#2072 = ORIENTED_EDGE( '', *, *, #3295, .F. );
#2073 = ORIENTED_EDGE( '', *, *, #3296, .F. );
#2074 = CARTESIAN_POINT( '', ( 0.700000000000000, 38.2461252939432, -7.10000000000000 ) );
#2075 = DIRECTION( '', ( 1.00000000000000, 0.000000000000000, -5.70632722360792E-016 ) );
#2076 = DIRECTION( '', ( -5.70632722360792E-016, 0.000000000000000, -1.00000000000000 ) );
#2077 = SURFACE_STYLE_FILL_AREA( #3297 );
#2078 = ORIENTED_EDGE( '', *, *, #3298, .T. );
#2079 = ORIENTED_EDGE( '', *, *, #3054, .F. );
#2080 = ORIENTED_EDGE( '', *, *, #3109, .F. );
#2081 = ORIENTED_EDGE( '', *, *, #3093, .F. );
#2082 = CARTESIAN_POINT( '', ( -4.85000000000000, -8.35000000000000, -2.75000000000000 ) );
#2083 = DIRECTION( '', ( -0.707106781186549, 0.000000000000000, -0.707106781186546 ) );
#2084 = DIRECTION( '', ( -0.707106781186546, 0.000000000000000, 0.707106781186549 ) );
#2085 = SURFACE_STYLE_FILL_AREA( #3299 );
#2086 = ORIENTED_EDGE( '', *, *, #3300, .F. );
#2087 = ORIENTED_EDGE( '', *, *, #3301, .F. );
#2088 = ORIENTED_EDGE( '', *, *, #3302, .F. );
#2089 = ORIENTED_EDGE( '', *, *, #3303, .F. );
#2090 = CARTESIAN_POINT( '', ( 8.00000000000000, 9.00500000000000, -6.10000000000000 ) );
#2091 = DIRECTION( '', ( -0.000000000000000, 1.00000000000000, -0.000000000000000 ) );
#2092 = DIRECTION( '', ( 0.000000000000000, 0.000000000000000, -1.00000000000000 ) );
#2093 = SURFACE_STYLE_FILL_AREA( #3304 );
#2094 = ORIENTED_EDGE( '', *, *, #3305, .F. );
#2095 = ORIENTED_EDGE( '', *, *, #3306, .T. );
#2096 = ORIENTED_EDGE( '', *, *, #3307, .T. );
#2097 = ORIENTED_EDGE( '', *, *, #3308, .F. );
#2098 = CARTESIAN_POINT( '', ( -5.70000000000000, 38.2461252939432, -5.58000000000000 ) );
#2099 = DIRECTION( '', ( -1.00000000000000, 0.000000000000000, 0.000000000000000 ) );
#2100 = DIRECTION( '', ( 0.000000000000000, 0.000000000000000, 1.00000000000000 ) );
#2101 = SURFACE_STYLE_FILL_AREA( #3309 );
#2102 = ORIENTED_EDGE( '', *, *, #3310, .F. );
#2103 = ORIENTED_EDGE( '', *, *, #3311, .F. );
#2104 = ORIENTED_EDGE( '', *, *, #3312, .T. );
#2105 = ORIENTED_EDGE( '', *, *, #3277, .T. );
#2106 = CARTESIAN_POINT( '', ( -4.70000000000000, 9.30000000000000, 2.60000000000000 ) );
#2107 = DIRECTION( '', ( -0.707106781186548, 0.000000000000000, 0.707106781186547 ) );
#2108 = DIRECTION( '', ( 0.707106781186547, 0.000000000000000, 0.707106781186548 ) );
#2109 = SURFACE_STYLE_FILL_AREA( #3313 );
#2110 = ORIENTED_EDGE( '', *, *, #3314, .T. );
#2111 = ORIENTED_EDGE( '', *, *, #3130, .F. );
#2112 = ORIENTED_EDGE( '', *, *, #3223, .T. );
#2113 = ORIENTED_EDGE( '', *, *, #3315, .F. );
#2114 = CARTESIAN_POINT( '', ( 4.30000000000000, -38.2461252939432, -6.62000000000000 ) );
#2115 = DIRECTION( '', ( 0.000000000000000, 0.000000000000000, -1.00000000000000 ) );
#2116 = DIRECTION( '', ( -1.00000000000000, 0.000000000000000, 0.000000000000000 ) );
#2117 = SURFACE_STYLE_FILL_AREA( #3316 );
#2118 = ORIENTED_EDGE( '', *, *, #3182, .T. );
#2119 = ORIENTED_EDGE( '', *, *, #3317, .T. );
#2120 = ORIENTED_EDGE( '', *, *, #3152, .T. );
#2121 = ORIENTED_EDGE( '', *, *, #3112, .T. );
#2122 = ORIENTED_EDGE( '', *, *, #3318, .F. );
#2123 = ORIENTED_EDGE( '', *, *, #3319, .F. );
#2124 = ORIENTED_EDGE( '', *, *, #3061, .F. );
#2125 = ORIENTED_EDGE( '', *, *, #3101, .F. );
#2126 = CARTESIAN_POINT( '', ( 12.5000000000000, 9.00500000000000, -3.32000000000000 ) );
#2127 = DIRECTION( '', ( 0.000000000000000, 0.000000000000000, 1.00000000000000 ) );
#2128 = DIRECTION( '', ( 1.00000000000000, 0.000000000000000, 0.000000000000000 ) );
#2129 = SURFACE_STYLE_FILL_AREA( #3320 );
#2130 = ORIENTED_EDGE( '', *, *, #3321, .F. );
#2131 = ORIENTED_EDGE( '', *, *, #3303, .T. );
#2132 = ORIENTED_EDGE( '', *, *, #3322, .T. );
#2133 = ORIENTED_EDGE( '', *, *, #3323, .F. );
#2134 = CARTESIAN_POINT( '', ( 9.00000000000000, 9.00500000000000, -7.10000000000000 ) );
#2135 = DIRECTION( '', ( 0.000000000000000, 0.000000000000000, 1.00000000000000 ) );
#2136 = DIRECTION( '', ( 1.00000000000000, 0.000000000000000, 0.000000000000000 ) );
#2137 = SURFACE_STYLE_FILL_AREA( #3324 );
#2138 = ORIENTED_EDGE( '', *, *, #3325, .T. );
#2139 = ORIENTED_EDGE( '', *, *, #3134, .T. );
#2140 = ORIENTED_EDGE( '', *, *, #3084, .F. );
#2141 = ORIENTED_EDGE( '', *, *, #3326, .T. );
#2142 = CARTESIAN_POINT( '', ( 9.00000000000000, -9.00500000000000, 6.00000000000000 ) );
#2143 = DIRECTION( '', ( 0.000000000000000, 0.000000000000000, -1.00000000000000 ) );
#2144 = DIRECTION( '', ( -1.00000000000000, 0.000000000000000, 0.000000000000000 ) );
#2145 = SURFACE_STYLE_FILL_AREA( #3327 );
#2146 = ORIENTED_EDGE( '', *, *, #3328, .F. );
#2147 = ORIENTED_EDGE( '', *, *, #3329, .T. );
#2148 = CARTESIAN_POINT( '', ( -5.00000000000000, 11.2500000000000, -7.10000000000000 ) );
#2149 = DIRECTION( '', ( -0.000000000000000, -0.000000000000000, 1.00000000000000 ) );
#2150 = DIRECTION( '', ( -1.00000000000000, 0.000000000000000, 0.000000000000000 ) );
#2151 = SURFACE_STYLE_FILL_AREA( #3330 );
#2152 = ORIENTED_EDGE( '', *, *, #3331, .T. );
#2153 = ORIENTED_EDGE( '', *, *, #3332, .T. );
#2154 = ORIENTED_EDGE( '', *, *, #3333, .F. );
#2155 = ORIENTED_EDGE( '', *, *, #3334, .F. );
#2156 = CARTESIAN_POINT( '', ( 12.5000000000000, -9.00500000000000, -5.58000000000000 ) );
#2157 = DIRECTION( '', ( 0.000000000000000, -1.00000000000000, 0.000000000000000 ) );
#2158 = DIRECTION( '', ( 0.000000000000000, 0.000000000000000, -1.00000000000000 ) );
#2159 = SURFACE_STYLE_FILL_AREA( #3335 );
#2160 = ORIENTED_EDGE( '', *, *, #3336, .F. );
#2161 = ORIENTED_EDGE( '', *, *, #3337, .T. );
#2162 = ORIENTED_EDGE( '', *, *, #3338, .T. );
#2163 = ORIENTED_EDGE( '', *, *, #3187, .F. );
#2164 = CARTESIAN_POINT( '', ( 9.35000000000000, 29.3948975164058, -3.20000000000000 ) );
#2165 = DIRECTION( '', ( 1.00000000000000, 0.000000000000000, 1.90628953404044E-016 ) );
#2166 = DIRECTION( '', ( 1.90628953404044E-016, 0.000000000000000, -1.00000000000000 ) );
#2167 = SURFACE_STYLE_FILL_AREA( #3339 );
#2168 = ORIENTED_EDGE( '', *, *, #3340, .T. );
#2169 = ORIENTED_EDGE( '', *, *, #3191, .T. );
#2170 = ORIENTED_EDGE( '', *, *, #3341, .F. );
#2171 = ORIENTED_EDGE( '', *, *, #3342, .F. );
#2172 = ORIENTED_EDGE( '', *, *, #3343, .F. );
#2173 = ORIENTED_EDGE( '', *, *, #3091, .F. );
#2174 = ORIENTED_EDGE( '', *, *, #3344, .T. );
#2175 = CARTESIAN_POINT( '', ( -9.00000000000000, -9.00500000000000, 6.00000000000000 ) );
#2176 = DIRECTION( '', ( 1.00000000000000, 0.000000000000000, 1.32421639387543E-016 ) );
#2177 = DIRECTION( '', ( 1.32421639387543E-016, 0.000000000000000, -1.00000000000000 ) );
#2178 = SURFACE_STYLE_FILL_AREA( #3345 );
#2179 = ORIENTED_EDGE( '', *, *, #3346, .F. );
#2180 = ORIENTED_EDGE( '', *, *, #3347, .F. );
#2181 = ORIENTED_EDGE( '', *, *, #3348, .F. );
#2182 = ORIENTED_EDGE( '', *, *, #3249, .F. );
#2183 = CARTESIAN_POINT( '', ( 9.00000000000000, 9.66000000000000, -5.58000000000000 ) );
#2184 = DIRECTION( '', ( 0.000000000000000, 0.918361947888643, -0.395741497280961 ) );
#2185 = DIRECTION( '', ( 0.000000000000000, 0.395741497280961, 0.918361947888643 ) );
#2186 = SURFACE_STYLE_FILL_AREA( #3349 );
#2187 = ORIENTED_EDGE( '', *, *, #3350, .F. );
#2188 = ORIENTED_EDGE( '', *, *, #3351, .F. );
#2189 = ORIENTED_EDGE( '', *, *, #3352, .T. );
#2190 = ORIENTED_EDGE( '', *, *, #3125, .T. );
#2191 = CARTESIAN_POINT( '', ( 8.50000000000000, -8.35000000000000, 4.00000000000000 ) );
#2192 = DIRECTION( '', ( 1.00000000000000, 0.000000000000000, 0.000000000000000 ) );
#2193 = DIRECTION( '', ( 0.000000000000000, 0.000000000000000, -1.00000000000000 ) );
#2194 = SURFACE_STYLE_FILL_AREA( #3353 );
#2195 = ORIENTED_EDGE( '', *, *, #3337, .F. );
#2196 = ORIENTED_EDGE( '', *, *, #3354, .F. );
#2197 = ORIENTED_EDGE( '', *, *, #3209, .F. );
#2198 = ORIENTED_EDGE( '', *, *, #3355, .T. );
#2199 = ORIENTED_EDGE( '', *, *, #3177, .T. );
#2200 = ORIENTED_EDGE( '', *, *, #3356, .T. );
#2201 = CARTESIAN_POINT( '', ( 5.30000000000000, 12.5000000000000, -3.20000000000000 ) );
#2202 = DIRECTION( '', ( 1.20466908053945E-016, 0.000000000000000, -1.00000000000000 ) );
#2203 = DIRECTION( '', ( -1.00000000000000, 0.000000000000000, -1.20466908053945E-016 ) );
#2204 = SURFACE_STYLE_FILL_AREA( #3357 );
#2205 = ORIENTED_EDGE( '', *, *, #3358, .F. );
#2206 = ORIENTED_EDGE( '', *, *, #3359, .T. );
#2207 = ORIENTED_EDGE( '', *, *, #3286, .T. );
#2208 = ORIENTED_EDGE( '', *, *, #3360, .F. );
#2209 = CARTESIAN_POINT( '', ( -9.35000000000000, 29.3948975164058, -3.20000000000000 ) );
#2210 = DIRECTION( '', ( 1.00000000000000, 0.000000000000000, -1.90628953404044E-016 ) );
#2211 = DIRECTION( '', ( -1.90628953404044E-016, 0.000000000000000, -1.00000000000000 ) );
#2212 = SURFACE_STYLE_FILL_AREA( #3361 );
#2213 = ORIENTED_EDGE( '', *, *, #3362, .T. );
#2214 = ORIENTED_EDGE( '', *, *, #3363, .F. );
#2215 = ORIENTED_EDGE( '', *, *, #3364, .T. );
#2216 = ORIENTED_EDGE( '', *, *, #3365, .T. );
#2217 = CARTESIAN_POINT( '', ( -5.70000000000000, -38.2461252939432, -5.58000000000000 ) );
#2218 = DIRECTION( '', ( 1.00000000000000, 0.000000000000000, 0.000000000000000 ) );
#2219 = DIRECTION( '', ( 0.000000000000000, 0.000000000000000, -1.00000000000000 ) );
#2220 = SURFACE_STYLE_FILL_AREA( #3366 );
#2221 = ORIENTED_EDGE( '', *, *, #3367, .F. );
#2222 = ORIENTED_EDGE( '', *, *, #3368, .F. );
#2223 = ORIENTED_EDGE( '', *, *, #3369, .T. );
#2224 = ORIENTED_EDGE( '', *, *, #3370, .T. );
#2225 = CARTESIAN_POINT( '', ( 5.70000000000000, 9.30000000000000, -1.60000000000000 ) );
#2226 = DIRECTION( '', ( 1.00000000000000, 0.000000000000000, 0.000000000000000 ) );
#2227 = DIRECTION( '', ( 0.000000000000000, 0.000000000000000, -1.00000000000000 ) );
#2228 = SURFACE_STYLE_FILL_AREA( #3371 );
#2229 = ORIENTED_EDGE( '', *, *, #3372, .F. );
#2230 = ORIENTED_EDGE( '', *, *, #3373, .T. );
#2231 = ORIENTED_EDGE( '', *, *, #3068, .T. );
#2232 = ORIENTED_EDGE( '', *, *, #3374, .T. );
#2233 = ORIENTED_EDGE( '', *, *, #3375, .F. );
#2234 = CARTESIAN_POINT( '', ( 2.87391715208715, 28.6351200451474, 3.30000000000000 ) );
#2235 = DIRECTION( '', ( 0.984807753012208, 0.000000000000000, -0.173648177666930 ) );
#2236 = DIRECTION( '', ( -0.173648177666930, 0.000000000000000, -0.984807753012208 ) );
#2237 = SURFACE_STYLE_FILL_AREA( #3376 );
#2238 = ORIENTED_EDGE( '', *, *, #3377, .T. );
#2239 = ORIENTED_EDGE( '', *, *, #3057, .F. );
#2240 = ORIENTED_EDGE( '', *, *, #3159, .F. );
#2241 = ORIENTED_EDGE( '', *, *, #3098, .F. );
#2242 = CARTESIAN_POINT( '', ( 5.85000000000000, -8.35000000000000, 1.75000000000000 ) );
#2243 = DIRECTION( '', ( 1.00000000000000, 0.000000000000000, 0.000000000000000 ) );
#2244 = DIRECTION( '', ( 0.000000000000000, 0.000000000000000, -1.00000000000000 ) );
#2245 = SURFACE_STYLE_FILL_AREA( #3378 );
#2246 = ORIENTED_EDGE( '', *, *, #3379, .F. );
#2247 = CARTESIAN_POINT( '', ( 5.00000000000000, 11.2500000000000, -10.6000000000000 ) );
#2248 = DIRECTION( '', ( 0.000000000000000, 0.000000000000000, -1.00000000000000 ) );
#2249 = DIRECTION( '', ( -1.00000000000000, 0.000000000000000, 0.000000000000000 ) );
#2250 = SURFACE_STYLE_FILL_AREA( #3380 );
#2251 = ORIENTED_EDGE( '', *, *, #3329, .F. );
#2252 = CARTESIAN_POINT( '', ( -5.00000000000000, 11.2500000000000, -10.6000000000000 ) );
#2253 = DIRECTION( '', ( 0.000000000000000, 0.000000000000000, 1.00000000000000 ) );
#2254 = DIRECTION( '', ( 1.00000000000000, 0.000000000000000, 0.000000000000000 ) );
#2255 = SURFACE_STYLE_FILL_AREA( #3381 );
#2256 = ORIENTED_EDGE( '', *, *, #3143, .F. );
#2257 = CARTESIAN_POINT( '', ( -10.0000000000000, 11.2500000000000, -10.6000000000000 ) );
#2258 = DIRECTION( '', ( 0.000000000000000, 0.000000000000000, 1.00000000000000 ) );
#2259 = DIRECTION( '', ( 1.00000000000000, 0.000000000000000, 0.000000000000000 ) );
#2260 = SURFACE_STYLE_FILL_AREA( #3382 );
#2261 = ORIENTED_EDGE( '', *, *, #3269, .F. );
#2262 = ORIENTED_EDGE( '', *, *, #3383, .F. );
#2263 = ORIENTED_EDGE( '', *, *, #3384, .T. );
#2264 = ORIENTED_EDGE( '', *, *, #3385, .F. );
#2265 = ORIENTED_EDGE( '', *, *, #3075, .T. );
#2266 = ORIENTED_EDGE( '', *, *, #3386, .F. );
#2267 = CARTESIAN_POINT( '', ( -9.00000000000000, -8.35000000000000, -7.10000000000000 ) );
#2268 = DIRECTION( '', ( 0.000000000000000, -1.00000000000000, 0.000000000000000 ) );
#2269 = DIRECTION( '', ( 0.000000000000000, 0.000000000000000, -1.00000000000000 ) );
#2270 = SURFACE_STYLE_FILL_AREA( #3387 );
#2271 = ORIENTED_EDGE( '', *, *, #3388, .F. );
#2272 = ORIENTED_EDGE( '', *, *, #3193, .T. );
#2273 = ORIENTED_EDGE( '', *, *, #3389, .T. );
#2274 = ORIENTED_EDGE( '', *, *, #3365, .F. );
#2275 = CARTESIAN_POINT( '', ( -9.00000000000000, -9.00500000000000, -7.10000000000000 ) );
#2276 = DIRECTION( '', ( 0.000000000000000, 0.000000000000000, 1.00000000000000 ) );
#2277 = DIRECTION( '', ( 1.00000000000000, 0.000000000000000, 0.000000000000000 ) );
#2278 = SURFACE_STYLE_FILL_AREA( #3390 );
#2279 = ORIENTED_EDGE( '', *, *, #3391, .F. );
#2280 = ORIENTED_EDGE( '', *, *, #3185, .F. );
#2281 = ORIENTED_EDGE( '', *, *, #3392, .T. );
#2282 = ORIENTED_EDGE( '', *, *, #3253, .T. );
#2283 = CARTESIAN_POINT( '', ( 5.20000000000000, 12.5000000000000, 5.90000000000000 ) );
#2284 = DIRECTION( '', ( -0.939692620785909, 0.000000000000000, 0.342020143325668 ) );
#2285 = DIRECTION( '', ( 0.342020143325668, 0.000000000000000, 0.939692620785909 ) );
#2286 = SURFACE_STYLE_FILL_AREA( #3393 );
#2287 = ORIENTED_EDGE( '', *, *, #3394, .T. );
#2288 = ORIENTED_EDGE( '', *, *, #3315, .T. );
#2289 = ORIENTED_EDGE( '', *, *, #3225, .T. );
#2290 = ORIENTED_EDGE( '', *, *, #3395, .T. );
#2291 = CARTESIAN_POINT( '', ( -4.30000000000000, -38.2461252939432, -7.10000000000000 ) );
#2292 = DIRECTION( '', ( -1.00000000000000, 0.000000000000000, 5.70632722360792E-016 ) );
#2293 = DIRECTION( '', ( 5.70632722360792E-016, 0.000000000000000, 1.00000000000000 ) );
#2294 = SURFACE_STYLE_FILL_AREA( #3396 );
#2295 = ORIENTED_EDGE( '', *, *, #3397, .F. );
#2296 = ORIENTED_EDGE( '', *, *, #3272, .F. );
#2297 = ORIENTED_EDGE( '', *, *, #3398, .T. );
#2298 = ORIENTED_EDGE( '', *, *, #3351, .T. );
#2299 = CARTESIAN_POINT( '', ( 7.00000000000000, -8.35000000000000, 4.00000000000000 ) );
#2300 = DIRECTION( '', ( -0.000000000000000, -1.00000000000000, -0.000000000000000 ) );
#2301 = DIRECTION( '', ( 0.000000000000000, 0.000000000000000, 1.00000000000000 ) );
#2302 = SURFACE_STYLE_FILL_AREA( #3399 );
#2303 = ORIENTED_EDGE( '', *, *, #3240, .T. );
#2304 = ORIENTED_EDGE( '', *, *, #3400, .F. );
#2305 = ORIENTED_EDGE( '', *, *, #3401, .F. );
#2306 = ORIENTED_EDGE( '', *, *, #3212, .F. );
#2307 = CARTESIAN_POINT( '', ( 4.30000000000000, -38.2461252939432, -7.10000000000000 ) );
#2308 = DIRECTION( '', ( -1.00000000000000, 0.000000000000000, -1.14126544472158E-015 ) );
#2309 = DIRECTION( '', ( -1.14126544472158E-015, 0.000000000000000, 1.00000000000000 ) );
#2310 = SURFACE_STYLE_FILL_AREA( #3402 );
#2311 = ORIENTED_EDGE( '', *, *, #3070, .F. );
#2312 = ORIENTED_EDGE( '', *, *, #3403, .T. );
#2313 = ORIENTED_EDGE( '', *, *, #3404, .T. );
#2314 = ORIENTED_EDGE( '', *, *, #3405, .T. );
#2315 = CARTESIAN_POINT( '', ( -9.00000000000000, 9.00500000000000, 6.00000000000000 ) );
#2316 = DIRECTION( '', ( 0.000000000000000, 0.000000000000000, -1.00000000000000 ) );
#2317 = DIRECTION( '', ( -1.00000000000000, 0.000000000000000, 0.000000000000000 ) );
#2318 = SURFACE_STYLE_FILL_AREA( #3406 );
#2319 = ORIENTED_EDGE( '', *, *, #3290, .F. );
#2320 = ORIENTED_EDGE( '', *, *, #3265, .T. );
#2321 = CARTESIAN_POINT( '', ( 0.000000000000000, -11.2500000000000, -7.10000000000000 ) );
#2322 = DIRECTION( '', ( -0.000000000000000, -0.000000000000000, 1.00000000000000 ) );
#2323 = DIRECTION( '', ( -1.00000000000000, 0.000000000000000, 0.000000000000000 ) );
#2324 = SURFACE_STYLE_FILL_AREA( #3407 );
#2325 = ORIENTED_EDGE( '', *, *, #3071, .F. );
#2326 = ORIENTED_EDGE( '', *, *, #3405, .F. );
#2327 = ORIENTED_EDGE( '', *, *, #3408, .F. );
#2328 = ORIENTED_EDGE( '', *, *, #3409, .F. );
#2329 = CARTESIAN_POINT( '', ( 7.00000000000000, 9.00500000000000, 4.00000000000000 ) );
#2330 = DIRECTION( '', ( -0.000000000000000, 1.00000000000000, -0.000000000000000 ) );
#2331 = DIRECTION( '', ( 0.000000000000000, 0.000000000000000, -1.00000000000000 ) );
#2332 = SURFACE_STYLE_FILL_AREA( #3410 );
#2333 = ORIENTED_EDGE( '', *, *, #3203, .F. );
#2334 = CARTESIAN_POINT( '', ( -10.0000000000000, -11.2500000000000, -10.6000000000000 ) );
#2335 = DIRECTION( '', ( 0.000000000000000, 0.000000000000000, -1.00000000000000 ) );
#2336 = DIRECTION( '', ( -1.00000000000000, 0.000000000000000, 0.000000000000000 ) );
#2337 = SURFACE_STYLE_FILL_AREA( #3411 );
#2338 = ORIENTED_EDGE( '', *, *, #3412, .F. );
#2339 = ORIENTED_EDGE( '', *, *, #3413, .F. );
#2340 = ORIENTED_EDGE( '', *, *, #3197, .T. );
#2341 = ORIENTED_EDGE( '', *, *, #3232, .T. );
#2342 = ORIENTED_EDGE( '', *, *, #3245, .T. );
#2343 = ORIENTED_EDGE( '', *, *, #3145, .T. );
#2344 = ORIENTED_EDGE( '', *, *, #3414, .F. );
#2345 = ORIENTED_EDGE( '', *, *, #3342, .T. );
#2346 = ORIENTED_EDGE( '', *, *, #3415, .F. );
#2347 = ORIENTED_EDGE( '', *, *, #3363, .T. );
#2348 = ORIENTED_EDGE( '', *, *, #3416, .T. );
#2349 = ORIENTED_EDGE( '', *, *, #3395, .F. );
#2350 = ORIENTED_EDGE( '', *, *, #3224, .F. );
#2351 = ORIENTED_EDGE( '', *, *, #3132, .T. );
#2352 = ORIENTED_EDGE( '', *, *, #3417, .T. );
#2353 = ORIENTED_EDGE( '', *, *, #3418, .F. );
#2354 = ORIENTED_EDGE( '', *, *, #3213, .F. );
#2355 = ORIENTED_EDGE( '', *, *, #3401, .T. );
#2356 = ORIENTED_EDGE( '', *, *, #3419, .F. );
#2357 = ORIENTED_EDGE( '', *, *, #3220, .F. );
#2358 = ORIENTED_EDGE( '', *, *, #3420, .F. );
#2359 = ORIENTED_EDGE( '', *, *, #3421, .F. );
#2360 = ORIENTED_EDGE( '', *, *, #3331, .F. );
#2361 = ORIENTED_EDGE( '', *, *, #3422, .F. );
#2362 = ORIENTED_EDGE( '', *, *, #3423, .T. );
#2363 = ORIENTED_EDGE( '', *, *, #3424, .T. );
#2364 = ORIENTED_EDGE( '', *, *, #3425, .F. );
#2365 = CARTESIAN_POINT( '', ( 12.5000000000000, -12.9050000000000, -5.58000000000000 ) );
#2366 = DIRECTION( '', ( 0.000000000000000, 0.000000000000000, 1.00000000000000 ) );
#2367 = DIRECTION( '', ( 1.00000000000000, 0.000000000000000, 0.000000000000000 ) );
#2368 = SURFACE_STYLE_FILL_AREA( #3426 );
#2369 = ORIENTED_EDGE( '', *, *, #3310, .T. );
#2370 = ORIENTED_EDGE( '', *, *, #3276, .T. );
#2371 = ORIENTED_EDGE( '', *, *, #3427, .T. );
#2372 = ORIENTED_EDGE( '', *, *, #3428, .T. );
#2373 = ORIENTED_EDGE( '', *, *, #3429, .T. );
#2374 = ORIENTED_EDGE( '', *, *, #3367, .T. );
#2375 = ORIENTED_EDGE( '', *, *, #3430, .T. );
#2376 = ORIENTED_EDGE( '', *, *, #3431, .T. );
#2377 = CARTESIAN_POINT( '', ( -7.30000000000000, 0.000000000000000, -2.16840434497101E-016 ) );
#2378 = DIRECTION( '', ( 0.000000000000000, -1.00000000000000, 0.000000000000000 ) );
#2379 = DIRECTION( '', ( 0.000000000000000, 0.000000000000000, -1.00000000000000 ) );
#2380 = SURFACE_STYLE_FILL_AREA( #3432 );
#2381 = ORIENTED_EDGE( '', *, *, #3433, .T. );
#2382 = ORIENTED_EDGE( '', *, *, #3227, .T. );
#2383 = ORIENTED_EDGE( '', *, *, #3434, .F. );
#2384 = ORIENTED_EDGE( '', *, *, #3420, .T. );
#2385 = ORIENTED_EDGE( '', *, *, #3219, .T. );
#2386 = CARTESIAN_POINT( '', ( 9.00000000000000, -9.66000000000000, -5.58000000000000 ) );
#2387 = DIRECTION( '', ( 0.000000000000000, 0.918361947888643, 0.395741497280961 ) );
#2388 = DIRECTION( '', ( 0.000000000000000, -0.395741497280961, 0.918361947888643 ) );
#2389 = SURFACE_STYLE_FILL_AREA( #3435 );
#2390 = ORIENTED_EDGE( '', *, *, #3436, .F. );
#2391 = ORIENTED_EDGE( '', *, *, #3343, .T. );
#2392 = ORIENTED_EDGE( '', *, *, #3414, .T. );
#2393 = ORIENTED_EDGE( '', *, *, #3148, .T. );
#2394 = CARTESIAN_POINT( '', ( 12.5000000000000, -9.00500000000000, -5.58000000000000 ) );
#2395 = DIRECTION( '', ( 0.000000000000000, -1.00000000000000, 0.000000000000000 ) );
#2396 = DIRECTION( '', ( 0.000000000000000, 0.000000000000000, -1.00000000000000 ) );
#2397 = SURFACE_STYLE_FILL_AREA( #3437 );
#2398 = ORIENTED_EDGE( '', *, *, #3438, .T. );
#2399 = ORIENTED_EDGE( '', *, *, #3301, .T. );
#2400 = ORIENTED_EDGE( '', *, *, #3439, .F. );
#2401 = ORIENTED_EDGE( '', *, *, #3440, .F. );
#2402 = ORIENTED_EDGE( '', *, *, #3102, .F. );
#2403 = ORIENTED_EDGE( '', *, *, #3060, .F. );
#2404 = ORIENTED_EDGE( '', *, *, #3409, .T. );
#2405 = CARTESIAN_POINT( '', ( 9.00000000000000, 9.00500000000000, 6.00000000000000 ) );
#2406 = DIRECTION( '', ( -1.00000000000000, 0.000000000000000, -1.32421639387543E-016 ) );
#2407 = DIRECTION( '', ( -1.32421639387543E-016, 0.000000000000000, 1.00000000000000 ) );
#2408 = SURFACE_STYLE_FILL_AREA( #3441 );
#2409 = ORIENTED_EDGE( '', *, *, #3442, .T. );
#2410 = ORIENTED_EDGE( '', *, *, #3443, .T. );
#2411 = ORIENTED_EDGE( '', *, *, #3444, .F. );
#2412 = ORIENTED_EDGE( '', *, *, #3305, .T. );
#2413 = CARTESIAN_POINT( '', ( 9.00000000000000, 9.00500000000000, -7.10000000000000 ) );
#2414 = DIRECTION( '', ( 0.000000000000000, 0.000000000000000, 1.00000000000000 ) );
#2415 = DIRECTION( '', ( 1.00000000000000, 0.000000000000000, 0.000000000000000 ) );
#2416 = SURFACE_STYLE_FILL_AREA( #3445 );
#2417 = ORIENTED_EDGE( '', *, *, #3110, .T. );
#2418 = ORIENTED_EDGE( '', *, *, #3052, .F. );
#2419 = ORIENTED_EDGE( '', *, *, #3446, .F. );
#2420 = ORIENTED_EDGE( '', *, *, #3095, .F. );
#2421 = CARTESIAN_POINT( '', ( -5.85000000000000, -8.35000000000000, 1.75000000000000 ) );
#2422 = DIRECTION( '', ( -0.707106781186548, 0.000000000000000, 0.707106781186548 ) );
#2423 = DIRECTION( '', ( 0.707106781186548, 0.000000000000000, 0.707106781186548 ) );
#2424 = SURFACE_STYLE_FILL_AREA( #3447 );
#2425 = ORIENTED_EDGE( '', *, *, #3448, .F. );
#2426 = ORIENTED_EDGE( '', *, *, #3443, .F. );
#2427 = ORIENTED_EDGE( '', *, *, #3449, .F. );
#2428 = ORIENTED_EDGE( '', *, *, #3169, .F. );
#2429 = CARTESIAN_POINT( '', ( -8.00000000000000, 9.00500000000000, -6.10000000000000 ) );
#2430 = DIRECTION( '', ( -0.000000000000000, 1.00000000000000, -0.000000000000000 ) );
#2431 = DIRECTION( '', ( 0.000000000000000, 0.000000000000000, -1.00000000000000 ) );
#2432 = SURFACE_STYLE_FILL_AREA( #3450 );
#2433 = ORIENTED_EDGE( '', *, *, #3451, .F. );
#2434 = CARTESIAN_POINT( '', ( 10.0000000000000, -11.2500000000000, -10.6000000000000 ) );
#2435 = DIRECTION( '', ( 0.000000000000000, 0.000000000000000, 1.00000000000000 ) );
#2436 = DIRECTION( '', ( 1.00000000000000, 0.000000000000000, 0.000000000000000 ) );
#2437 = SURFACE_STYLE_FILL_AREA( #3452 );
#2438 = ORIENTED_EDGE( '', *, *, #3083, .F. );
#2439 = ORIENTED_EDGE( '', *, *, #3453, .F. );
#2440 = ORIENTED_EDGE( '', *, *, #3454, .F. );
#2441 = ORIENTED_EDGE( '', *, *, #3326, .F. );
#2442 = CARTESIAN_POINT( '', ( 7.00000000000000, -9.00500000000000, 4.00000000000000 ) );
#2443 = DIRECTION( '', ( -0.000000000000000, -1.00000000000000, -0.000000000000000 ) );
#2444 = DIRECTION( '', ( 0.000000000000000, 0.000000000000000, 1.00000000000000 ) );
#2445 = SURFACE_STYLE_FILL_AREA( #3455 );
#2446 = ORIENTED_EDGE( '', *, *, #3446, .T. );
#2447 = ORIENTED_EDGE( '', *, *, #3059, .F. );
#2448 = ORIENTED_EDGE( '', *, *, #3456, .F. );
#2449 = ORIENTED_EDGE( '', *, *, #3096, .F. );
#2450 = CARTESIAN_POINT( '', ( -4.85000000000000, -8.35000000000000, 2.75000000000000 ) );
#2451 = DIRECTION( '', ( -4.47093679375466E-017, 0.000000000000000, 1.00000000000000 ) );
#2452 = DIRECTION( '', ( 1.00000000000000, 0.000000000000000, 4.47093679375466E-017 ) );
#2453 = SURFACE_STYLE_FILL_AREA( #3457 );
#2454 = ORIENTED_EDGE( '', *, *, #3200, .F. );
#2455 = ORIENTED_EDGE( '', *, *, #3423, .F. );
#2456 = CARTESIAN_POINT( '', ( -10.0000000000000, -11.2500000000000, 28.9817647408501 ) );
#2457 = DIRECTION( '', ( -0.000000000000000, -0.000000000000000, 1.00000000000000 ) );
#2458 = DIRECTION( '', ( -1.00000000000000, 0.000000000000000, 0.000000000000000 ) );
#2459 = SURFACE_STYLE_FILL_AREA( #3458 );
#2460 = ORIENTED_EDGE( '', *, *, #3459, .T. );
#2461 = ORIENTED_EDGE( '', *, *, #3274, .T. );
#2462 = ORIENTED_EDGE( '', *, *, #3375, .T. );
#2463 = ORIENTED_EDGE( '', *, *, #3460, .F. );
#2464 = CARTESIAN_POINT( '', ( -7.00000000000000, 8.35000000000000, 4.00000000000000 ) );
#2465 = DIRECTION( '', ( 0.000000000000000, 1.00000000000000, 0.000000000000000 ) );
#2466 = DIRECTION( '', ( 0.000000000000000, 0.000000000000000, 1.00000000000000 ) );
#2467 = SURFACE_STYLE_FILL_AREA( #3461 );
#2468 = ORIENTED_EDGE( '', *, *, #3317, .F. );
#2469 = ORIENTED_EDGE( '', *, *, #3181, .F. );
#2470 = ORIENTED_EDGE( '', *, *, #3462, .F. );
#2471 = ORIENTED_EDGE( '', *, *, #3153, .F. );
#2472 = CARTESIAN_POINT( '', ( 10.5000000000000, 10.9050000000000, -3.32000000000000 ) );
#2473 = DIRECTION( '', ( -0.000000000000000, -0.000000000000000, -1.00000000000000 ) );
#2474 = DIRECTION( '', ( 1.00000000000000, 0.000000000000000, 0.000000000000000 ) );
#2475 = SURFACE_STYLE_FILL_AREA( #3463 );
#2476 = ORIENTED_EDGE( '', *, *, #3236, .F. );
#2477 = ORIENTED_EDGE( '', *, *, #3451, .T. );
#2478 = CARTESIAN_POINT( '', ( 10.0000000000000, -11.2500000000000, -7.10000000000000 ) );
#2479 = DIRECTION( '', ( -0.000000000000000, -0.000000000000000, 1.00000000000000 ) );
#2480 = DIRECTION( '', ( -1.00000000000000, 0.000000000000000, 0.000000000000000 ) );
#2481 = SURFACE_STYLE_FILL_AREA( #3464 );
#2482 = ORIENTED_EDGE( '', *, *, #3465, .T. );
#2483 = ORIENTED_EDGE( '', *, *, #3198, .T. );
#2484 = ORIENTED_EDGE( '', *, *, #3413, .T. );
#2485 = ORIENTED_EDGE( '', *, *, #3334, .T. );
#2486 = CARTESIAN_POINT( '', ( 12.5000000000000, -12.9050000000000, -5.58000000000000 ) );
#2487 = DIRECTION( '', ( 1.00000000000000, -6.12303176911189E-017, 0.000000000000000 ) );
#2488 = DIRECTION( '', ( 6.12303176911189E-017, 1.00000000000000, 0.000000000000000 ) );
#2489 = SURFACE_STYLE_FILL_AREA( #3466 );
#2490 = ORIENTED_EDGE( '', *, *, #3430, .F. );
#2491 = ORIENTED_EDGE( '', *, *, #3370, .F. );
#2492 = ORIENTED_EDGE( '', *, *, #3467, .T. );
#2493 = ORIENTED_EDGE( '', *, *, #3468, .T. );
#2494 = CARTESIAN_POINT( '', ( 5.70000000000000, 9.30000000000000, 1.60000000000000 ) );
#2495 = DIRECTION( '', ( 0.707106781186548, 0.000000000000000, 0.707106781186547 ) );
#2496 = DIRECTION( '', ( 0.707106781186547, 0.000000000000000, -0.707106781186548 ) );
#2497 = SURFACE_STYLE_FILL_AREA( #3469 );
#2498 = ORIENTED_EDGE( '', *, *, #3470, .T. );
#2499 = ORIENTED_EDGE( '', *, *, #3471, .F. );
#2500 = ORIENTED_EDGE( '', *, *, #3259, .F. );
#2501 = ORIENTED_EDGE( '', *, *, #3472, .F. );
#2502 = ORIENTED_EDGE( '', *, *, #3473, .F. );
#2503 = ORIENTED_EDGE( '', *, *, #3126, .F. );
#2504 = ORIENTED_EDGE( '', *, *, #3352, .F. );
#2505 = ORIENTED_EDGE( '', *, *, #3398, .F. );
#2506 = ORIENTED_EDGE( '', *, *, #3271, .F. );
#2507 = ORIENTED_EDGE( '', *, *, #3474, .F. );
#2508 = ORIENTED_EDGE( '', *, *, #3135, .T. );
#2509 = ORIENTED_EDGE( '', *, *, #3325, .F. );
#2510 = ORIENTED_EDGE( '', *, *, #3454, .T. );
#2511 = ORIENTED_EDGE( '', *, *, #3475, .F. );
#2512 = ORIENTED_EDGE( '', *, *, #3229, .T. );
#2513 = ORIENTED_EDGE( '', *, *, #3476, .F. );
#2514 = ORIENTED_EDGE( '', *, *, #3221, .T. );
#2515 = ORIENTED_EDGE( '', *, *, #3419, .T. );
#2516 = ORIENTED_EDGE( '', *, *, #3400, .T. );
#2517 = ORIENTED_EDGE( '', *, *, #3239, .F. );
#2518 = ORIENTED_EDGE( '', *, *, #3477, .F. );
#2519 = ORIENTED_EDGE( '', *, *, #3417, .F. );
#2520 = ORIENTED_EDGE( '', *, *, #3131, .F. );
#2521 = ORIENTED_EDGE( '', *, *, #3314, .F. );
#2522 = ORIENTED_EDGE( '', *, *, #3394, .F. );
#2523 = ORIENTED_EDGE( '', *, *, #3416, .F. );
#2524 = ORIENTED_EDGE( '', *, *, #3362, .F. );
#2525 = ORIENTED_EDGE( '', *, *, #3389, .F. );
#2526 = ORIENTED_EDGE( '', *, *, #3192, .T. );
#2527 = ORIENTED_EDGE( '', *, *, #3340, .F. );
#2528 = CARTESIAN_POINT( '', ( -9.00000000000000, -8.35000000000000, -7.10000000000000 ) );
#2529 = DIRECTION( '', ( 0.000000000000000, -1.00000000000000, 0.000000000000000 ) );
#2530 = DIRECTION( '', ( 0.000000000000000, 0.000000000000000, -1.00000000000000 ) );
#2531 = SURFACE_STYLE_FILL_AREA( #3478 );
#2532 = ORIENTED_EDGE( '', *, *, #3090, .F. );
#2533 = ORIENTED_EDGE( '', *, *, #3479, .F. );
#2534 = ORIENTED_EDGE( '', *, *, #3384, .F. );
#2535 = ORIENTED_EDGE( '', *, *, #3156, .T. );
#2536 = ORIENTED_EDGE( '', *, *, #3470, .F. );
#2537 = ORIENTED_EDGE( '', *, *, #3344, .F. );
#2538 = CARTESIAN_POINT( '', ( -9.00000000000000, -9.00500000000000, 4.00000000000000 ) );
#2539 = DIRECTION( '', ( 0.707106781186547, 0.000000000000000, -0.707106781186548 ) );
#2540 = DIRECTION( '', ( -0.707106781186548, 0.000000000000000, -0.707106781186547 ) );
#2541 = SURFACE_STYLE_FILL_AREA( #3480 );
#2542 = ORIENTED_EDGE( '', *, *, #3481, .T. );
#2543 = ORIENTED_EDGE( '', *, *, #3267, .T. );
#2544 = ORIENTED_EDGE( '', *, *, #3482, .T. );
#2545 = ORIENTED_EDGE( '', *, *, #3139, .T. );
#2546 = ORIENTED_EDGE( '', *, *, #3483, .F. );
#2547 = ORIENTED_EDGE( '', *, *, #3262, .T. );
#2548 = ORIENTED_EDGE( '', *, *, #3170, .F. );
#2549 = ORIENTED_EDGE( '', *, *, #3449, .T. );
#2550 = ORIENTED_EDGE( '', *, *, #3442, .F. );
#2551 = ORIENTED_EDGE( '', *, *, #3308, .T. );
#2552 = ORIENTED_EDGE( '', *, *, #3484, .T. );
#2553 = ORIENTED_EDGE( '', *, *, #3485, .T. );
#2554 = ORIENTED_EDGE( '', *, *, #3486, .T. );
#2555 = ORIENTED_EDGE( '', *, *, #3247, .T. );
#2556 = ORIENTED_EDGE( '', *, *, #3487, .T. );
#2557 = ORIENTED_EDGE( '', *, *, #3295, .T. );
#2558 = ORIENTED_EDGE( '', *, *, #3488, .T. );
#2559 = ORIENTED_EDGE( '', *, *, #3047, .F. );
#2560 = ORIENTED_EDGE( '', *, *, #3489, .F. );
#2561 = ORIENTED_EDGE( '', *, *, #3490, .F. );
#2562 = ORIENTED_EDGE( '', *, *, #3322, .F. );
#2563 = ORIENTED_EDGE( '', *, *, #3302, .T. );
#2564 = ORIENTED_EDGE( '', *, *, #3438, .F. );
#2565 = ORIENTED_EDGE( '', *, *, #3408, .T. );
#2566 = ORIENTED_EDGE( '', *, *, #3404, .F. );
#2567 = ORIENTED_EDGE( '', *, *, #3491, .T. );
#2568 = ORIENTED_EDGE( '', *, *, #3372, .T. );
#2569 = ORIENTED_EDGE( '', *, *, #3273, .T. );
#2570 = ORIENTED_EDGE( '', *, *, #3397, .T. );
#2571 = ORIENTED_EDGE( '', *, *, #3350, .T. );
#2572 = ORIENTED_EDGE( '', *, *, #3124, .T. );
#2573 = ORIENTED_EDGE( '', *, *, #3492, .T. );
#2574 = ORIENTED_EDGE( '', *, *, #3493, .T. );
#2575 = ORIENTED_EDGE( '', *, *, #3257, .T. );
#2576 = CARTESIAN_POINT( '', ( -9.00000000000000, 8.35000000000000, -7.10000000000000 ) );
#2577 = DIRECTION( '', ( 0.000000000000000, 1.00000000000000, 0.000000000000000 ) );
#2578 = DIRECTION( '', ( 0.000000000000000, 0.000000000000000, 1.00000000000000 ) );
#2579 = SURFACE_STYLE_FILL_AREA( #3494 );
#2580 = ORIENTED_EDGE( '', *, *, #3428, .F. );
#2581 = ORIENTED_EDGE( '', *, *, #3495, .F. );
#2582 = ORIENTED_EDGE( '', *, *, #3042, .F. );
#2583 = ORIENTED_EDGE( '', *, *, #3496, .T. );
#2584 = ORIENTED_EDGE( '', *, *, #3207, .T. );
#2585 = ORIENTED_EDGE( '', *, *, #3497, .T. );
#2586 = CARTESIAN_POINT( '', ( -4.70000000000000, 9.30000000000000, -2.60000000000000 ) );
#2587 = DIRECTION( '', ( 0.000000000000000, 0.000000000000000, -1.00000000000000 ) );
#2588 = DIRECTION( '', ( -1.00000000000000, 0.000000000000000, 0.000000000000000 ) );
#2589 = SURFACE_STYLE_FILL_AREA( #3498 );
#2590 = ORIENTED_EDGE( '', *, *, #3233, .F. );
#2591 = ORIENTED_EDGE( '', *, *, #3195, .T. );
#2592 = ORIENTED_EDGE( '', *, *, #3465, .F. );
#2593 = ORIENTED_EDGE( '', *, *, #3333, .T. );
#2594 = ORIENTED_EDGE( '', *, *, #3081, .T. );
#2595 = ORIENTED_EDGE( '', *, *, #3436, .T. );
#2596 = ORIENTED_EDGE( '', *, *, #3147, .T. );
#2597 = ORIENTED_EDGE( '', *, *, #3244, .T. );
#2598 = CARTESIAN_POINT( '', ( 12.5000000000000, -9.00500000000000, -3.32000000000000 ) );
#2599 = DIRECTION( '', ( 0.000000000000000, 0.000000000000000, -1.00000000000000 ) );
#2600 = DIRECTION( '', ( -1.00000000000000, 0.000000000000000, 0.000000000000000 ) );
#2601 = SURFACE_STYLE_FILL_AREA( #3499 );
#2602 = ORIENTED_EDGE( '', *, *, #3427, .F. );
#2603 = ORIENTED_EDGE( '', *, *, #3279, .F. );
#2604 = ORIENTED_EDGE( '', *, *, #3500, .T. );
#2605 = ORIENTED_EDGE( '', *, *, #3495, .T. );
#2606 = CARTESIAN_POINT( '', ( -5.70000000000000, 9.30000000000000, -1.60000000000000 ) );
#2607 = DIRECTION( '', ( -0.707106781186548, 0.000000000000000, -0.707106781186547 ) );
#2608 = DIRECTION( '', ( -0.707106781186547, 0.000000000000000, 0.707106781186548 ) );
#2609 = SURFACE_STYLE_FILL_AREA( #3501 );
#2610 = ORIENTED_EDGE( '', *, *, #3176, .F. );
#2611 = ORIENTED_EDGE( '', *, *, #3188, .F. );
#2612 = ORIENTED_EDGE( '', *, *, #3338, .F. );
#2613 = ORIENTED_EDGE( '', *, *, #3356, .F. );
#2614 = CARTESIAN_POINT( '', ( 12.5000000000000, 0.000000000000000, -3.20000000000000 ) );
#2615 = DIRECTION( '', ( 0.000000000000000, 1.00000000000000, 0.000000000000000 ) );
#2616 = DIRECTION( '', ( 0.000000000000000, 0.000000000000000, 1.00000000000000 ) );
#2617 = SURFACE_STYLE_FILL_AREA( #3502 );
#2618 = ORIENTED_EDGE( '', *, *, #3041, .F. );
#2619 = ORIENTED_EDGE( '', *, *, #3503, .F. );
#2620 = ORIENTED_EDGE( '', *, *, #3504, .F. );
#2621 = ORIENTED_EDGE( '', *, *, #3283, .F. );
#2622 = ORIENTED_EDGE( '', *, *, #3505, .F. );
#2623 = ORIENTED_EDGE( '', *, *, #3254, .F. );
#2624 = ORIENTED_EDGE( '', *, *, #3392, .F. );
#2625 = ORIENTED_EDGE( '', *, *, #3184, .F. );
#2626 = ORIENTED_EDGE( '', *, *, #3178, .F. );
#2627 = ORIENTED_EDGE( '', *, *, #3355, .F. );
#2628 = ORIENTED_EDGE( '', *, *, #3208, .F. );
#2629 = ORIENTED_EDGE( '', *, *, #3496, .F. );
#2630 = CARTESIAN_POINT( '', ( 12.5000000000000, 12.5000000000000, -2.60000000000000 ) );
#2631 = DIRECTION( '', ( 0.000000000000000, -1.00000000000000, 0.000000000000000 ) );
#2632 = DIRECTION( '', ( 0.000000000000000, 0.000000000000000, -1.00000000000000 ) );
#2633 = SURFACE_STYLE_FILL_AREA( #3506 );
#2634 = ORIENTED_EDGE( '', *, *, #3507, .F. );
#2635 = ORIENTED_EDGE( '', *, *, #3255, .F. );
#2636 = ORIENTED_EDGE( '', *, *, #3505, .T. );
#2637 = ORIENTED_EDGE( '', *, *, #3288, .T. );
#2638 = CARTESIAN_POINT( '', ( -4.21728036748126, 12.5000000000000, 3.20000000000000 ) );
#2639 = DIRECTION( '', ( 0.939692620785909, 0.000000000000000, 0.342020143325667 ) );
#2640 = DIRECTION( '', ( 0.342020143325667, 0.000000000000000, -0.939692620785909 ) );
#2641 = SURFACE_STYLE_FILL_AREA( #3508 );
#2642 = ORIENTED_EDGE( '', *, *, #3431, .F. );
#2643 = ORIENTED_EDGE( '', *, *, #3468, .F. );
#2644 = ORIENTED_EDGE( '', *, *, #3509, .T. );
#2645 = ORIENTED_EDGE( '', *, *, #3311, .T. );
#2646 = CARTESIAN_POINT( '', ( 4.70000000000000, 9.30000000000000, 2.60000000000000 ) );
#2647 = DIRECTION( '', ( 0.000000000000000, 0.000000000000000, 1.00000000000000 ) );
#2648 = DIRECTION( '', ( 1.00000000000000, 0.000000000000000, 0.000000000000000 ) );
#2649 = SURFACE_STYLE_FILL_AREA( #3510 );
#2650 = ORIENTED_EDGE( '', *, *, #3086, .F. );
#2651 = ORIENTED_EDGE( '', *, *, #3136, .T. );
#2652 = ORIENTED_EDGE( '', *, *, #3474, .T. );
#2653 = ORIENTED_EDGE( '', *, *, #3511, .T. );
#2654 = ORIENTED_EDGE( '', *, *, #3120, .F. );
#2655 = CARTESIAN_POINT( '', ( 2.87391715208715, -28.6351200451474, 3.30000000000000 ) );
#2656 = DIRECTION( '', ( -0.984807753012208, 0.000000000000000, 0.173648177666930 ) );
#2657 = DIRECTION( '', ( 0.173648177666930, 0.000000000000000, 0.984807753012208 ) );
#2658 = SURFACE_STYLE_FILL_AREA( #3512 );
#2659 = ORIENTED_EDGE( '', *, *, #3513, .T. );
#2660 = ORIENTED_EDGE( '', *, *, #3514, .F. );
#2661 = ORIENTED_EDGE( '', *, *, #3284, .F. );
#2662 = ORIENTED_EDGE( '', *, *, #3504, .T. );
#2663 = CARTESIAN_POINT( '', ( -12.5000000000000, 12.5000000000000, 5.90000000000000 ) );
#2664 = DIRECTION( '', ( -1.00000000000000, 0.000000000000000, 0.000000000000000 ) );
#2665 = DIRECTION( '', ( 0.000000000000000, 0.000000000000000, 1.00000000000000 ) );
#2666 = SURFACE_STYLE_FILL_AREA( #3515 );
#2667 = ORIENTED_EDGE( '', *, *, #3477, .T. );
#2668 = ORIENTED_EDGE( '', *, *, #3241, .T. );
#2669 = ORIENTED_EDGE( '', *, *, #3214, .T. );
#2670 = ORIENTED_EDGE( '', *, *, #3418, .T. );
#2671 = CARTESIAN_POINT( '', ( 0.700000000000000, -38.2461252939432, -7.10000000000000 ) );
#2672 = DIRECTION( '', ( -1.00000000000000, 0.000000000000000, 5.70632722360792E-016 ) );
#2673 = DIRECTION( '', ( 5.70632722360792E-016, 0.000000000000000, 1.00000000000000 ) );
#2674 = SURFACE_STYLE_FILL_AREA( #3516 );
#2675 = ORIENTED_EDGE( '', *, *, #3439, .T. );
#2676 = ORIENTED_EDGE( '', *, *, #3300, .T. );
#2677 = ORIENTED_EDGE( '', *, *, #3321, .T. );
#2678 = ORIENTED_EDGE( '', *, *, #3517, .T. );
#2679 = ORIENTED_EDGE( '', *, *, #3518, .F. );
#2680 = CARTESIAN_POINT( '', ( 9.00000000000000, 9.66000000000000, -5.58000000000000 ) );
#2681 = DIRECTION( '', ( 0.000000000000000, 0.918361947888643, -0.395741497280961 ) );
#2682 = DIRECTION( '', ( 0.000000000000000, 0.395741497280961, 0.918361947888643 ) );
#2683 = SURFACE_STYLE_FILL_AREA( #3519 );
#2684 = ORIENTED_EDGE( '', *, *, #3481, .F. );
#2685 = ORIENTED_EDGE( '', *, *, #3260, .F. );
#2686 = ORIENTED_EDGE( '', *, *, #3471, .T. );
#2687 = ORIENTED_EDGE( '', *, *, #3157, .T. );
#2688 = ORIENTED_EDGE( '', *, *, #3383, .T. );
#2689 = ORIENTED_EDGE( '', *, *, #3268, .T. );
#2690 = CARTESIAN_POINT( '', ( -7.00000000000000, -8.35000000000000, 4.00000000000000 ) );
#2691 = DIRECTION( '', ( -0.000000000000000, -1.00000000000000, -0.000000000000000 ) );
#2692 = DIRECTION( '', ( 0.000000000000000, 0.000000000000000, 1.00000000000000 ) );
#2693 = SURFACE_STYLE_FILL_AREA( #3520 );
#2694 = ORIENTED_EDGE( '', *, *, #3490, .T. );
#2695 = ORIENTED_EDGE( '', *, *, #3521, .F. );
#2696 = ORIENTED_EDGE( '', *, *, #3517, .F. );
#2697 = ORIENTED_EDGE( '', *, *, #3323, .T. );
#2698 = CARTESIAN_POINT( '', ( 5.70000000000000, 38.2461252939432, -5.58000000000000 ) );
#2699 = DIRECTION( '', ( -1.00000000000000, 0.000000000000000, 0.000000000000000 ) );
#2700 = DIRECTION( '', ( 0.000000000000000, 0.000000000000000, 1.00000000000000 ) );
#2701 = SURFACE_STYLE_FILL_AREA( #3522 );
#2702 = ORIENTED_EDGE( '', *, *, #3160, .T. );
#2703 = ORIENTED_EDGE( '', *, *, #3055, .F. );
#2704 = ORIENTED_EDGE( '', *, *, #3298, .F. );
#2705 = ORIENTED_EDGE( '', *, *, #3092, .F. );
#2706 = CARTESIAN_POINT( '', ( 4.85000000000000, -8.35000000000000, -2.75000000000000 ) );
#2707 = DIRECTION( '', ( 0.000000000000000, 0.000000000000000, -1.00000000000000 ) );
#2708 = DIRECTION( '', ( -1.00000000000000, 0.000000000000000, 0.000000000000000 ) );
#2709 = SURFACE_STYLE_FILL_AREA( #3523 );
#2710 = ORIENTED_EDGE( '', *, *, #3237, .T. );
#2711 = ORIENTED_EDGE( '', *, *, #3425, .T. );
#2712 = CARTESIAN_POINT( '', ( 10.0000000000000, -11.2500000000000, 28.9817647408501 ) );
#2713 = DIRECTION( '', ( -0.000000000000000, -0.000000000000000, 1.00000000000000 ) );
#2714 = DIRECTION( '', ( -1.00000000000000, 0.000000000000000, 0.000000000000000 ) );
#2715 = SURFACE_STYLE_FILL_AREA( #3524 );
#2716 = ORIENTED_EDGE( '', *, *, #3162, .F. );
#2717 = ORIENTED_EDGE( '', *, *, #3424, .F. );
#2718 = CARTESIAN_POINT( '', ( -5.00000000000000, -11.2500000000000, 28.9817647408501 ) );
#2719 = DIRECTION( '', ( -0.000000000000000, -0.000000000000000, 1.00000000000000 ) );
#2720 = DIRECTION( '', ( -1.00000000000000, 0.000000000000000, 0.000000000000000 ) );
#2721 = SURFACE_STYLE_FILL_AREA( #3525 );
#2722 = ORIENTED_EDGE( '', *, *, #3281, .F. );
#2723 = ORIENTED_EDGE( '', *, *, #3526, .T. );
#2724 = CARTESIAN_POINT( '', ( 0.000000000000000, 11.2500000000000, 28.9817647408501 ) );
#2725 = DIRECTION( '', ( -0.000000000000000, -0.000000000000000, 1.00000000000000 ) );
#2726 = DIRECTION( '', ( -1.00000000000000, 0.000000000000000, 0.000000000000000 ) );
#2727 = SURFACE_STYLE_FILL_AREA( #3527 );
#2728 = ORIENTED_EDGE( '', *, *, #3528, .T. );
#2729 = ORIENTED_EDGE( '', *, *, #3386, .T. );
#2730 = ORIENTED_EDGE( '', *, *, #3074, .T. );
#2731 = ORIENTED_EDGE( '', *, *, #3088, .F. );
#2732 = ORIENTED_EDGE( '', *, *, #3122, .T. );
#2733 = CARTESIAN_POINT( '', ( -3.35000000000000, -28.6351200451474, 6.00000000000000 ) );
#2734 = DIRECTION( '', ( 0.984807753012208, 0.000000000000000, 0.173648177666930 ) );
#2735 = DIRECTION( '', ( 0.173648177666930, 0.000000000000000, -0.984807753012208 ) );
#2736 = SURFACE_STYLE_FILL_AREA( #3529 );
#2737 = ORIENTED_EDGE( '', *, *, #3530, .F. );
#2738 = ORIENTED_EDGE( '', *, *, #3531, .T. );
#2739 = CARTESIAN_POINT( '', ( 10.0000000000000, 11.2500000000000, 28.9817647408501 ) );
#2740 = DIRECTION( '', ( -0.000000000000000, -0.000000000000000, 1.00000000000000 ) );
#2741 = DIRECTION( '', ( -1.00000000000000, 0.000000000000000, 0.000000000000000 ) );
#2742 = SURFACE_STYLE_FILL_AREA( #3532 );
#2743 = ORIENTED_EDGE( '', *, *, #3533, .F. );
#2744 = ORIENTED_EDGE( '', *, *, #3358, .T. );
#2745 = ORIENTED_EDGE( '', *, *, #3534, .F. );
#2746 = ORIENTED_EDGE( '', *, *, #3513, .F. );
#2747 = ORIENTED_EDGE( '', *, *, #3503, .T. );
#2748 = ORIENTED_EDGE( '', *, *, #3040, .T. );
#2749 = CARTESIAN_POINT( '', ( -12.5000000000000, 12.5000000000000, -3.20000000000000 ) );
#2750 = DIRECTION( '', ( -3.61400724161835E-016, 0.000000000000000, -1.00000000000000 ) );
#2751 = DIRECTION( '', ( -1.00000000000000, 0.000000000000000, 3.61400724161835E-016 ) );
#2752 = SURFACE_STYLE_FILL_AREA( #3535 );
#2753 = ORIENTED_EDGE( '', *, *, #3049, .T. );
#2754 = ORIENTED_EDGE( '', *, *, #3536, .T. );
#2755 = CARTESIAN_POINT( '', ( 5.00000000000000, 11.2500000000000, -7.10000000000000 ) );
#2756 = DIRECTION( '', ( 0.000000000000000, 0.000000000000000, 1.00000000000000 ) );
#2757 = DIRECTION( '', ( 1.00000000000000, 0.000000000000000, 0.000000000000000 ) );
#2758 = SURFACE_STYLE_FILL_AREA( #3537 );
#2759 = ORIENTED_EDGE( '', *, *, #3166, .F. );
#2760 = CARTESIAN_POINT( '', ( 0.000000000000000, 11.2500000000000, -10.6000000000000 ) );
#2761 = DIRECTION( '', ( 0.000000000000000, 0.000000000000000, -1.00000000000000 ) );
#2762 = DIRECTION( '', ( -1.00000000000000, 0.000000000000000, 0.000000000000000 ) );
#2763 = SURFACE_STYLE_FILL_AREA( #3538 );
#2764 = ORIENTED_EDGE( '', *, *, #3530, .T. );
#2765 = ORIENTED_EDGE( '', *, *, #3117, .T. );
#2766 = CARTESIAN_POINT( '', ( 10.0000000000000, 11.2500000000000, -7.10000000000000 ) );
#2767 = DIRECTION( '', ( 0.000000000000000, 0.000000000000000, 1.00000000000000 ) );
#2768 = DIRECTION( '', ( 1.00000000000000, 0.000000000000000, 0.000000000000000 ) );
#2769 = SURFACE_STYLE_FILL_AREA( #3539 );
#2770 = ORIENTED_EDGE( '', *, *, #3526, .F. );
#2771 = ORIENTED_EDGE( '', *, *, #3050, .F. );
#2772 = ORIENTED_EDGE( '', *, *, #3531, .F. );
#2773 = ORIENTED_EDGE( '', *, *, #3079, .T. );
#2774 = ORIENTED_EDGE( '', *, *, #3154, .F. );
#2775 = ORIENTED_EDGE( '', *, *, #3462, .T. );
#2776 = ORIENTED_EDGE( '', *, *, #3180, .T. );
#2777 = ORIENTED_EDGE( '', *, *, #3103, .T. );
#2778 = ORIENTED_EDGE( '', *, *, #3440, .T. );
#2779 = ORIENTED_EDGE( '', *, *, #3518, .T. );
#2780 = ORIENTED_EDGE( '', *, *, #3521, .T. );
#2781 = ORIENTED_EDGE( '', *, *, #3489, .T. );
#2782 = ORIENTED_EDGE( '', *, *, #3046, .F. );
#2783 = ORIENTED_EDGE( '', *, *, #3540, .T. );
#2784 = ORIENTED_EDGE( '', *, *, #3296, .T. );
#2785 = ORIENTED_EDGE( '', *, *, #3487, .F. );
#2786 = ORIENTED_EDGE( '', *, *, #3250, .F. );
#2787 = ORIENTED_EDGE( '', *, *, #3348, .T. );
#2788 = ORIENTED_EDGE( '', *, *, #3541, .T. );
#2789 = ORIENTED_EDGE( '', *, *, #3484, .F. );
#2790 = ORIENTED_EDGE( '', *, *, #3307, .F. );
#2791 = ORIENTED_EDGE( '', *, *, #3542, .T. );
#2792 = ORIENTED_EDGE( '', *, *, #3173, .F. );
#2793 = ORIENTED_EDGE( '', *, *, #3543, .T. );
#2794 = ORIENTED_EDGE( '', *, *, #3544, .F. );
#2795 = ORIENTED_EDGE( '', *, *, #3114, .T. );
#2796 = ORIENTED_EDGE( '', *, *, #3545, .T. );
#2797 = CARTESIAN_POINT( '', ( 12.5000000000000, 12.9050000000000, -5.58000000000000 ) );
#2798 = DIRECTION( '', ( 0.000000000000000, 0.000000000000000, -1.00000000000000 ) );
#2799 = DIRECTION( '', ( -1.00000000000000, 0.000000000000000, 0.000000000000000 ) );
#2800 = SURFACE_STYLE_FILL_AREA( #3546 );
#2801 = ORIENTED_EDGE( '', *, *, #3493, .F. );
#2802 = ORIENTED_EDGE( '', *, *, #3547, .F. );
#2803 = ORIENTED_EDGE( '', *, *, #3472, .T. );
#2804 = ORIENTED_EDGE( '', *, *, #3258, .T. );
#2805 = CARTESIAN_POINT( '', ( -7.00000000000000, -8.35000000000000, -4.00000000000000 ) );
#2806 = DIRECTION( '', ( -0.000000000000000, -1.00000000000000, -0.000000000000000 ) );
#2807 = DIRECTION( '', ( 0.000000000000000, 0.000000000000000, 1.00000000000000 ) );
#2808 = SURFACE_STYLE_FILL_AREA( #3548 );
#2809 = ORIENTED_EDGE( '', *, *, #3476, .T. );
#2810 = ORIENTED_EDGE( '', *, *, #3228, .T. );
#2811 = ORIENTED_EDGE( '', *, *, #3433, .F. );
#2812 = ORIENTED_EDGE( '', *, *, #3218, .T. );
#2813 = CARTESIAN_POINT( '', ( -9.00000000000000, -9.00500000000000, -7.10000000000000 ) );
#2814 = DIRECTION( '', ( 0.000000000000000, 0.000000000000000, 1.00000000000000 ) );
#2815 = DIRECTION( '', ( 1.00000000000000, 0.000000000000000, 0.000000000000000 ) );
#2816 = SURFACE_STYLE_FILL_AREA( #3549 );
#2817 = ORIENTED_EDGE( '', *, *, #3069, .F. );
#2818 = ORIENTED_EDGE( '', *, *, #3373, .F. );
#2819 = ORIENTED_EDGE( '', *, *, #3491, .F. );
#2820 = ORIENTED_EDGE( '', *, *, #3403, .F. );
#2821 = CARTESIAN_POINT( '', ( 3.76954981558864, 9.00500000000000, 5.50000000000000 ) );
#2822 = DIRECTION( '', ( -0.000000000000000, 1.00000000000000, -0.000000000000000 ) );
#2823 = DIRECTION( '', ( 0.000000000000000, 0.000000000000000, -1.00000000000000 ) );
#2824 = SURFACE_STYLE_FILL_AREA( #3550 );
#2825 = ORIENTED_EDGE( '', *, *, #3483, .T. );
#2826 = ORIENTED_EDGE( '', *, *, #3138, .T. );
#2827 = ORIENTED_EDGE( '', *, *, #3064, .F. );
#2828 = ORIENTED_EDGE( '', *, *, #3263, .T. );
#2829 = CARTESIAN_POINT( '', ( -9.00000000000000, 9.00500000000000, 6.00000000000000 ) );
#2830 = DIRECTION( '', ( 0.000000000000000, 0.000000000000000, -1.00000000000000 ) );
#2831 = DIRECTION( '', ( -1.00000000000000, 0.000000000000000, 0.000000000000000 ) );
#2832 = SURFACE_STYLE_FILL_AREA( #3551 );
#2833 = ORIENTED_EDGE( '', *, *, #3291, .T. );
#2834 = ORIENTED_EDGE( '', *, *, #3412, .T. );
#2835 = CARTESIAN_POINT( '', ( 0.000000000000000, -11.2500000000000, 28.9817647408501 ) );
#2836 = DIRECTION( '', ( -0.000000000000000, -0.000000000000000, 1.00000000000000 ) );
#2837 = DIRECTION( '', ( -1.00000000000000, 0.000000000000000, 0.000000000000000 ) );
#2838 = SURFACE_STYLE_FILL_AREA( #3552 );
#2839 = ORIENTED_EDGE( '', *, *, #3328, .T. );
#2840 = ORIENTED_EDGE( '', *, *, #3553, .F. );
#2841 = CARTESIAN_POINT( '', ( -5.00000000000000, 11.2500000000000, -7.10000000000000 ) );
#2842 = DIRECTION( '', ( 0.000000000000000, 0.000000000000000, 1.00000000000000 ) );
#2843 = DIRECTION( '', ( 1.00000000000000, 0.000000000000000, 0.000000000000000 ) );
#2844 = SURFACE_STYLE_FILL_AREA( #3554 );
#2845 = ORIENTED_EDGE( '', *, *, #3555, .F. );
#2846 = ORIENTED_EDGE( '', *, *, #3293, .F. );
#2847 = ORIENTED_EDGE( '', *, *, #3540, .F. );
#2848 = ORIENTED_EDGE( '', *, *, #3045, .T. );
#2849 = CARTESIAN_POINT( '', ( 9.00000000000000, 9.66000000000000, -5.58000000000000 ) );
#2850 = DIRECTION( '', ( 0.000000000000000, 0.918361947888643, -0.395741497280961 ) );
#2851 = DIRECTION( '', ( 0.000000000000000, 0.395741497280961, 0.918361947888643 ) );
#2852 = SURFACE_STYLE_FILL_AREA( #3556 );
#2853 = ORIENTED_EDGE( '', *, *, #3359, .F. );
#2854 = ORIENTED_EDGE( '', *, *, #3533, .T. );
#2855 = ORIENTED_EDGE( '', *, *, #3039, .T. );
#2856 = ORIENTED_EDGE( '', *, *, #3500, .F. );
#2857 = ORIENTED_EDGE( '', *, *, #3278, .F. );
#2858 = ORIENTED_EDGE( '', *, *, #3312, .F. );
#2859 = ORIENTED_EDGE( '', *, *, #3509, .F. );
#2860 = ORIENTED_EDGE( '', *, *, #3467, .F. );
#2861 = ORIENTED_EDGE( '', *, *, #3369, .F. );
#2862 = ORIENTED_EDGE( '', *, *, #3557, .F. );
#2863 = ORIENTED_EDGE( '', *, *, #3206, .T. );
#2864 = ORIENTED_EDGE( '', *, *, #3354, .T. );
#2865 = ORIENTED_EDGE( '', *, *, #3336, .T. );
#2866 = ORIENTED_EDGE( '', *, *, #3186, .T. );
#2867 = ORIENTED_EDGE( '', *, *, #3391, .T. );
#2868 = ORIENTED_EDGE( '', *, *, #3252, .T. );
#2869 = ORIENTED_EDGE( '', *, *, #3507, .T. );
#2870 = ORIENTED_EDGE( '', *, *, #3287, .T. );
#2871 = CARTESIAN_POINT( '', ( 12.5000000000000, 9.30000000000000, -2.60000000000000 ) );
#2872 = DIRECTION( '', ( 0.000000000000000, -1.00000000000000, 0.000000000000000 ) );
#2873 = DIRECTION( '', ( 0.000000000000000, 0.000000000000000, -1.00000000000000 ) );
#2874 = SURFACE_STYLE_FILL_AREA( #3558 );
#2875 = ORIENTED_EDGE( '', *, *, #3460, .T. );
#2876 = ORIENTED_EDGE( '', *, *, #3374, .F. );
#2877 = ORIENTED_EDGE( '', *, *, #3067, .T. );
#2878 = ORIENTED_EDGE( '', *, *, #3559, .T. );
#2879 = CARTESIAN_POINT( '', ( -5.07781745930520, -8.35000000000000, 3.30000000000000 ) );
#2880 = DIRECTION( '', ( 0.000000000000000, 0.000000000000000, 1.00000000000000 ) );
#2881 = DIRECTION( '', ( 1.00000000000000, 0.000000000000000, 0.000000000000000 ) );
#2882 = SURFACE_STYLE_FILL_AREA( #3560 );
#2883 = ORIENTED_EDGE( '', *, *, #3347, .T. );
#2884 = ORIENTED_EDGE( '', *, *, #3561, .T. );
#2885 = ORIENTED_EDGE( '', *, *, #3485, .F. );
#2886 = ORIENTED_EDGE( '', *, *, #3541, .F. );
#2887 = CARTESIAN_POINT( '', ( -4.30000000000000, 38.2461252939432, -7.10000000000000 ) );
#2888 = DIRECTION( '', ( 1.00000000000000, 0.000000000000000, -5.70632722360792E-016 ) );
#2889 = DIRECTION( '', ( -5.70632722360792E-016, 0.000000000000000, -1.00000000000000 ) );
#2890 = SURFACE_STYLE_FILL_AREA( #3562 );
#2891 = ORIENTED_EDGE( '', *, *, #3561, .F. );
#2892 = ORIENTED_EDGE( '', *, *, #3346, .T. );
#2893 = ORIENTED_EDGE( '', *, *, #3248, .F. );
#2894 = ORIENTED_EDGE( '', *, *, #3486, .F. );
#2895 = CARTESIAN_POINT( '', ( 4.30000000000000, 38.2461252939432, -6.62000000000000 ) );
#2896 = DIRECTION( '', ( 0.000000000000000, 0.000000000000000, 1.00000000000000 ) );
#2897 = DIRECTION( '', ( 1.00000000000000, 0.000000000000000, 0.000000000000000 ) );
#2898 = SURFACE_STYLE_FILL_AREA( #3563 );
#2899 = ORIENTED_EDGE( '', *, *, #3514, .T. );
#2900 = ORIENTED_EDGE( '', *, *, #3534, .T. );
#2901 = ORIENTED_EDGE( '', *, *, #3360, .T. );
#2902 = ORIENTED_EDGE( '', *, *, #3285, .T. );
#2903 = CARTESIAN_POINT( '', ( -12.5000000000000, 0.000000000000000, -3.20000000000000 ) );
#2904 = DIRECTION( '', ( 0.000000000000000, -1.00000000000000, 0.000000000000000 ) );
#2905 = DIRECTION( '', ( 0.000000000000000, 0.000000000000000, -1.00000000000000 ) );
#2906 = SURFACE_STYLE_FILL_AREA( #3564 );
#2907 = ORIENTED_EDGE( '', *, *, #3553, .T. );
#2908 = ORIENTED_EDGE( '', *, *, #3545, .F. );
#2909 = CARTESIAN_POINT( '', ( -5.00000000000000, 11.2500000000000, 28.9817647408501 ) );
#2910 = DIRECTION( '', ( -0.000000000000000, -0.000000000000000, 1.00000000000000 ) );
#2911 = DIRECTION( '', ( -1.00000000000000, 0.000000000000000, 0.000000000000000 ) );
#2912 = SURFACE_STYLE_FILL_AREA( #3565 );
#2913 = ORIENTED_EDGE( '', *, *, #3543, .F. );
#2914 = ORIENTED_EDGE( '', *, *, #3172, .T. );
#2915 = ORIENTED_EDGE( '', *, *, #3319, .T. );
#2916 = ORIENTED_EDGE( '', *, *, #3566, .F. );
#2917 = CARTESIAN_POINT( '', ( 12.5000000000000, 9.00500000000000, -5.58000000000000 ) );
#2918 = DIRECTION( '', ( 0.000000000000000, -1.00000000000000, 0.000000000000000 ) );
#2919 = DIRECTION( '', ( 0.000000000000000, 0.000000000000000, -1.00000000000000 ) );
#2920 = SURFACE_STYLE_FILL_AREA( #3567 );
#2921 = ORIENTED_EDGE( '', *, *, #3429, .F. );
#2922 = ORIENTED_EDGE( '', *, *, #3497, .F. );
#2923 = ORIENTED_EDGE( '', *, *, #3557, .T. );
#2924 = ORIENTED_EDGE( '', *, *, #3368, .T. );
#2925 = CARTESIAN_POINT( '', ( 4.70000000000000, 9.30000000000000, -2.60000000000000 ) );
#2926 = DIRECTION( '', ( 0.707106781186548, 0.000000000000000, -0.707106781186547 ) );
#2927 = DIRECTION( '', ( -0.707106781186547, 0.000000000000000, -0.707106781186548 ) );
#2928 = SURFACE_STYLE_FILL_AREA( #3568 );
#2929 = ORIENTED_EDGE( '', *, *, #3434, .T. );
#2930 = ORIENTED_EDGE( '', *, *, #3230, .T. );
#2931 = ORIENTED_EDGE( '', *, *, #3475, .T. );
#2932 = ORIENTED_EDGE( '', *, *, #3453, .T. );
#2933 = ORIENTED_EDGE( '', *, *, #3082, .F. );
#2934 = ORIENTED_EDGE( '', *, *, #3332, .F. );
#2935 = ORIENTED_EDGE( '', *, *, #3421, .T. );
#2936 = CARTESIAN_POINT( '', ( 9.00000000000000, -9.00500000000000, -7.10000000000000 ) );
#2937 = DIRECTION( '', ( -1.00000000000000, 0.000000000000000, -1.32421639387543E-016 ) );
#2938 = DIRECTION( '', ( -1.32421639387543E-016, 0.000000000000000, 1.00000000000000 ) );
#2939 = SURFACE_STYLE_FILL_AREA( #3569 );
#2940 = ORIENTED_EDGE( '', *, *, #3107, .T. );
#2941 = ORIENTED_EDGE( '', *, *, #3422, .T. );
#2942 = CARTESIAN_POINT( '', ( 5.00000000000000, -11.2500000000000, 28.9817647408501 ) );
#2943 = DIRECTION( '', ( -0.000000000000000, -0.000000000000000, 1.00000000000000 ) );
#2944 = DIRECTION( '', ( -1.00000000000000, 0.000000000000000, 0.000000000000000 ) );
#2945 = SURFACE_STYLE_FILL_AREA( #3570 );
#2946 = ORIENTED_EDGE( '', *, *, #3294, .F. );
#2947 = ORIENTED_EDGE( '', *, *, #3555, .T. );
#2948 = ORIENTED_EDGE( '', *, *, #3044, .T. );
#2949 = ORIENTED_EDGE( '', *, *, #3488, .F. );
#2950 = CARTESIAN_POINT( '', ( 4.30000000000000, 38.2461252939432, -6.62000000000000 ) );
#2951 = DIRECTION( '', ( 0.000000000000000, 0.000000000000000, 1.00000000000000 ) );
#2952 = DIRECTION( '', ( 1.00000000000000, 0.000000000000000, 0.000000000000000 ) );
#2953 = SURFACE_STYLE_FILL_AREA( #3571 );
#2954 = ORIENTED_EDGE( '', *, *, #3456, .T. );
#2955 = ORIENTED_EDGE( '', *, *, #3058, .F. );
#2956 = ORIENTED_EDGE( '', *, *, #3377, .F. );
#2957 = ORIENTED_EDGE( '', *, *, #3097, .F. );
#2958 = CARTESIAN_POINT( '', ( 4.85000000000000, -8.35000000000000, 2.75000000000000 ) );
#2959 = DIRECTION( '', ( 0.707106781186548, 0.000000000000000, 0.707106781186547 ) );
#2960 = DIRECTION( '', ( 0.707106781186547, 0.000000000000000, -0.707106781186548 ) );
#2961 = SURFACE_STYLE_FILL_AREA( #3572 );
#2962 = ORIENTED_EDGE( '', *, *, #3163, .F. );
#2963 = ORIENTED_EDGE( '', *, *, #3216, .T. );
#2964 = CARTESIAN_POINT( '', ( -5.00000000000000, -11.2500000000000, -7.10000000000000 ) );
#2965 = DIRECTION( '', ( -0.000000000000000, -0.000000000000000, 1.00000000000000 ) );
#2966 = DIRECTION( '', ( -1.00000000000000, 0.000000000000000, 0.000000000000000 ) );
#2967 = SURFACE_STYLE_FILL_AREA( #3573 );
#2968 = ORIENTED_EDGE( '', *, *, #3142, .T. );
#2969 = ORIENTED_EDGE( '', *, *, #3078, .F. );
#2970 = CARTESIAN_POINT( '', ( -10.0000000000000, 11.2500000000000, -7.10000000000000 ) );
#2971 = DIRECTION( '', ( 0.000000000000000, 0.000000000000000, 1.00000000000000 ) );
#2972 = DIRECTION( '', ( 1.00000000000000, 0.000000000000000, 0.000000000000000 ) );
#2973 = SURFACE_STYLE_FILL_AREA( #3574 );
#2974 = ORIENTED_EDGE( '', *, *, #3492, .F. );
#2975 = ORIENTED_EDGE( '', *, *, #3127, .F. );
#2976 = ORIENTED_EDGE( '', *, *, #3473, .T. );
#2977 = ORIENTED_EDGE( '', *, *, #3547, .T. );
#2978 = CARTESIAN_POINT( '', ( 7.00000000000000, -8.35000000000000, -5.50000000000000 ) );
#2979 = DIRECTION( '', ( 0.000000000000000, 0.000000000000000, -1.00000000000000 ) );
#2980 = DIRECTION( '', ( -1.00000000000000, 0.000000000000000, 0.000000000000000 ) );
#2981 = SURFACE_STYLE_FILL_AREA( #3575 );
#2982 = ORIENTED_EDGE( '', *, *, #3318, .T. );
#2983 = ORIENTED_EDGE( '', *, *, #3115, .T. );
#2984 = ORIENTED_EDGE( '', *, *, #3544, .T. );
#2985 = ORIENTED_EDGE( '', *, *, #3566, .T. );
#2986 = CARTESIAN_POINT( '', ( -12.5000000000000, 12.9050000000000, -5.58000000000000 ) );
#2987 = DIRECTION( '', ( -1.00000000000000, 6.12303176911189E-017, 0.000000000000000 ) );
#2988 = DIRECTION( '', ( -6.12303176911189E-017, -1.00000000000000, 0.000000000000000 ) );
#2989 = SURFACE_STYLE_FILL_AREA( #3576 );
#2990 = ORIENTED_EDGE( '', *, *, #3341, .T. );
#2991 = ORIENTED_EDGE( '', *, *, #3190, .T. );
#2992 = ORIENTED_EDGE( '', *, *, #3388, .T. );
#2993 = ORIENTED_EDGE( '', *, *, #3364, .F. );
#2994 = ORIENTED_EDGE( '', *, *, #3415, .T. );
#2995 = CARTESIAN_POINT( '', ( 9.00000000000000, -9.66000000000000, -5.58000000000000 ) );
#2996 = DIRECTION( '', ( 0.000000000000000, 0.918361947888643, 0.395741497280961 ) );
#2997 = DIRECTION( '', ( 0.000000000000000, -0.395741497280961, 0.918361947888643 ) );
#2998 = SURFACE_STYLE_FILL_AREA( #3577 );
#2999 = ORIENTED_EDGE( '', *, *, #3089, .F. );
#3000 = ORIENTED_EDGE( '', *, *, #3076, .T. );
#3001 = ORIENTED_EDGE( '', *, *, #3385, .T. );
#3002 = ORIENTED_EDGE( '', *, *, #3479, .T. );
#3003 = CARTESIAN_POINT( '', ( 9.00000000000000, -9.00500000000000, 6.00000000000000 ) );
#3004 = DIRECTION( '', ( 0.000000000000000, 0.000000000000000, -1.00000000000000 ) );
#3005 = DIRECTION( '', ( -1.00000000000000, 0.000000000000000, 0.000000000000000 ) );
#3006 = SURFACE_STYLE_FILL_AREA( #3578 );
#3007 = ORIENTED_EDGE( '', *, *, #3444, .T. );
#3008 = ORIENTED_EDGE( '', *, *, #3448, .T. );
#3009 = ORIENTED_EDGE( '', *, *, #3168, .F. );
#3010 = ORIENTED_EDGE( '', *, *, #3542, .F. );
#3011 = ORIENTED_EDGE( '', *, *, #3306, .F. );
#3012 = CARTESIAN_POINT( '', ( 9.00000000000000, 9.66000000000000, -5.58000000000000 ) );
#3013 = DIRECTION( '', ( 0.000000000000000, 0.918361947888643, -0.395741497280961 ) );
#3014 = DIRECTION( '', ( 0.000000000000000, 0.395741497280961, 0.918361947888643 ) );
#3015 = SURFACE_STYLE_FILL_AREA( #3579 );
#3016 = ORIENTED_EDGE( '', *, *, #3066, .T. );
#3017 = ORIENTED_EDGE( '', *, *, #3140, .T. );
#3018 = ORIENTED_EDGE( '', *, *, #3482, .F. );
#3019 = ORIENTED_EDGE( '', *, *, #3459, .F. );
#3020 = ORIENTED_EDGE( '', *, *, #3559, .F. );
#3021 = CARTESIAN_POINT( '', ( -3.35000000000000, 28.6351200451474, 6.00000000000000 ) );
#3022 = DIRECTION( '', ( -0.984807753012208, 0.000000000000000, -0.173648177666930 ) );
#3023 = DIRECTION( '', ( -0.173648177666930, 0.000000000000000, 0.984807753012208 ) );
#3024 = SURFACE_STYLE_FILL_AREA( #3580 );
#3025 = ORIENTED_EDGE( '', *, *, #3528, .F. );
#3026 = ORIENTED_EDGE( '', *, *, #3121, .T. );
#3027 = ORIENTED_EDGE( '', *, *, #3511, .F. );
#3028 = ORIENTED_EDGE( '', *, *, #3270, .F. );
#3029 = CARTESIAN_POINT( '', ( -7.00000000000000, -8.35000000000000, 4.00000000000000 ) );
#3030 = DIRECTION( '', ( 0.000000000000000, 1.00000000000000, 0.000000000000000 ) );
#3031 = DIRECTION( '', ( 0.000000000000000, 0.000000000000000, 1.00000000000000 ) );
#3032 = SURFACE_STYLE_FILL_AREA( #3581 );
#3033 = ORIENTED_EDGE( '', *, *, #3536, .F. );
#3034 = ORIENTED_EDGE( '', *, *, #3379, .T. );
#3035 = CARTESIAN_POINT( '', ( 5.00000000000000, 11.2500000000000, -7.10000000000000 ) );
#3036 = DIRECTION( '', ( -0.000000000000000, -0.000000000000000, 1.00000000000000 ) );
#3037 = DIRECTION( '', ( -1.00000000000000, 0.000000000000000, 0.000000000000000 ) );
#3038 = FILL_AREA_STYLE( '', ( #3582 ) );
#3039 = EDGE_CURVE( '', #3583, #3584, #3585, .T. );
#3040 = EDGE_CURVE( '', #3586, #3583, #3587, .T. );
#3041 = EDGE_CURVE( '', #3586, #3588, #3589, .T. );
#3042 = EDGE_CURVE( '', #3588, #3584, #3590, .T. );
#3043 = FILL_AREA_STYLE( '', ( #3591 ) );
#3044 = EDGE_CURVE( '', #3592, #3593, #3594, .T. );
#3045 = EDGE_CURVE( '', #3595, #3592, #3596, .T. );
#3046 = EDGE_CURVE( '', #3595, #3597, #3598, .T. );
#3047 = EDGE_CURVE( '', #3597, #3593, #3599, .T. );
#3048 = FILL_AREA_STYLE( '', ( #3600 ) );
#3049 = EDGE_CURVE( '', #3601, #3601, #3602, .F. );
#3050 = EDGE_CURVE( '', #3603, #3603, #3604, .T. );
#3051 = FILL_AREA_STYLE( '', ( #3605 ) );
#3052 = EDGE_CURVE( '', #3606, #3607, #3608, .T. );
#3053 = EDGE_CURVE( '', #3607, #3609, #3610, .T. );
#3054 = EDGE_CURVE( '', #3609, #3611, #3612, .T. );
#3055 = EDGE_CURVE( '', #3611, #3613, #3614, .T. );
#3056 = EDGE_CURVE( '', #3613, #3615, #3616, .T. );
#3057 = EDGE_CURVE( '', #3615, #3617, #3618, .T. );
#3058 = EDGE_CURVE( '', #3617, #3619, #3620, .T. );
#3059 = EDGE_CURVE( '', #3619, #3606, #3621, .T. );
#3060 = EDGE_CURVE( '', #3622, #3623, #3624, .T. );
#3061 = EDGE_CURVE( '', #3623, #3625, #3626, .T. );
#3062 = EDGE_CURVE( '', #3625, #3627, #3628, .T. );
#3063 = EDGE_CURVE( '', #3627, #3629, #3630, .T. );
#3064 = EDGE_CURVE( '', #3629, #3631, #3632, .T. );
#3065 = EDGE_CURVE( '', #3631, #3633, #3634, .T. );
#3066 = EDGE_CURVE( '', #3635, #3633, #3636, .T. );
#3067 = EDGE_CURVE( '', #3637, #3635, #3638, .T. );
#3068 = EDGE_CURVE( '', #3639, #3637, #3640, .T. );
#3069 = EDGE_CURVE( '', #3639, #3641, #3642, .T. );
#3070 = EDGE_CURVE( '', #3641, #3643, #3644, .T. );
#3071 = EDGE_CURVE( '', #3643, #3622, #3645, .T. );
#3072 = FILL_AREA_STYLE( '', ( #3646 ) );
#3073 = EDGE_CURVE( '', #3647, #3648, #3649, .T. );
#3074 = EDGE_CURVE( '', #3650, #3647, #3651, .F. );
#3075 = EDGE_CURVE( '', #3652, #3650, #3653, .F. );
#3076 = EDGE_CURVE( '', #3648, #3652, #3654, .T. );
#3077 = FILL_AREA_STYLE( '', ( #3655 ) );
#3078 = EDGE_CURVE( '', #3656, #3656, #3657, .T. );
#3079 = EDGE_CURVE( '', #3658, #3658, #3659, .F. );
#3080 = FILL_AREA_STYLE( '', ( #3660 ) );
#3081 = EDGE_CURVE( '', #3661, #3662, #3663, .T. );
#3082 = EDGE_CURVE( '', #3661, #3664, #3665, .T. );
#3083 = EDGE_CURVE( '', #3664, #3666, #3667, .T. );
#3084 = EDGE_CURVE( '', #3666, #3668, #3669, .T. );
#3085 = EDGE_CURVE( '', #3668, #3670, #3671, .T. );
#3086 = EDGE_CURVE( '', #3670, #3672, #3673, .T. );
#3087 = EDGE_CURVE( '', #3672, #3674, #3675, .T. );
#3088 = EDGE_CURVE( '', #3674, #3647, #3676, .T. );
#3089 = EDGE_CURVE( '', #3648, #3677, #3678, .T. );
#3090 = EDGE_CURVE( '', #3677, #3679, #3680, .F. );
#3091 = EDGE_CURVE( '', #3679, #3662, #3681, .T. );
#3092 = EDGE_CURVE( '', #3682, #3683, #3684, .T. );
#3093 = EDGE_CURVE( '', #3683, #3685, #3686, .T. );
#3094 = EDGE_CURVE( '', #3685, #3687, #3688, .T. );
#3095 = EDGE_CURVE( '', #3687, #3689, #3690, .T. );
#3096 = EDGE_CURVE( '', #3689, #3691, #3692, .T. );
#3097 = EDGE_CURVE( '', #3691, #3693, #3694, .T. );
#3098 = EDGE_CURVE( '', #3693, #3695, #3696, .T. );
#3099 = EDGE_CURVE( '', #3695, #3682, #3697, .T. );
#3100 = FILL_AREA_STYLE( '', ( #3698 ) );
#3101 = EDGE_CURVE( '', #3699, #3623, #3700, .T. );
#3102 = EDGE_CURVE( '', #3623, #3701, #3702, .T. );
#3103 = EDGE_CURVE( '', #3703, #3701, #3704, .T. );
#3104 = EDGE_CURVE( '', #3703, #3699, #3705, .T. );
#3105 = FILL_AREA_STYLE( '', ( #3706 ) );
#3106 = EDGE_CURVE( '', #3707, #3707, #3708, .T. );
#3107 = EDGE_CURVE( '', #3709, #3709, #3710, .T. );
#3108 = FILL_AREA_STYLE( '', ( #3711 ) );
#3109 = EDGE_CURVE( '', #3685, #3609, #3712, .T. );
#3110 = EDGE_CURVE( '', #3687, #3607, #3713, .T. );
#3111 = FILL_AREA_STYLE( '', ( #3714 ) );
#3112 = EDGE_CURVE( '', #3715, #3716, #3717, .T. );
#3113 = EDGE_CURVE( '', #3718, #3715, #3719, .F. );
#3114 = EDGE_CURVE( '', #3720, #3718, #3721, .T. );
#3115 = EDGE_CURVE( '', #3716, #3720, #3722, .T. );
#3116 = FILL_AREA_STYLE( '', ( #3723 ) );
#3117 = EDGE_CURVE( '', #3724, #3724, #3725, .T. );
#3118 = EDGE_CURVE( '', #3726, #3726, #3727, .T. );
#3119 = FILL_AREA_STYLE( '', ( #3728 ) );
#3120 = EDGE_CURVE( '', #3672, #3729, #3730, .T. );
#3121 = EDGE_CURVE( '', #3731, #3729, #3732, .T. );
#3122 = EDGE_CURVE( '', #3674, #3731, #3733, .T. );
#3123 = FILL_AREA_STYLE( '', ( #3734 ) );
#3124 = EDGE_CURVE( '', #3735, #3736, #3737, .T. );
#3125 = EDGE_CURVE( '', #3738, #3735, #3739, .T. );
#3126 = EDGE_CURVE( '', #3738, #3740, #3741, .T. );
#3127 = EDGE_CURVE( '', #3740, #3736, #3742, .T. );
#3128 = FILL_AREA_STYLE( '', ( #3743 ) );
#3129 = EDGE_CURVE( '', #3744, #3745, #3746, .T. );
#3130 = EDGE_CURVE( '', #3745, #3747, #3748, .T. );
#3131 = EDGE_CURVE( '', #3747, #3749, #3750, .T. );
#3132 = EDGE_CURVE( '', #3744, #3749, #3751, .T. );
#3133 = FILL_AREA_STYLE( '', ( #3752 ) );
#3134 = EDGE_CURVE( '', #3753, #3668, #3754, .F. );
#3135 = EDGE_CURVE( '', #3755, #3753, #3756, .F. );
#3136 = EDGE_CURVE( '', #3670, #3755, #3757, .T. );
#3137 = FILL_AREA_STYLE( '', ( #3758 ) );
#3138 = EDGE_CURVE( '', #3759, #3631, #3760, .F. );
#3139 = EDGE_CURVE( '', #3761, #3759, #3762, .F. );
#3140 = EDGE_CURVE( '', #3633, #3761, #3763, .T. );
#3141 = FILL_AREA_STYLE( '', ( #3764 ) );
#3142 = EDGE_CURVE( '', #3765, #3765, #3766, .T. );
#3143 = EDGE_CURVE( '', #3767, #3767, #3768, .T. );
#3144 = FILL_AREA_STYLE( '', ( #3769 ) );
#3145 = EDGE_CURVE( '', #3770, #3771, #3772, .T. );
#3146 = EDGE_CURVE( '', #3770, #3773, #3774, .F. );
#3147 = EDGE_CURVE( '', #3775, #3773, #3776, .T. );
#3148 = EDGE_CURVE( '', #3771, #3775, #3777, .T. );
#3149 = FILL_AREA_STYLE( '', ( #3778 ) );
#3150 = EDGE_CURVE( '', #3779, #3779, #3780, .T. );
#3151 = FILL_AREA_STYLE( '', ( #3781 ) );
#3152 = EDGE_CURVE( '', #3782, #3715, #3783, .T. );
#3153 = EDGE_CURVE( '', #3782, #3784, #3785, .T. );
#3154 = EDGE_CURVE( '', #3784, #3718, #3786, .T. );
#3155 = FILL_AREA_STYLE( '', ( #3787 ) );
#3156 = EDGE_CURVE( '', #3788, #3789, #3790, .F. );
#3157 = EDGE_CURVE( '', #3789, #3788, #3791, .T. );
#3158 = FILL_AREA_STYLE( '', ( #3792 ) );
#3159 = EDGE_CURVE( '', #3695, #3615, #3793, .T. );
#3160 = EDGE_CURVE( '', #3682, #3613, #3794, .T. );
#3161 = FILL_AREA_STYLE( '', ( #3795 ) );
#3162 = EDGE_CURVE( '', #3796, #3796, #3797, .F. );
#3163 = EDGE_CURVE( '', #3798, #3798, #3799, .T. );
#3164 = FILL_AREA_STYLE( '', ( #3800 ) );
#3165 = EDGE_CURVE( '', #3801, #3801, #3802, .T. );
#3166 = EDGE_CURVE( '', #3803, #3803, #3804, .T. );
#3167 = FILL_AREA_STYLE( '', ( #3805 ) );
#3168 = EDGE_CURVE( '', #3806, #3807, #3808, .T. );
#3169 = EDGE_CURVE( '', #3807, #3809, #3810, .T. );
#3170 = EDGE_CURVE( '', #3809, #3811, #3812, .T. );
#3171 = EDGE_CURVE( '', #3811, #3627, #3813, .F. );
#3172 = EDGE_CURVE( '', #3814, #3625, #3815, .T. );
#3173 = EDGE_CURVE( '', #3814, #3806, #3816, .T. );
#3174 = FILL_AREA_STYLE( '', ( #3817 ) );
#3175 = EDGE_CURVE( '', #3818, #3819, #3820, .T. );
#3176 = EDGE_CURVE( '', #3819, #3821, #3822, .T. );
#3177 = EDGE_CURVE( '', #3823, #3821, #3824, .T. );
#3178 = EDGE_CURVE( '', #3823, #3818, #3825, .T. );
#3179 = FILL_AREA_STYLE( '', ( #3826 ) );
#3180 = EDGE_CURVE( '', #3827, #3703, #3828, .T. );
#3181 = EDGE_CURVE( '', #3827, #3829, #3830, .F. );
#3182 = EDGE_CURVE( '', #3699, #3829, #3831, .T. );
#3183 = FILL_AREA_STYLE( '', ( #3832 ) );
#3184 = EDGE_CURVE( '', #3818, #3833, #3834, .T. );
#3185 = EDGE_CURVE( '', #3833, #3835, #3836, .T. );
#3186 = EDGE_CURVE( '', #3837, #3835, #3838, .T. );
#3187 = EDGE_CURVE( '', #3837, #3839, #3840, .T. );
#3188 = EDGE_CURVE( '', #3839, #3819, #3841, .T. );
#3189 = FILL_AREA_STYLE( '', ( #3842 ) );
#3190 = EDGE_CURVE( '', #3843, #3844, #3845, .F. );
#3191 = EDGE_CURVE( '', #3846, #3843, #3847, .F. );
#3192 = EDGE_CURVE( '', #3848, #3846, #3849, .F. );
#3193 = EDGE_CURVE( '', #3844, #3848, #3850, .T. );
#3194 = FILL_AREA_STYLE( '', ( #3851 ) );
#3195 = EDGE_CURVE( '', #3852, #3853, #3854, .F. );
#3196 = EDGE_CURVE( '', #3855, #3852, #3856, .F. );
#3197 = EDGE_CURVE( '', #3857, #3855, #3858, .F. );
#3198 = EDGE_CURVE( '', #3853, #3857, #3859, .T. );
#3199 = FILL_AREA_STYLE( '', ( #3860 ) );
#3200 = EDGE_CURVE( '', #3861, #3861, #3862, .F. );
#3201 = EDGE_CURVE( '', #3863, #3863, #3864, .T. );
#3202 = FILL_AREA_STYLE( '', ( #3865 ) );
#3203 = EDGE_CURVE( '', #3866, #3866, #3867, .T. );
#3204 = FILL_AREA_STYLE( '', ( #3868 ) );
#3205 = FILL_AREA_STYLE( '', ( #3869 ) );
#3206 = EDGE_CURVE( '', #3870, #3871, #3872, .T. );
#3207 = EDGE_CURVE( '', #3873, #3870, #3874, .T. );
#3208 = EDGE_CURVE( '', #3873, #3875, #3876, .T. );
#3209 = EDGE_CURVE( '', #3875, #3871, #3877, .T. );
#3210 = FILL_AREA_STYLE( '', ( #3878 ) );
#3211 = EDGE_CURVE( '', #3879, #3880, #3881, .T. );
#3212 = EDGE_CURVE( '', #3879, #3882, #3883, .T. );
#3213 = EDGE_CURVE( '', #3882, #3884, #3885, .T. );
#3214 = EDGE_CURVE( '', #3880, #3884, #3886, .T. );
#3215 = FILL_AREA_STYLE( '', ( #3887 ) );
#3216 = EDGE_CURVE( '', #3888, #3888, #3889, .T. );
#3217 = FILL_AREA_STYLE( '', ( #3890 ) );
#3218 = EDGE_CURVE( '', #3891, #3892, #3893, .T. );
#3219 = EDGE_CURVE( '', #3894, #3891, #3895, .T. );
#3220 = EDGE_CURVE( '', #3894, #3896, #3897, .T. );
#3221 = EDGE_CURVE( '', #3892, #3896, #3898, .T. );
#3222 = FILL_AREA_STYLE( '', ( #3899 ) );
#3223 = EDGE_CURVE( '', #3745, #3900, #3901, .T. );
#3224 = EDGE_CURVE( '', #3744, #3902, #3903, .T. );
#3225 = EDGE_CURVE( '', #3900, #3902, #3904, .T. );
#3226 = FILL_AREA_STYLE( '', ( #3905 ) );
#3227 = EDGE_CURVE( '', #3906, #3907, #3908, .F. );
#3228 = EDGE_CURVE( '', #3909, #3906, #3910, .F. );
#3229 = EDGE_CURVE( '', #3911, #3909, #3912, .F. );
#3230 = EDGE_CURVE( '', #3907, #3911, #3913, .T. );
#3231 = FILL_AREA_STYLE( '', ( #3914 ) );
#3232 = EDGE_CURVE( '', #3855, #3915, #3916, .T. );
#3233 = EDGE_CURVE( '', #3852, #3917, #3918, .T. );
#3234 = EDGE_CURVE( '', #3917, #3915, #3919, .T. );
#3235 = FILL_AREA_STYLE( '', ( #3920 ) );
#3236 = EDGE_CURVE( '', #3921, #3921, #3922, .T. );
#3237 = EDGE_CURVE( '', #3923, #3923, #3924, .T. );
#3238 = FILL_AREA_STYLE( '', ( #3925 ) );
#3239 = EDGE_CURVE( '', #3926, #3927, #3928, .T. );
#3240 = EDGE_CURVE( '', #3879, #3927, #3929, .T. );
#3241 = EDGE_CURVE( '', #3926, #3880, #3930, .T. );
#3242 = FILL_AREA_STYLE( '', ( #3931 ) );
#3243 = FILL_AREA_STYLE( '', ( #3932 ) );
#3244 = EDGE_CURVE( '', #3773, #3917, #3933, .F. );
#3245 = EDGE_CURVE( '', #3915, #3770, #3934, .F. );
#3246 = FILL_AREA_STYLE( '', ( #3935 ) );
#3247 = EDGE_CURVE( '', #3936, #3937, #3938, .T. );
#3248 = EDGE_CURVE( '', #3936, #3939, #3940, .T. );
#3249 = EDGE_CURVE( '', #3939, #3941, #3942, .T. );
#3250 = EDGE_CURVE( '', #3941, #3937, #3943, .T. );
#3251 = FILL_AREA_STYLE( '', ( #3944 ) );
#3252 = EDGE_CURVE( '', #3945, #3946, #3947, .T. );
#3253 = EDGE_CURVE( '', #3948, #3945, #3949, .T. );
#3254 = EDGE_CURVE( '', #3948, #3950, #3951, .T. );
#3255 = EDGE_CURVE( '', #3950, #3946, #3952, .T. );
#3256 = FILL_AREA_STYLE( '', ( #3953 ) );
#3257 = EDGE_CURVE( '', #3954, #3955, #3956, .T. );
#3258 = EDGE_CURVE( '', #3957, #3954, #3958, .T. );
#3259 = EDGE_CURVE( '', #3957, #3959, #3960, .T. );
#3260 = EDGE_CURVE( '', #3959, #3955, #3961, .T. );
#3261 = FILL_AREA_STYLE( '', ( #3962 ) );
#3262 = EDGE_CURVE( '', #3963, #3811, #3964, .F. );
#3263 = EDGE_CURVE( '', #3629, #3963, #3965, .T. );
#3264 = FILL_AREA_STYLE( '', ( #3966 ) );
#3265 = EDGE_CURVE( '', #3967, #3967, #3968, .T. );
#3266 = FILL_AREA_STYLE( '', ( #3969 ) );
#3267 = EDGE_CURVE( '', #3970, #3971, #3972, .T. );
#3268 = EDGE_CURVE( '', #3973, #3970, #3974, .T. );
#3269 = EDGE_CURVE( '', #3973, #3975, #3976, .T. );
#3270 = EDGE_CURVE( '', #3975, #3977, #3978, .T. );
#3271 = EDGE_CURVE( '', #3977, #3979, #3980, .T. );
#3272 = EDGE_CURVE( '', #3979, #3981, #3982, .T. );
#3273 = EDGE_CURVE( '', #3983, #3981, #3984, .T. );
#3274 = EDGE_CURVE( '', #3971, #3983, #3985, .T. );
#3275 = FILL_AREA_STYLE( '', ( #3986 ) );
#3276 = EDGE_CURVE( '', #3987, #3988, #3989, .T. );
#3277 = EDGE_CURVE( '', #3990, #3987, #3991, .T. );
#3278 = EDGE_CURVE( '', #3990, #3992, #3993, .T. );
#3279 = EDGE_CURVE( '', #3992, #3988, #3994, .T. );
#3280 = FILL_AREA_STYLE( '', ( #3995 ) );
#3281 = EDGE_CURVE( '', #3996, #3996, #3997, .F. );
#3282 = FILL_AREA_STYLE( '', ( #3998 ) );
#3283 = EDGE_CURVE( '', #3999, #4000, #4001, .T. );
#3284 = EDGE_CURVE( '', #4000, #4002, #4003, .T. );
#3285 = EDGE_CURVE( '', #4004, #4002, #4005, .T. );
#3286 = EDGE_CURVE( '', #4006, #4004, #4007, .T. );
#3287 = EDGE_CURVE( '', #4008, #4006, #4009, .T. );
#3288 = EDGE_CURVE( '', #3999, #4008, #4010, .T. );
#3289 = FILL_AREA_STYLE( '', ( #4011 ) );
#3290 = EDGE_CURVE( '', #4012, #4012, #4013, .T. );
#3291 = EDGE_CURVE( '', #4014, #4014, #4015, .T. );
#3292 = FILL_AREA_STYLE( '', ( #4016 ) );
#3293 = EDGE_CURVE( '', #4017, #4018, #4019, .T. );
#3294 = EDGE_CURVE( '', #4018, #4020, #4021, .T. );
#3295 = EDGE_CURVE( '', #4022, #4020, #4023, .T. );
#3296 = EDGE_CURVE( '', #4017, #4022, #4024, .T. );
#3297 = FILL_AREA_STYLE( '', ( #4025 ) );
#3298 = EDGE_CURVE( '', #3683, #3611, #4026, .T. );
#3299 = FILL_AREA_STYLE( '', ( #4027 ) );
#3300 = EDGE_CURVE( '', #4028, #4029, #4030, .T. );
#3301 = EDGE_CURVE( '', #4031, #4028, #4032, .F. );
#3302 = EDGE_CURVE( '', #4033, #4031, #4034, .F. );
#3303 = EDGE_CURVE( '', #4029, #4033, #4035, .T. );
#3304 = FILL_AREA_STYLE( '', ( #4036 ) );
#3305 = EDGE_CURVE( '', #4037, #4038, #4039, .T. );
#3306 = EDGE_CURVE( '', #4037, #4040, #4041, .T. );
#3307 = EDGE_CURVE( '', #4040, #4042, #4043, .T. );
#3308 = EDGE_CURVE( '', #4038, #4042, #4044, .T. );
#3309 = FILL_AREA_STYLE( '', ( #4045 ) );
#3310 = EDGE_CURVE( '', #4046, #3987, #4047, .T. );
#3311 = EDGE_CURVE( '', #4048, #4046, #4049, .T. );
#3312 = EDGE_CURVE( '', #4048, #3990, #4050, .T. );
#3313 = FILL_AREA_STYLE( '', ( #4051 ) );
#3314 = EDGE_CURVE( '', #4052, #3747, #4053, .T. );
#3315 = EDGE_CURVE( '', #4052, #3900, #4054, .T. );
#3316 = FILL_AREA_STYLE( '', ( #4055 ) );
#3317 = EDGE_CURVE( '', #3829, #3782, #4056, .T. );
#3318 = EDGE_CURVE( '', #4057, #3716, #4058, .T. );
#3319 = EDGE_CURVE( '', #3625, #4057, #4059, .T. );
#3320 = FILL_AREA_STYLE( '', ( #4060 ) );
#3321 = EDGE_CURVE( '', #4029, #4061, #4062, .T. );
#3322 = EDGE_CURVE( '', #4033, #4063, #4064, .T. );
#3323 = EDGE_CURVE( '', #4061, #4063, #4065, .T. );
#3324 = FILL_AREA_STYLE( '', ( #4066 ) );
#3325 = EDGE_CURVE( '', #4067, #3753, #4068, .T. );
#3326 = EDGE_CURVE( '', #3666, #4067, #4069, .T. );
#3327 = FILL_AREA_STYLE( '', ( #4070 ) );
#3328 = EDGE_CURVE( '', #4071, #4071, #4072, .T. );
#3329 = EDGE_CURVE( '', #4073, #4073, #4074, .T. );
#3330 = FILL_AREA_STYLE( '', ( #4075 ) );
#3331 = EDGE_CURVE( '', #4076, #4077, #4078, .T. );
#3332 = EDGE_CURVE( '', #4077, #3661, #4079, .T. );
#3333 = EDGE_CURVE( '', #4080, #3661, #4081, .T. );
#3334 = EDGE_CURVE( '', #4076, #4080, #4082, .T. );
#3335 = FILL_AREA_STYLE( '', ( #4083 ) );
#3336 = EDGE_CURVE( '', #4084, #3837, #4085, .T. );
#3337 = EDGE_CURVE( '', #4084, #4086, #4087, .T. );
#3338 = EDGE_CURVE( '', #4086, #3839, #4088, .T. );
#3339 = FILL_AREA_STYLE( '', ( #4089 ) );
#3340 = EDGE_CURVE( '', #4090, #3846, #4091, .T. );
#3341 = EDGE_CURVE( '', #4092, #3843, #4093, .T. );
#3342 = EDGE_CURVE( '', #4094, #4092, #4095, .T. );
#3343 = EDGE_CURVE( '', #3662, #4094, #4096, .T. );
#3344 = EDGE_CURVE( '', #3679, #4090, #4097, .T. );
#3345 = FILL_AREA_STYLE( '', ( #4098 ) );
#3346 = EDGE_CURVE( '', #4099, #3939, #4100, .T. );
#3347 = EDGE_CURVE( '', #4101, #4099, #4102, .T. );
#3348 = EDGE_CURVE( '', #3941, #4101, #4103, .T. );
#3349 = FILL_AREA_STYLE( '', ( #4104 ) );
#3350 = EDGE_CURVE( '', #4105, #3735, #4106, .T. );
#3351 = EDGE_CURVE( '', #4107, #4105, #4108, .T. );
#3352 = EDGE_CURVE( '', #4107, #3738, #4109, .T. );
#3353 = FILL_AREA_STYLE( '', ( #4110 ) );
#3354 = EDGE_CURVE( '', #3871, #4084, #4111, .T. );
#3355 = EDGE_CURVE( '', #3875, #3823, #4112, .T. );
#3356 = EDGE_CURVE( '', #3821, #4086, #4113, .T. );
#3357 = FILL_AREA_STYLE( '', ( #4114 ) );
#3358 = EDGE_CURVE( '', #4115, #4116, #4117, .T. );
#3359 = EDGE_CURVE( '', #4115, #4006, #4118, .T. );
#3360 = EDGE_CURVE( '', #4116, #4004, #4119, .T. );
#3361 = FILL_AREA_STYLE( '', ( #4120 ) );
#3362 = EDGE_CURVE( '', #4121, #4122, #4123, .T. );
#3363 = EDGE_CURVE( '', #4124, #4122, #4125, .T. );
#3364 = EDGE_CURVE( '', #4124, #4126, #4127, .T. );
#3365 = EDGE_CURVE( '', #4126, #4121, #4128, .T. );
#3366 = FILL_AREA_STYLE( '', ( #4129 ) );
#3367 = EDGE_CURVE( '', #4130, #4131, #4132, .T. );
#3368 = EDGE_CURVE( '', #4133, #4130, #4134, .T. );
#3369 = EDGE_CURVE( '', #4133, #4135, #4136, .T. );
#3370 = EDGE_CURVE( '', #4135, #4131, #4137, .T. );
#3371 = FILL_AREA_STYLE( '', ( #4138 ) );
#3372 = EDGE_CURVE( '', #4139, #3983, #4140, .T. );
#3373 = EDGE_CURVE( '', #4139, #3639, #4141, .F. );
#3374 = EDGE_CURVE( '', #3637, #4142, #4143, .T. );
#3375 = EDGE_CURVE( '', #3983, #4142, #4144, .T. );
#3376 = FILL_AREA_STYLE( '', ( #4145 ) );
#3377 = EDGE_CURVE( '', #3693, #3617, #4146, .T. );
#3378 = FILL_AREA_STYLE( '', ( #4147 ) );
#3379 = EDGE_CURVE( '', #4148, #4148, #4149, .T. );
#3380 = FILL_AREA_STYLE( '', ( #4150 ) );
#3381 = FILL_AREA_STYLE( '', ( #4151 ) );
#3382 = FILL_AREA_STYLE( '', ( #4152 ) );
#3383 = EDGE_CURVE( '', #3788, #3973, #4153, .T. );
#3384 = EDGE_CURVE( '', #3788, #4154, #4155, .F. );
#3385 = EDGE_CURVE( '', #3652, #4154, #4156, .T. );
#3386 = EDGE_CURVE( '', #3975, #3650, #4157, .T. );
#3387 = FILL_AREA_STYLE( '', ( #4158 ) );
#3388 = EDGE_CURVE( '', #3844, #4126, #4159, .T. );
#3389 = EDGE_CURVE( '', #3848, #4121, #4160, .T. );
#3390 = FILL_AREA_STYLE( '', ( #4161 ) );
#3391 = EDGE_CURVE( '', #3835, #3945, #4162, .T. );
#3392 = EDGE_CURVE( '', #3833, #3948, #4163, .T. );
#3393 = FILL_AREA_STYLE( '', ( #4164 ) );
#3394 = EDGE_CURVE( '', #4165, #4052, #4166, .T. );
#3395 = EDGE_CURVE( '', #3902, #4165, #4167, .T. );
#3396 = FILL_AREA_STYLE( '', ( #4168 ) );
#3397 = EDGE_CURVE( '', #3981, #4105, #4169, .T. );
#3398 = EDGE_CURVE( '', #3979, #4107, #4170, .T. );
#3399 = FILL_AREA_STYLE( '', ( #4171 ) );
#3400 = EDGE_CURVE( '', #4172, #3927, #4173, .T. );
#3401 = EDGE_CURVE( '', #3882, #4172, #4174, .T. );
#3402 = FILL_AREA_STYLE( '', ( #4175 ) );
#3403 = EDGE_CURVE( '', #3641, #4176, #4177, .T. );
#3404 = EDGE_CURVE( '', #4176, #4178, #4179, .T. );
#3405 = EDGE_CURVE( '', #4178, #3643, #4180, .F. );
#3406 = FILL_AREA_STYLE( '', ( #4181 ) );
#3407 = FILL_AREA_STYLE( '', ( #4182 ) );
#3408 = EDGE_CURVE( '', #4183, #4178, #4184, .F. );
#3409 = EDGE_CURVE( '', #3622, #4183, #4185, .T. );
#3410 = FILL_AREA_STYLE( '', ( #4186 ) );
#3411 = FILL_AREA_STYLE( '', ( #4187 ) );
#3412 = EDGE_CURVE( '', #4188, #4188, #4189, .F. );
#3413 = EDGE_CURVE( '', #3857, #4076, #4190, .T. );
#3414 = EDGE_CURVE( '', #4094, #3771, #4191, .T. );
#3415 = EDGE_CURVE( '', #4124, #4092, #4192, .T. );
#3416 = EDGE_CURVE( '', #4122, #4165, #4193, .T. );
#3417 = EDGE_CURVE( '', #3749, #4194, #4195, .T. );
#3418 = EDGE_CURVE( '', #3884, #4194, #4196, .T. );
#3419 = EDGE_CURVE( '', #3896, #4172, #4197, .T. );
#3420 = EDGE_CURVE( '', #4198, #3894, #4199, .T. );
#3421 = EDGE_CURVE( '', #4077, #4198, #4200, .T. );
#3422 = EDGE_CURVE( '', #4201, #4201, #4202, .F. );
#3423 = EDGE_CURVE( '', #4203, #4203, #4204, .T. );
#3424 = EDGE_CURVE( '', #4205, #4205, #4206, .T. );
#3425 = EDGE_CURVE( '', #4207, #4207, #4208, .F. );
#3426 = FILL_AREA_STYLE( '', ( #4209 ) );
#3427 = EDGE_CURVE( '', #3988, #4210, #4211, .T. );
#3428 = EDGE_CURVE( '', #4210, #4212, #4213, .T. );
#3429 = EDGE_CURVE( '', #4212, #4130, #4214, .T. );
#3430 = EDGE_CURVE( '', #4131, #4215, #4216, .T. );
#3431 = EDGE_CURVE( '', #4215, #4046, #4217, .T. );
#3432 = FILL_AREA_STYLE( '', ( #4218 ) );
#3433 = EDGE_CURVE( '', #3891, #3906, #4219, .T. );
#3434 = EDGE_CURVE( '', #4198, #3907, #4220, .T. );
#3435 = FILL_AREA_STYLE( '', ( #4221 ) );
#3436 = EDGE_CURVE( '', #3662, #3775, #4222, .T. );
#3437 = FILL_AREA_STYLE( '', ( #4223 ) );
#3438 = EDGE_CURVE( '', #4183, #4031, #4224, .T. );
#3439 = EDGE_CURVE( '', #4225, #4028, #4226, .T. );
#3440 = EDGE_CURVE( '', #3701, #4225, #4227, .T. );
#3441 = FILL_AREA_STYLE( '', ( #4228 ) );
#3442 = EDGE_CURVE( '', #4038, #4229, #4230, .T. );
#3443 = EDGE_CURVE( '', #4229, #4231, #4232, .F. );
#3444 = EDGE_CURVE( '', #4037, #4231, #4233, .T. );
#3445 = FILL_AREA_STYLE( '', ( #4234 ) );
#3446 = EDGE_CURVE( '', #3689, #3606, #4235, .T. );
#3447 = FILL_AREA_STYLE( '', ( #4236 ) );
#3448 = EDGE_CURVE( '', #4231, #3807, #4237, .T. );
#3449 = EDGE_CURVE( '', #3809, #4229, #4238, .F. );
#3450 = FILL_AREA_STYLE( '', ( #4239 ) );
#3451 = EDGE_CURVE( '', #4240, #4240, #4241, .T. );
#3452 = FILL_AREA_STYLE( '', ( #4242 ) );
#3453 = EDGE_CURVE( '', #4243, #3664, #4244, .F. );
#3454 = EDGE_CURVE( '', #4067, #4243, #4245, .F. );
#3455 = FILL_AREA_STYLE( '', ( #4246 ) );
#3456 = EDGE_CURVE( '', #3691, #3619, #4247, .T. );
#3457 = FILL_AREA_STYLE( '', ( #4248 ) );
#3458 = FILL_AREA_STYLE( '', ( #4249 ) );
#3459 = EDGE_CURVE( '', #4250, #3971, #4251, .T. );
#3460 = EDGE_CURVE( '', #4250, #4142, #4252, .T. );
#3461 = FILL_AREA_STYLE( '', ( #4253 ) );
#3462 = EDGE_CURVE( '', #3784, #3827, #4254, .T. );
#3463 = FILL_AREA_STYLE( '', ( #4255 ) );
#3464 = FILL_AREA_STYLE( '', ( #4256 ) );
#3465 = EDGE_CURVE( '', #4080, #3853, #4257, .T. );
#3466 = FILL_AREA_STYLE( '', ( #4258 ) );
#3467 = EDGE_CURVE( '', #4135, #4259, #4260, .T. );
#3468 = EDGE_CURVE( '', #4259, #4215, #4261, .T. );
#3469 = FILL_AREA_STYLE( '', ( #4262 ) );
#3470 = EDGE_CURVE( '', #4090, #3789, #4263, .F. );
#3471 = EDGE_CURVE( '', #3959, #3789, #4264, .T. );
#3472 = EDGE_CURVE( '', #4265, #3957, #4266, .T. );
#3473 = EDGE_CURVE( '', #3740, #4265, #4267, .T. );
#3474 = EDGE_CURVE( '', #3755, #3977, #4268, .T. );
#3475 = EDGE_CURVE( '', #3911, #4243, #4269, .T. );
#3476 = EDGE_CURVE( '', #3892, #3909, #4270, .T. );
#3477 = EDGE_CURVE( '', #4194, #3926, #4271, .T. );
#3478 = FILL_AREA_STYLE( '', ( #4272 ) );
#3479 = EDGE_CURVE( '', #4154, #3677, #4273, .T. );
#3480 = FILL_AREA_STYLE( '', ( #4274 ) );
#3481 = EDGE_CURVE( '', #3955, #3970, #4275, .T. );
#3482 = EDGE_CURVE( '', #3971, #3761, #4276, .T. );
#3483 = EDGE_CURVE( '', #3963, #3759, #4277, .T. );
#3484 = EDGE_CURVE( '', #4042, #4278, #4279, .T. );
#3485 = EDGE_CURVE( '', #4278, #4280, #4281, .T. );
#3486 = EDGE_CURVE( '', #4280, #3936, #4282, .T. );
#3487 = EDGE_CURVE( '', #3937, #4022, #4283, .T. );
#3488 = EDGE_CURVE( '', #4020, #3593, #4284, .T. );
#3489 = EDGE_CURVE( '', #4285, #3597, #4286, .T. );
#3490 = EDGE_CURVE( '', #4063, #4285, #4287, .T. );
#3491 = EDGE_CURVE( '', #4176, #4139, #4288, .F. );
#3492 = EDGE_CURVE( '', #3736, #4289, #4290, .T. );
#3493 = EDGE_CURVE( '', #4289, #3954, #4291, .T. );
#3494 = FILL_AREA_STYLE( '', ( #4292 ) );
#3495 = EDGE_CURVE( '', #3584, #4210, #4293, .T. );
#3496 = EDGE_CURVE( '', #3588, #3873, #4294, .T. );
#3497 = EDGE_CURVE( '', #3870, #4212, #4295, .T. );
#3498 = FILL_AREA_STYLE( '', ( #4296 ) );
#3499 = FILL_AREA_STYLE( '', ( #4297 ) );
#3500 = EDGE_CURVE( '', #3992, #3584, #4298, .T. );
#3501 = FILL_AREA_STYLE( '', ( #4299 ) );
#3502 = FILL_AREA_STYLE( '', ( #4300 ) );
#3503 = EDGE_CURVE( '', #4301, #3586, #4302, .T. );
#3504 = EDGE_CURVE( '', #4000, #4301, #4303, .T. );
#3505 = EDGE_CURVE( '', #3950, #3999, #4304, .T. );
#3506 = FILL_AREA_STYLE( '', ( #4305 ) );
#3507 = EDGE_CURVE( '', #3946, #4008, #4306, .T. );
#3508 = FILL_AREA_STYLE( '', ( #4307 ) );
#3509 = EDGE_CURVE( '', #4259, #4048, #4308, .T. );
#3510 = FILL_AREA_STYLE( '', ( #4309 ) );
#3511 = EDGE_CURVE( '', #3977, #3729, #4310, .T. );
#3512 = FILL_AREA_STYLE( '', ( #4311 ) );
#3513 = EDGE_CURVE( '', #4301, #4312, #4313, .T. );
#3514 = EDGE_CURVE( '', #4002, #4312, #4314, .T. );
#3515 = FILL_AREA_STYLE( '', ( #4315 ) );
#3516 = FILL_AREA_STYLE( '', ( #4316 ) );
#3517 = EDGE_CURVE( '', #4061, #4317, #4318, .T. );
#3518 = EDGE_CURVE( '', #4225, #4317, #4319, .T. );
#3519 = FILL_AREA_STYLE( '', ( #4320 ) );
#3520 = FILL_AREA_STYLE( '', ( #4321 ) );
#3521 = EDGE_CURVE( '', #4317, #4285, #4322, .T. );
#3522 = FILL_AREA_STYLE( '', ( #4323 ) );
#3523 = FILL_AREA_STYLE( '', ( #4324 ) );
#3524 = FILL_AREA_STYLE( '', ( #4325 ) );
#3525 = FILL_AREA_STYLE( '', ( #4326 ) );
#3526 = EDGE_CURVE( '', #4327, #4327, #4328, .T. );
#3527 = FILL_AREA_STYLE( '', ( #4329 ) );
#3528 = EDGE_CURVE( '', #3731, #3975, #4330, .T. );
#3529 = FILL_AREA_STYLE( '', ( #4331 ) );
#3530 = EDGE_CURVE( '', #4332, #4332, #4333, .F. );
#3531 = EDGE_CURVE( '', #4334, #4334, #4335, .T. );
#3532 = FILL_AREA_STYLE( '', ( #4336 ) );
#3533 = EDGE_CURVE( '', #4115, #3583, #4337, .T. );
#3534 = EDGE_CURVE( '', #4312, #4116, #4338, .T. );
#3535 = FILL_AREA_STYLE( '', ( #4339 ) );
#3536 = EDGE_CURVE( '', #4340, #4340, #4341, .T. );
#3537 = FILL_AREA_STYLE( '', ( #4342 ) );
#3538 = FILL_AREA_STYLE( '', ( #4343 ) );
#3539 = FILL_AREA_STYLE( '', ( #4344 ) );
#3540 = EDGE_CURVE( '', #3595, #4017, #4345, .T. );
#3541 = EDGE_CURVE( '', #4101, #4278, #4346, .T. );
#3542 = EDGE_CURVE( '', #4040, #3806, #4347, .T. );
#3543 = EDGE_CURVE( '', #3814, #4348, #4349, .T. );
#3544 = EDGE_CURVE( '', #3720, #4348, #4350, .T. );
#3545 = EDGE_CURVE( '', #4351, #4351, #4352, .F. );
#3546 = FILL_AREA_STYLE( '', ( #4353 ) );
#3547 = EDGE_CURVE( '', #4265, #4289, #4354, .T. );
#3548 = FILL_AREA_STYLE( '', ( #4355 ) );
#3549 = FILL_AREA_STYLE( '', ( #4356 ) );
#3550 = FILL_AREA_STYLE( '', ( #4357 ) );
#3551 = FILL_AREA_STYLE( '', ( #4358 ) );
#3552 = FILL_AREA_STYLE( '', ( #4359 ) );
#3553 = EDGE_CURVE( '', #4360, #4360, #4361, .T. );
#3554 = FILL_AREA_STYLE( '', ( #4362 ) );
#3555 = EDGE_CURVE( '', #4018, #3592, #4363, .T. );
#3556 = FILL_AREA_STYLE( '', ( #4364 ) );
#3557 = EDGE_CURVE( '', #3870, #4133, #4365, .T. );
#3558 = FILL_AREA_STYLE( '', ( #4366 ) );
#3559 = EDGE_CURVE( '', #3635, #4250, #4367, .T. );
#3560 = FILL_AREA_STYLE( '', ( #4368 ) );
#3561 = EDGE_CURVE( '', #4099, #4280, #4369, .T. );
#3562 = FILL_AREA_STYLE( '', ( #4370 ) );
#3563 = FILL_AREA_STYLE( '', ( #4371 ) );
#3564 = FILL_AREA_STYLE( '', ( #4372 ) );
#3565 = FILL_AREA_STYLE( '', ( #4373 ) );
#3566 = EDGE_CURVE( '', #4348, #4057, #4374, .T. );
#3567 = FILL_AREA_STYLE( '', ( #4375 ) );
#3568 = FILL_AREA_STYLE( '', ( #4376 ) );
#3569 = FILL_AREA_STYLE( '', ( #4377 ) );
#3570 = FILL_AREA_STYLE( '', ( #4378 ) );
#3571 = FILL_AREA_STYLE( '', ( #4379 ) );
#3572 = FILL_AREA_STYLE( '', ( #4380 ) );
#3573 = FILL_AREA_STYLE( '', ( #4381 ) );
#3574 = FILL_AREA_STYLE( '', ( #4382 ) );
#3575 = FILL_AREA_STYLE( '', ( #4383 ) );
#3576 = FILL_AREA_STYLE( '', ( #4384 ) );
#3577 = FILL_AREA_STYLE( '', ( #4385 ) );
#3578 = FILL_AREA_STYLE( '', ( #4386 ) );
#3579 = FILL_AREA_STYLE( '', ( #4387 ) );
#3580 = FILL_AREA_STYLE( '', ( #4388 ) );
#3581 = FILL_AREA_STYLE( '', ( #4389 ) );
#3582 = FILL_AREA_STYLE_COLOUR( '', #4390 );
#3583 = VERTEX_POINT( '', #4391 );
#3584 = VERTEX_POINT( '', #4392 );
#3585 = LINE( '', #4393, #4394 );
#3586 = VERTEX_POINT( '', #4395 );
#3587 = LINE( '', #4396, #4397 );
#3588 = VERTEX_POINT( '', #4398 );
#3589 = LINE( '', #4399, #4400 );
#3590 = LINE( '', #4401, #4402 );
#3591 = FILL_AREA_STYLE_COLOUR( '', #4403 );
#3592 = VERTEX_POINT( '', #4404 );
#3593 = VERTEX_POINT( '', #4405 );
#3594 = LINE( '', #4406, #4407 );
#3595 = VERTEX_POINT( '', #4408 );
#3596 = LINE( '', #4409, #4410 );
#3597 = VERTEX_POINT( '', #4411 );
#3598 = LINE( '', #4412, #4413 );
#3599 = LINE( '', #4414, #4415 );
#3600 = FILL_AREA_STYLE_COLOUR( '', #4416 );
#3601 = VERTEX_POINT( '', #4417 );
#3602 = CIRCLE( '', #4418, 0.300000000000000 );
#3603 = VERTEX_POINT( '', #4419 );
#3604 = CIRCLE( '', #4420, 0.300000000000000 );
#3605 = FILL_AREA_STYLE_COLOUR( '', #4421 );
#3606 = VERTEX_POINT( '', #4422 );
#3607 = VERTEX_POINT( '', #4423 );
#3608 = LINE( '', #4424, #4425 );
#3609 = VERTEX_POINT( '', #4426 );
#3610 = LINE( '', #4427, #4428 );
#3611 = VERTEX_POINT( '', #4429 );
#3612 = LINE( '', #4430, #4431 );
#3613 = VERTEX_POINT( '', #4432 );
#3614 = LINE( '', #4433, #4434 );
#3615 = VERTEX_POINT( '', #4435 );
#3616 = LINE( '', #4436, #4437 );
#3617 = VERTEX_POINT( '', #4438 );
#3618 = LINE( '', #4439, #4440 );
#3619 = VERTEX_POINT( '', #4441 );
#3620 = LINE( '', #4442, #4443 );
#3621 = LINE( '', #4444, #4445 );
#3622 = VERTEX_POINT( '', #4446 );
#3623 = VERTEX_POINT( '', #4447 );
#3624 = LINE( '', #4448, #4449 );
#3625 = VERTEX_POINT( '', #4450 );
#3626 = LINE( '', #4451, #4452 );
#3627 = VERTEX_POINT( '', #4453 );
#3628 = LINE( '', #4454, #4455 );
#3629 = VERTEX_POINT( '', #4456 );
#3630 = CIRCLE( '', #4457, 2.00000000000000 );
#3631 = VERTEX_POINT( '', #4458 );
#3632 = LINE( '', #4459, #4460 );
#3633 = VERTEX_POINT( '', #4461 );
#3634 = CIRCLE( '', #4462, 0.500000000000000 );
#3635 = VERTEX_POINT( '', #4463 );
#3636 = LINE( '', #4464, #4465 );
#3637 = VERTEX_POINT( '', #4466 );
#3638 = LINE( '', #4467, #4468 );
#3639 = VERTEX_POINT( '', #4469 );
#3640 = LINE( '', #4470, #4471 );
#3641 = VERTEX_POINT( '', #4472 );
#3642 = CIRCLE( '', #4473, 0.500000000000000 );
#3643 = VERTEX_POINT( '', #4474 );
#3644 = LINE( '', #4475, #4476 );
#3645 = CIRCLE( '', #4477, 2.00000000000000 );
#3646 = FILL_AREA_STYLE_COLOUR( '', #4478 );
#3647 = VERTEX_POINT( '', #4479 );
#3648 = VERTEX_POINT( '', #4480 );
#3649 = CIRCLE( '', #4481, 0.500000000000000 );
#3650 = VERTEX_POINT( '', #4482 );
#3651 = LINE( '', #4483, #4484 );
#3652 = VERTEX_POINT( '', #4485 );
#3653 = CIRCLE( '', #4486, 0.500000000000000 );
#3654 = LINE( '', #4487, #4488 );
#3655 = FILL_AREA_STYLE_COLOUR( '', #4489 );
#3656 = VERTEX_POINT( '', #4490 );
#3657 = CIRCLE( '', #4491, 0.300000000000000 );
#3658 = VERTEX_POINT( '', #4492 );
#3659 = CIRCLE( '', #4493, 0.300000000000000 );
#3660 = FILL_AREA_STYLE_COLOUR( '', #4494 );
#3661 = VERTEX_POINT( '', #4495 );
#3662 = VERTEX_POINT( '', #4496 );
#3663 = LINE( '', #4497, #4498 );
#3664 = VERTEX_POINT( '', #4499 );
#3665 = LINE( '', #4500, #4501 );
#3666 = VERTEX_POINT( '', #4502 );
#3667 = CIRCLE( '', #4503, 2.00000000000000 );
#3668 = VERTEX_POINT( '', #4504 );
#3669 = LINE( '', #4505, #4506 );
#3670 = VERTEX_POINT( '', #4507 );
#3671 = CIRCLE( '', #4508, 0.500000000000000 );
#3672 = VERTEX_POINT( '', #4509 );
#3673 = LINE( '', #4510, #4511 );
#3674 = VERTEX_POINT( '', #4512 );
#3675 = LINE( '', #4513, #4514 );
#3676 = LINE( '', #4515, #4516 );
#3677 = VERTEX_POINT( '', #4517 );
#3678 = LINE( '', #4518, #4519 );
#3679 = VERTEX_POINT( '', #4520 );
#3680 = LINE( '', #4521, #4522 );
#3681 = LINE( '', #4523, #4524 );
#3682 = VERTEX_POINT( '', #4525 );
#3683 = VERTEX_POINT( '', #4526 );
#3684 = LINE( '', #4527, #4528 );
#3685 = VERTEX_POINT( '', #4529 );
#3686 = LINE( '', #4530, #4531 );
#3687 = VERTEX_POINT( '', #4532 );
#3688 = LINE( '', #4533, #4534 );
#3689 = VERTEX_POINT( '', #4535 );
#3690 = LINE( '', #4536, #4537 );
#3691 = VERTEX_POINT( '', #4538 );
#3692 = LINE( '', #4539, #4540 );
#3693 = VERTEX_POINT( '', #4541 );
#3694 = LINE( '', #4542, #4543 );
#3695 = VERTEX_POINT( '', #4544 );
#3696 = LINE( '', #4545, #4546 );
#3697 = LINE( '', #4547, #4548 );
#3698 = FILL_AREA_STYLE_COLOUR( '', #4549 );
#3699 = VERTEX_POINT( '', #4550 );
#3700 = LINE( '', #4551, #4552 );
#3701 = VERTEX_POINT( '', #4553 );
#3702 = LINE( '', #4554, #4555 );
#3703 = VERTEX_POINT( '', #4556 );
#3704 = LINE( '', #4557, #4558 );
#3705 = LINE( '', #4559, #4560 );
#3706 = FILL_AREA_STYLE_COLOUR( '', #4561 );
#3707 = VERTEX_POINT( '', #4562 );
#3708 = CIRCLE( '', #4563, 0.400000000000000 );
#3709 = VERTEX_POINT( '', #4564 );
#3710 = CIRCLE( '', #4565, 0.300000000000000 );
#3711 = FILL_AREA_STYLE_COLOUR( '', #4566 );
#3712 = LINE( '', #4567, #4568 );
#3713 = LINE( '', #4569, #4570 );
#3714 = FILL_AREA_STYLE_COLOUR( '', #4571 );
#3715 = VERTEX_POINT( '', #4572 );
#3716 = VERTEX_POINT( '', #4573 );
#3717 = CIRCLE( '', #4574, 2.00000000000000 );
#3718 = VERTEX_POINT( '', #4575 );
#3719 = LINE( '', #4576, #4577 );
#3720 = VERTEX_POINT( '', #4578 );
#3721 = CIRCLE( '', #4579, 2.00000000000000 );
#3722 = LINE( '', #4580, #4581 );
#3723 = FILL_AREA_STYLE_COLOUR( '', #4582 );
#3724 = VERTEX_POINT( '', #4583 );
#3725 = CIRCLE( '', #4584, 0.400000000000000 );
#3726 = VERTEX_POINT( '', #4585 );
#3727 = CIRCLE( '', #4586, 0.400000000000000 );
#3728 = FILL_AREA_STYLE_COLOUR( '', #4587 );
#3729 = VERTEX_POINT( '', #4588 );
#3730 = LINE( '', #4589, #4590 );
#3731 = VERTEX_POINT( '', #4591 );
#3732 = LINE( '', #4592, #4593 );
#3733 = LINE( '', #4594, #4595 );
#3734 = FILL_AREA_STYLE_COLOUR( '', #4596 );
#3735 = VERTEX_POINT( '', #4597 );
#3736 = VERTEX_POINT( '', #4598 );
#3737 = CIRCLE( '', #4599, 1.50000000000000 );
#3738 = VERTEX_POINT( '', #4600 );
#3739 = LINE( '', #4601, #4602 );
#3740 = VERTEX_POINT( '', #4603 );
#3741 = CIRCLE( '', #4604, 1.50000000000000 );
#3742 = LINE( '', #4605, #4606 );
#3743 = FILL_AREA_STYLE_COLOUR( '', #4607 );
#3744 = VERTEX_POINT( '', #4608 );
#3745 = VERTEX_POINT( '', #4609 );
#3746 = LINE( '', #4610, #4611 );
#3747 = VERTEX_POINT( '', #4612 );
#3748 = LINE( '', #4613, #4614 );
#3749 = VERTEX_POINT( '', #4615 );
#3750 = LINE( '', #4616, #4617 );
#3751 = LINE( '', #4618, #4619 );
#3752 = FILL_AREA_STYLE_COLOUR( '', #4620 );
#3753 = VERTEX_POINT( '', #4621 );
#3754 = LINE( '', #4622, #4623 );
#3755 = VERTEX_POINT( '', #4624 );
#3756 = CIRCLE( '', #4625, 0.500000000000000 );
#3757 = LINE( '', #4626, #4627 );
#3758 = FILL_AREA_STYLE_COLOUR( '', #4628 );
#3759 = VERTEX_POINT( '', #4629 );
#3760 = LINE( '', #4630, #4631 );
#3761 = VERTEX_POINT( '', #4632 );
#3762 = CIRCLE( '', #4633, 0.500000000000000 );
#3763 = LINE( '', #4634, #4635 );
#3764 = FILL_AREA_STYLE_COLOUR( '', #4636 );
#3765 = VERTEX_POINT( '', #4637 );
#3766 = CIRCLE( '', #4638, 0.400000000000000 );
#3767 = VERTEX_POINT( '', #4639 );
#3768 = CIRCLE( '', #4640, 0.400000000000000 );
#3769 = FILL_AREA_STYLE_COLOUR( '', #4641 );
#3770 = VERTEX_POINT( '', #4642 );
#3771 = VERTEX_POINT( '', #4643 );
#3772 = LINE( '', #4644, #4645 );
#3773 = VERTEX_POINT( '', #4646 );
#3774 = LINE( '', #4647, #4648 );
#3775 = VERTEX_POINT( '', #4649 );
#3776 = LINE( '', #4650, #4651 );
#3777 = LINE( '', #4652, #4653 );
#3778 = FILL_AREA_STYLE_COLOUR( '', #4654 );
#3779 = VERTEX_POINT( '', #4655 );
#3780 = CIRCLE( '', #4656, 0.400000000000000 );
#3781 = FILL_AREA_STYLE_COLOUR( '', #4657 );
#3782 = VERTEX_POINT( '', #4658 );
#3783 = LINE( '', #4659, #4660 );
#3784 = VERTEX_POINT( '', #4661 );
#3785 = LINE( '', #4662, #4663 );
#3786 = LINE( '', #4664, #4665 );
#3787 = FILL_AREA_STYLE_COLOUR( '', #4666 );
#3788 = VERTEX_POINT( '', #4667 );
#3789 = VERTEX_POINT( '', #4668 );
#3790 = LINE( '', #4669, #4670 );
#3791 = CIRCLE( '', #4671, 1.50000000000000 );
#3792 = FILL_AREA_STYLE_COLOUR( '', #4672 );
#3793 = LINE( '', #4673, #4674 );
#3794 = LINE( '', #4675, #4676 );
#3795 = FILL_AREA_STYLE_COLOUR( '', #4677 );
#3796 = VERTEX_POINT( '', #4678 );
#3797 = CIRCLE( '', #4679, 0.300000000000000 );
#3798 = VERTEX_POINT( '', #4680 );
#3799 = CIRCLE( '', #4681, 0.400000000000000 );
#3800 = FILL_AREA_STYLE_COLOUR( '', #4682 );
#3801 = VERTEX_POINT( '', #4683 );
#3802 = CIRCLE( '', #4684, 0.400000000000000 );
#3803 = VERTEX_POINT( '', #4685 );
#3804 = CIRCLE( '', #4686, 0.400000000000000 );
#3805 = FILL_AREA_STYLE_COLOUR( '', #4687 );
#3806 = VERTEX_POINT( '', #4688 );
#3807 = VERTEX_POINT( '', #4689 );
#3808 = LINE( '', #4690, #4691 );
#3809 = VERTEX_POINT( '', #4692 );
#3810 = LINE( '', #4693, #4694 );
#3811 = VERTEX_POINT( '', #4695 );
#3812 = LINE( '', #4696, #4697 );
#3813 = LINE( '', #4698, #4699 );
#3814 = VERTEX_POINT( '', #4700 );
#3815 = LINE( '', #4701, #4702 );
#3816 = LINE( '', #4703, #4704 );
#3817 = FILL_AREA_STYLE_COLOUR( '', #4705 );
#3818 = VERTEX_POINT( '', #4706 );
#3819 = VERTEX_POINT( '', #4707 );
#3820 = LINE( '', #4708, #4709 );
#3821 = VERTEX_POINT( '', #4710 );
#3822 = LINE( '', #4711, #4712 );
#3823 = VERTEX_POINT( '', #4713 );
#3824 = LINE( '', #4714, #4715 );
#3825 = LINE( '', #4716, #4717 );
#3826 = FILL_AREA_STYLE_COLOUR( '', #4718 );
#3827 = VERTEX_POINT( '', #4719 );
#3828 = LINE( '', #4720, #4721 );
#3829 = VERTEX_POINT( '', #4722 );
#3830 = LINE( '', #4723, #4724 );
#3831 = LINE( '', #4725, #4726 );
#3832 = FILL_AREA_STYLE_COLOUR( '', #4727 );
#3833 = VERTEX_POINT( '', #4728 );
#3834 = LINE( '', #4729, #4730 );
#3835 = VERTEX_POINT( '', #4731 );
#3836 = LINE( '', #4732, #4733 );
#3837 = VERTEX_POINT( '', #4734 );
#3838 = LINE( '', #4735, #4736 );
#3839 = VERTEX_POINT( '', #4737 );
#3840 = LINE( '', #4738, #4739 );
#3841 = LINE( '', #4740, #4741 );
#3842 = FILL_AREA_STYLE_COLOUR( '', #4742 );
#3843 = VERTEX_POINT( '', #4743 );
#3844 = VERTEX_POINT( '', #4744 );
#3845 = ELLIPSE( '', #4745, 1.08889529046695, 1.00000000000000 );
#3846 = VERTEX_POINT( '', #4746 );
#3847 = LINE( '', #4747, #4748 );
#3848 = VERTEX_POINT( '', #4749 );
#3849 = CIRCLE( '', #4750, 1.00000000000000 );
#3850 = LINE( '', #4751, #4752 );
#3851 = FILL_AREA_STYLE_COLOUR( '', #4753 );
#3852 = VERTEX_POINT( '', #4754 );
#3853 = VERTEX_POINT( '', #4755 );
#3854 = CIRCLE( '', #4756, 2.00000000000000 );
#3855 = VERTEX_POINT( '', #4757 );
#3856 = LINE( '', #4758, #4759 );
#3857 = VERTEX_POINT( '', #4760 );
#3858 = CIRCLE( '', #4761, 2.00000000000000 );
#3859 = LINE( '', #4762, #4763 );
#3860 = FILL_AREA_STYLE_COLOUR( '', #4764 );
#3861 = VERTEX_POINT( '', #4765 );
#3862 = CIRCLE( '', #4766, 0.300000000000000 );
#3863 = VERTEX_POINT( '', #4767 );
#3864 = CIRCLE( '', #4768, 0.400000000000000 );
#3865 = FILL_AREA_STYLE_COLOUR( '', #4769 );
#3866 = VERTEX_POINT( '', #4770 );
#3867 = CIRCLE( '', #4771, 0.400000000000000 );
#3868 = FILL_AREA_STYLE_COLOUR( '', #4772 );
#3869 = FILL_AREA_STYLE_COLOUR( '', #4773 );
#3870 = VERTEX_POINT( '', #4774 );
#3871 = VERTEX_POINT( '', #4775 );
#3872 = LINE( '', #4776, #4777 );
#3873 = VERTEX_POINT( '', #4778 );
#3874 = LINE( '', #4779, #4780 );
#3875 = VERTEX_POINT( '', #4781 );
#3876 = LINE( '', #4782, #4783 );
#3877 = LINE( '', #4784, #4785 );
#3878 = FILL_AREA_STYLE_COLOUR( '', #4786 );
#3879 = VERTEX_POINT( '', #4787 );
#3880 = VERTEX_POINT( '', #4788 );
#3881 = LINE( '', #4789, #4790 );
#3882 = VERTEX_POINT( '', #4791 );
#3883 = LINE( '', #4792, #4793 );
#3884 = VERTEX_POINT( '', #4794 );
#3885 = LINE( '', #4795, #4796 );
#3886 = LINE( '', #4797, #4798 );
#3887 = FILL_AREA_STYLE_COLOUR( '', #4799 );
#3888 = VERTEX_POINT( '', #4800 );
#3889 = CIRCLE( '', #4801, 0.400000000000000 );
#3890 = FILL_AREA_STYLE_COLOUR( '', #4802 );
#3891 = VERTEX_POINT( '', #4803 );
#3892 = VERTEX_POINT( '', #4804 );
#3893 = LINE( '', #4805, #4806 );
#3894 = VERTEX_POINT( '', #4807 );
#3895 = LINE( '', #4808, #4809 );
#3896 = VERTEX_POINT( '', #4810 );
#3897 = LINE( '', #4811, #4812 );
#3898 = LINE( '', #4813, #4814 );
#3899 = FILL_AREA_STYLE_COLOUR( '', #4815 );
#3900 = VERTEX_POINT( '', #4816 );
#3901 = LINE( '', #4817, #4818 );
#3902 = VERTEX_POINT( '', #4819 );
#3903 = LINE( '', #4820, #4821 );
#3904 = LINE( '', #4822, #4823 );
#3905 = FILL_AREA_STYLE_COLOUR( '', #4824 );
#3906 = VERTEX_POINT( '', #4825 );
#3907 = VERTEX_POINT( '', #4826 );
#3908 = ELLIPSE( '', #4827, 1.08889529046695, 1.00000000000000 );
#3909 = VERTEX_POINT( '', #4828 );
#3910 = LINE( '', #4829, #4830 );
#3911 = VERTEX_POINT( '', #4831 );
#3912 = CIRCLE( '', #4832, 1.00000000000000 );
#3913 = LINE( '', #4833, #4834 );
#3914 = FILL_AREA_STYLE_COLOUR( '', #4835 );
#3915 = VERTEX_POINT( '', #4836 );
#3916 = LINE( '', #4837, #4838 );
#3917 = VERTEX_POINT( '', #4839 );
#3918 = LINE( '', #4840, #4841 );
#3919 = LINE( '', #4842, #4843 );
#3920 = FILL_AREA_STYLE_COLOUR( '', #4844 );
#3921 = VERTEX_POINT( '', #4845 );
#3922 = CIRCLE( '', #4846, 0.400000000000000 );
#3923 = VERTEX_POINT( '', #4847 );
#3924 = CIRCLE( '', #4848, 0.300000000000000 );
#3925 = FILL_AREA_STYLE_COLOUR( '', #4849 );
#3926 = VERTEX_POINT( '', #4850 );
#3927 = VERTEX_POINT( '', #4851 );
#3928 = LINE( '', #4852, #4853 );
#3929 = LINE( '', #4854, #4855 );
#3930 = LINE( '', #4856, #4857 );
#3931 = FILL_AREA_STYLE_COLOUR( '', #4858 );
#3932 = FILL_AREA_STYLE_COLOUR( '', #4859 );
#3933 = CIRCLE( '', #4860, 2.00000000000000 );
#3934 = CIRCLE( '', #4861, 2.00000000000000 );
#3935 = FILL_AREA_STYLE_COLOUR( '', #4862 );
#3936 = VERTEX_POINT( '', #4863 );
#3937 = VERTEX_POINT( '', #4864 );
#3938 = LINE( '', #4865, #4866 );
#3939 = VERTEX_POINT( '', #4867 );
#3940 = LINE( '', #4868, #4869 );
#3941 = VERTEX_POINT( '', #4870 );
#3942 = LINE( '', #4871, #4872 );
#3943 = LINE( '', #4873, #4874 );
#3944 = FILL_AREA_STYLE_COLOUR( '', #4875 );
#3945 = VERTEX_POINT( '', #4876 );
#3946 = VERTEX_POINT( '', #4877 );
#3947 = LINE( '', #4878, #4879 );
#3948 = VERTEX_POINT( '', #4880 );
#3949 = LINE( '', #4881, #4882 );
#3950 = VERTEX_POINT( '', #4883 );
#3951 = LINE( '', #4884, #4885 );
#3952 = LINE( '', #4886, #4887 );
#3953 = FILL_AREA_STYLE_COLOUR( '', #4888 );
#3954 = VERTEX_POINT( '', #4889 );
#3955 = VERTEX_POINT( '', #4890 );
#3956 = LINE( '', #4891, #4892 );
#3957 = VERTEX_POINT( '', #4893 );
#3958 = LINE( '', #4894, #4895 );
#3959 = VERTEX_POINT( '', #4896 );
#3960 = LINE( '', #4897, #4898 );
#3961 = LINE( '', #4899, #4900 );
#3962 = FILL_AREA_STYLE_COLOUR( '', #4901 );
#3963 = VERTEX_POINT( '', #4902 );
#3964 = CIRCLE( '', #4903, 2.00000000000000 );
#3965 = LINE( '', #4904, #4905 );
#3966 = FILL_AREA_STYLE_COLOUR( '', #4906 );
#3967 = VERTEX_POINT( '', #4907 );
#3968 = CIRCLE( '', #4908, 0.400000000000000 );
#3969 = FILL_AREA_STYLE_COLOUR( '', #4909 );
#3970 = VERTEX_POINT( '', #4910 );
#3971 = VERTEX_POINT( '', #4911 );
#3972 = LINE( '', #4912, #4913 );
#3973 = VERTEX_POINT( '', #4914 );
#3974 = LINE( '', #4915, #4916 );
#3975 = VERTEX_POINT( '', #4917 );
#3976 = LINE( '', #4918, #4919 );
#3977 = VERTEX_POINT( '', #4920 );
#3978 = LINE( '', #4921, #4922 );
#3979 = VERTEX_POINT( '', #4923 );
#3980 = LINE( '', #4924, #4925 );
#3981 = VERTEX_POINT( '', #4926 );
#3982 = LINE( '', #4927, #4928 );
#3983 = VERTEX_POINT( '', #4929 );
#3984 = LINE( '', #4930, #4931 );
#3985 = LINE( '', #4932, #4933 );
#3986 = FILL_AREA_STYLE_COLOUR( '', #4934 );
#3987 = VERTEX_POINT( '', #4935 );
#3988 = VERTEX_POINT( '', #4936 );
#3989 = LINE( '', #4937, #4938 );
#3990 = VERTEX_POINT( '', #4939 );
#3991 = LINE( '', #4940, #4941 );
#3992 = VERTEX_POINT( '', #4942 );
#3993 = LINE( '', #4943, #4944 );
#3994 = LINE( '', #4945, #4946 );
#3995 = FILL_AREA_STYLE_COLOUR( '', #4947 );
#3996 = VERTEX_POINT( '', #4948 );
#3997 = CIRCLE( '', #4949, 0.300000000000000 );
#3998 = FILL_AREA_STYLE_COLOUR( '', #4950 );
#3999 = VERTEX_POINT( '', #4951 );
#4000 = VERTEX_POINT( '', #4952 );
#4001 = LINE( '', #4953, #4954 );
#4002 = VERTEX_POINT( '', #4955 );
#4003 = LINE( '', #4956, #4957 );
#4004 = VERTEX_POINT( '', #4958 );
#4005 = LINE( '', #4959, #4960 );
#4006 = VERTEX_POINT( '', #4961 );
#4007 = LINE( '', #4962, #4963 );
#4008 = VERTEX_POINT( '', #4964 );
#4009 = LINE( '', #4965, #4966 );
#4010 = LINE( '', #4967, #4968 );
#4011 = FILL_AREA_STYLE_COLOUR( '', #4969 );
#4012 = VERTEX_POINT( '', #4970 );
#4013 = CIRCLE( '', #4971, 0.400000000000000 );
#4014 = VERTEX_POINT( '', #4972 );
#4015 = CIRCLE( '', #4973, 0.300000000000000 );
#4016 = FILL_AREA_STYLE_COLOUR( '', #4974 );
#4017 = VERTEX_POINT( '', #4975 );
#4018 = VERTEX_POINT( '', #4976 );
#4019 = LINE( '', #4977, #4978 );
#4020 = VERTEX_POINT( '', #4979 );
#4021 = LINE( '', #4980, #4981 );
#4022 = VERTEX_POINT( '', #4982 );
#4023 = LINE( '', #4983, #4984 );
#4024 = LINE( '', #4985, #4986 );
#4025 = FILL_AREA_STYLE_COLOUR( '', #4987 );
#4026 = LINE( '', #4988, #4989 );
#4027 = FILL_AREA_STYLE_COLOUR( '', #4990 );
#4028 = VERTEX_POINT( '', #4991 );
#4029 = VERTEX_POINT( '', #4992 );
#4030 = ELLIPSE( '', #4993, 1.08889529046695, 1.00000000000000 );
#4031 = VERTEX_POINT( '', #4994 );
#4032 = LINE( '', #4995, #4996 );
#4033 = VERTEX_POINT( '', #4997 );
#4034 = CIRCLE( '', #4998, 1.00000000000000 );
#4035 = LINE( '', #4999, #5000 );
#4036 = FILL_AREA_STYLE_COLOUR( '', #5001 );
#4037 = VERTEX_POINT( '', #5002 );
#4038 = VERTEX_POINT( '', #5003 );
#4039 = LINE( '', #5004, #5005 );
#4040 = VERTEX_POINT( '', #5006 );
#4041 = LINE( '', #5007, #5008 );
#4042 = VERTEX_POINT( '', #5009 );
#4043 = LINE( '', #5010, #5011 );
#4044 = LINE( '', #5012, #5013 );
#4045 = FILL_AREA_STYLE_COLOUR( '', #5014 );
#4046 = VERTEX_POINT( '', #5015 );
#4047 = LINE( '', #5016, #5017 );
#4048 = VERTEX_POINT( '', #5018 );
#4049 = LINE( '', #5019, #5020 );
#4050 = LINE( '', #5021, #5022 );
#4051 = FILL_AREA_STYLE_COLOUR( '', #5023 );
#4052 = VERTEX_POINT( '', #5024 );
#4053 = LINE( '', #5025, #5026 );
#4054 = LINE( '', #5027, #5028 );
#4055 = FILL_AREA_STYLE_COLOUR( '', #5029 );
#4056 = CIRCLE( '', #5030, 2.00000000000000 );
#4057 = VERTEX_POINT( '', #5031 );
#4058 = LINE( '', #5032, #5033 );
#4059 = LINE( '', #5034, #5035 );
#4060 = FILL_AREA_STYLE_COLOUR( '', #5036 );
#4061 = VERTEX_POINT( '', #5037 );
#4062 = LINE( '', #5038, #5039 );
#4063 = VERTEX_POINT( '', #5040 );
#4064 = LINE( '', #5041, #5042 );
#4065 = LINE( '', #5043, #5044 );
#4066 = FILL_AREA_STYLE_COLOUR( '', #5045 );
#4067 = VERTEX_POINT( '', #5046 );
#4068 = LINE( '', #5047, #5048 );
#4069 = LINE( '', #5049, #5050 );
#4070 = FILL_AREA_STYLE_COLOUR( '', #5051 );
#4071 = VERTEX_POINT( '', #5052 );
#4072 = CIRCLE( '', #5053, 0.400000000000000 );
#4073 = VERTEX_POINT( '', #5054 );
#4074 = CIRCLE( '', #5055, 0.400000000000000 );
#4075 = FILL_AREA_STYLE_COLOUR( '', #5056 );
#4076 = VERTEX_POINT( '', #5057 );
#4077 = VERTEX_POINT( '', #5058 );
#4078 = LINE( '', #5059, #5060 );
#4079 = LINE( '', #5061, #5062 );
#4080 = VERTEX_POINT( '', #5063 );
#4081 = LINE( '', #5064, #5065 );
#4082 = LINE( '', #5066, #5067 );
#4083 = FILL_AREA_STYLE_COLOUR( '', #5068 );
#4084 = VERTEX_POINT( '', #5069 );
#4085 = LINE( '', #5070, #5071 );
#4086 = VERTEX_POINT( '', #5072 );
#4087 = LINE( '', #5073, #5074 );
#4088 = LINE( '', #5075, #5076 );
#4089 = FILL_AREA_STYLE_COLOUR( '', #5077 );
#4090 = VERTEX_POINT( '', #5078 );
#4091 = LINE( '', #5079, #5080 );
#4092 = VERTEX_POINT( '', #5081 );
#4093 = LINE( '', #5082, #5083 );
#4094 = VERTEX_POINT( '', #5084 );
#4095 = LINE( '', #5085, #5086 );
#4096 = LINE( '', #5087, #5088 );
#4097 = LINE( '', #5089, #5090 );
#4098 = FILL_AREA_STYLE_COLOUR( '', #5091 );
#4099 = VERTEX_POINT( '', #5092 );
#4100 = LINE( '', #5093, #5094 );
#4101 = VERTEX_POINT( '', #5095 );
#4102 = LINE( '', #5096, #5097 );
#4103 = LINE( '', #5098, #5099 );
#4104 = FILL_AREA_STYLE_COLOUR( '', #5100 );
#4105 = VERTEX_POINT( '', #5101 );
#4106 = LINE( '', #5102, #5103 );
#4107 = VERTEX_POINT( '', #5104 );
#4108 = LINE( '', #5105, #5106 );
#4109 = LINE( '', #5107, #5108 );
#4110 = FILL_AREA_STYLE_COLOUR( '', #5109 );
#4111 = LINE( '', #5110, #5111 );
#4112 = LINE( '', #5112, #5113 );
#4113 = LINE( '', #5114, #5115 );
#4114 = FILL_AREA_STYLE_COLOUR( '', #5116 );
#4115 = VERTEX_POINT( '', #5117 );
#4116 = VERTEX_POINT( '', #5118 );
#4117 = LINE( '', #5119, #5120 );
#4118 = LINE( '', #5121, #5122 );
#4119 = LINE( '', #5123, #5124 );
#4120 = FILL_AREA_STYLE_COLOUR( '', #5125 );
#4121 = VERTEX_POINT( '', #5126 );
#4122 = VERTEX_POINT( '', #5127 );
#4123 = LINE( '', #5128, #5129 );
#4124 = VERTEX_POINT( '', #5130 );
#4125 = LINE( '', #5131, #5132 );
#4126 = VERTEX_POINT( '', #5133 );
#4127 = LINE( '', #5134, #5135 );
#4128 = LINE( '', #5136, #5137 );
#4129 = FILL_AREA_STYLE_COLOUR( '', #5138 );
#4130 = VERTEX_POINT( '', #5139 );
#4131 = VERTEX_POINT( '', #5140 );
#4132 = LINE( '', #5141, #5142 );
#4133 = VERTEX_POINT( '', #5143 );
#4134 = LINE( '', #5144, #5145 );
#4135 = VERTEX_POINT( '', #5146 );
#4136 = LINE( '', #5147, #5148 );
#4137 = LINE( '', #5149, #5150 );
#4138 = FILL_AREA_STYLE_COLOUR( '', #5151 );
#4139 = VERTEX_POINT( '', #5152 );
#4140 = LINE( '', #5153, #5154 );
#4141 = LINE( '', #5155, #5156 );
#4142 = VERTEX_POINT( '', #5157 );
#4143 = LINE( '', #5158, #5159 );
#4144 = LINE( '', #5160, #5161 );
#4145 = FILL_AREA_STYLE_COLOUR( '', #5162 );
#4146 = LINE( '', #5163, #5164 );
#4147 = FILL_AREA_STYLE_COLOUR( '', #5165 );
#4148 = VERTEX_POINT( '', #5166 );
#4149 = CIRCLE( '', #5167, 0.400000000000000 );
#4150 = FILL_AREA_STYLE_COLOUR( '', #5168 );
#4151 = FILL_AREA_STYLE_COLOUR( '', #5169 );
#4152 = FILL_AREA_STYLE_COLOUR( '', #5170 );
#4153 = CIRCLE( '', #5171, 1.50000000000000 );
#4154 = VERTEX_POINT( '', #5172 );
#4155 = LINE( '', #5173, #5174 );
#4156 = LINE( '', #5175, #5176 );
#4157 = LINE( '', #5177, #5178 );
#4158 = FILL_AREA_STYLE_COLOUR( '', #5179 );
#4159 = LINE( '', #5180, #5181 );
#4160 = LINE( '', #5182, #5183 );
#4161 = FILL_AREA_STYLE_COLOUR( '', #5184 );
#4162 = LINE( '', #5185, #5186 );
#4163 = LINE( '', #5187, #5188 );
#4164 = FILL_AREA_STYLE_COLOUR( '', #5189 );
#4165 = VERTEX_POINT( '', #5190 );
#4166 = LINE( '', #5191, #5192 );
#4167 = LINE( '', #5193, #5194 );
#4168 = FILL_AREA_STYLE_COLOUR( '', #5195 );
#4169 = CIRCLE( '', #5196, 1.50000000000000 );
#4170 = CIRCLE( '', #5197, 1.50000000000000 );
#4171 = FILL_AREA_STYLE_COLOUR( '', #5198 );
#4172 = VERTEX_POINT( '', #5199 );
#4173 = LINE( '', #5200, #5201 );
#4174 = LINE( '', #5202, #5203 );
#4175 = FILL_AREA_STYLE_COLOUR( '', #5204 );
#4176 = VERTEX_POINT( '', #5205 );
#4177 = LINE( '', #5206, #5207 );
#4178 = VERTEX_POINT( '', #5208 );
#4179 = LINE( '', #5209, #5210 );
#4180 = LINE( '', #5211, #5212 );
#4181 = FILL_AREA_STYLE_COLOUR( '', #5213 );
#4182 = FILL_AREA_STYLE_COLOUR( '', #5214 );
#4183 = VERTEX_POINT( '', #5215 );
#4184 = CIRCLE( '', #5216, 2.00000000000000 );
#4185 = LINE( '', #5217, #5218 );
#4186 = FILL_AREA_STYLE_COLOUR( '', #5219 );
#4187 = FILL_AREA_STYLE_COLOUR( '', #5220 );
#4188 = VERTEX_POINT( '', #5221 );
#4189 = CIRCLE( '', #5222, 0.300000000000000 );
#4190 = LINE( '', #5223, #5224 );
#4191 = LINE( '', #5225, #5226 );
#4192 = LINE( '', #5227, #5228 );
#4193 = LINE( '', #5229, #5230 );
#4194 = VERTEX_POINT( '', #5231 );
#4195 = LINE( '', #5232, #5233 );
#4196 = LINE( '', #5234, #5235 );
#4197 = LINE( '', #5236, #5237 );
#4198 = VERTEX_POINT( '', #5238 );
#4199 = LINE( '', #5239, #5240 );
#4200 = LINE( '', #5241, #5242 );
#4201 = VERTEX_POINT( '', #5243 );
#4202 = CIRCLE( '', #5244, 0.300000000000000 );
#4203 = VERTEX_POINT( '', #5245 );
#4204 = CIRCLE( '', #5246, 0.300000000000000 );
#4205 = VERTEX_POINT( '', #5247 );
#4206 = CIRCLE( '', #5248, 0.300000000000000 );
#4207 = VERTEX_POINT( '', #5249 );
#4208 = CIRCLE( '', #5250, 0.300000000000000 );
#4209 = FILL_AREA_STYLE_COLOUR( '', #5251 );
#4210 = VERTEX_POINT( '', #5252 );
#4211 = LINE( '', #5253, #5254 );
#4212 = VERTEX_POINT( '', #5255 );
#4213 = LINE( '', #5256, #5257 );
#4214 = LINE( '', #5258, #5259 );
#4215 = VERTEX_POINT( '', #5260 );
#4216 = LINE( '', #5261, #5262 );
#4217 = LINE( '', #5263, #5264 );
#4218 = FILL_AREA_STYLE_COLOUR( '', #5265 );
#4219 = LINE( '', #5266, #5267 );
#4220 = LINE( '', #5268, #5269 );
#4221 = FILL_AREA_STYLE_COLOUR( '', #5270 );
#4222 = LINE( '', #5271, #5272 );
#4223 = FILL_AREA_STYLE_COLOUR( '', #5273 );
#4224 = LINE( '', #5274, #5275 );
#4225 = VERTEX_POINT( '', #5276 );
#4226 = LINE( '', #5277, #5278 );
#4227 = LINE( '', #5279, #5280 );
#4228 = FILL_AREA_STYLE_COLOUR( '', #5281 );
#4229 = VERTEX_POINT( '', #5282 );
#4230 = LINE( '', #5283, #5284 );
#4231 = VERTEX_POINT( '', #5285 );
#4232 = LINE( '', #5286, #5287 );
#4233 = LINE( '', #5288, #5289 );
#4234 = FILL_AREA_STYLE_COLOUR( '', #5290 );
#4235 = LINE( '', #5291, #5292 );
#4236 = FILL_AREA_STYLE_COLOUR( '', #5293 );
#4237 = ELLIPSE( '', #5294, 1.08889529046695, 1.00000000000000 );
#4238 = CIRCLE( '', #5295, 1.00000000000000 );
#4239 = FILL_AREA_STYLE_COLOUR( '', #5296 );
#4240 = VERTEX_POINT( '', #5297 );
#4241 = CIRCLE( '', #5298, 0.400000000000000 );
#4242 = FILL_AREA_STYLE_COLOUR( '', #5299 );
#4243 = VERTEX_POINT( '', #5300 );
#4244 = LINE( '', #5301, #5302 );
#4245 = CIRCLE( '', #5303, 2.00000000000000 );
#4246 = FILL_AREA_STYLE_COLOUR( '', #5304 );
#4247 = LINE( '', #5305, #5306 );
#4248 = FILL_AREA_STYLE_COLOUR( '', #5307 );
#4249 = FILL_AREA_STYLE_COLOUR( '', #5308 );
#4250 = VERTEX_POINT( '', #5309 );
#4251 = LINE( '', #5310, #5311 );
#4252 = LINE( '', #5312, #5313 );
#4253 = FILL_AREA_STYLE_COLOUR( '', #5314 );
#4254 = CIRCLE( '', #5315, 2.00000000000000 );
#4255 = FILL_AREA_STYLE_COLOUR( '', #5316 );
#4256 = FILL_AREA_STYLE_COLOUR( '', #5317 );
#4257 = LINE( '', #5318, #5319 );
#4258 = FILL_AREA_STYLE_COLOUR( '', #5320 );
#4259 = VERTEX_POINT( '', #5321 );
#4260 = LINE( '', #5322, #5323 );
#4261 = LINE( '', #5324, #5325 );
#4262 = FILL_AREA_STYLE_COLOUR( '', #5326 );
#4263 = LINE( '', #5327, #5328 );
#4264 = CIRCLE( '', #5329, 1.50000000000000 );
#4265 = VERTEX_POINT( '', #5330 );
#4266 = CIRCLE( '', #5331, 1.50000000000000 );
#4267 = LINE( '', #5332, #5333 );
#4268 = LINE( '', #5334, #5335 );
#4269 = LINE( '', #5336, #5337 );
#4270 = LINE( '', #5338, #5339 );
#4271 = LINE( '', #5340, #5341 );
#4272 = FILL_AREA_STYLE_COLOUR( '', #5342 );
#4273 = LINE( '', #5343, #5344 );
#4274 = FILL_AREA_STYLE_COLOUR( '', #5345 );
#4275 = CIRCLE( '', #5346, 1.50000000000000 );
#4276 = LINE( '', #5347, #5348 );
#4277 = LINE( '', #5349, #5350 );
#4278 = VERTEX_POINT( '', #5351 );
#4279 = LINE( '', #5352, #5353 );
#4280 = VERTEX_POINT( '', #5354 );
#4281 = LINE( '', #5355, #5356 );
#4282 = LINE( '', #5357, #5358 );
#4283 = LINE( '', #5359, #5360 );
#4284 = LINE( '', #5361, #5362 );
#4285 = VERTEX_POINT( '', #5363 );
#4286 = LINE( '', #5364, #5365 );
#4287 = LINE( '', #5366, #5367 );
#4288 = CIRCLE( '', #5368, 0.500000000000000 );
#4289 = VERTEX_POINT( '', #5369 );
#4290 = LINE( '', #5370, #5371 );
#4291 = CIRCLE( '', #5372, 1.50000000000000 );
#4292 = FILL_AREA_STYLE_COLOUR( '', #5373 );
#4293 = LINE( '', #5374, #5375 );
#4294 = LINE( '', #5376, #5377 );
#4295 = LINE( '', #5378, #5379 );
#4296 = FILL_AREA_STYLE_COLOUR( '', #5380 );
#4297 = FILL_AREA_STYLE_COLOUR( '', #5381 );
#4298 = LINE( '', #5382, #5383 );
#4299 = FILL_AREA_STYLE_COLOUR( '', #5384 );
#4300 = FILL_AREA_STYLE_COLOUR( '', #5385 );
#4301 = VERTEX_POINT( '', #5386 );
#4302 = LINE( '', #5387, #5388 );
#4303 = LINE( '', #5389, #5390 );
#4304 = LINE( '', #5391, #5392 );
#4305 = FILL_AREA_STYLE_COLOUR( '', #5393 );
#4306 = LINE( '', #5394, #5395 );
#4307 = FILL_AREA_STYLE_COLOUR( '', #5396 );
#4308 = LINE( '', #5397, #5398 );
#4309 = FILL_AREA_STYLE_COLOUR( '', #5399 );
#4310 = LINE( '', #5400, #5401 );
#4311 = FILL_AREA_STYLE_COLOUR( '', #5402 );
#4312 = VERTEX_POINT( '', #5403 );
#4313 = LINE( '', #5404, #5405 );
#4314 = LINE( '', #5406, #5407 );
#4315 = FILL_AREA_STYLE_COLOUR( '', #5408 );
#4316 = FILL_AREA_STYLE_COLOUR( '', #5409 );
#4317 = VERTEX_POINT( '', #5410 );
#4318 = LINE( '', #5411, #5412 );
#4319 = LINE( '', #5413, #5414 );
#4320 = FILL_AREA_STYLE_COLOUR( '', #5415 );
#4321 = FILL_AREA_STYLE_COLOUR( '', #5416 );
#4322 = LINE( '', #5417, #5418 );
#4323 = FILL_AREA_STYLE_COLOUR( '', #5419 );
#4324 = FILL_AREA_STYLE_COLOUR( '', #5420 );
#4325 = FILL_AREA_STYLE_COLOUR( '', #5421 );
#4326 = FILL_AREA_STYLE_COLOUR( '', #5422 );
#4327 = VERTEX_POINT( '', #5423 );
#4328 = CIRCLE( '', #5424, 0.300000000000000 );
#4329 = FILL_AREA_STYLE_COLOUR( '', #5425 );
#4330 = LINE( '', #5426, #5427 );
#4331 = FILL_AREA_STYLE_COLOUR( '', #5428 );
#4332 = VERTEX_POINT( '', #5429 );
#4333 = CIRCLE( '', #5430, 0.300000000000000 );
#4334 = VERTEX_POINT( '', #5431 );
#4335 = CIRCLE( '', #5432, 0.300000000000000 );
#4336 = FILL_AREA_STYLE_COLOUR( '', #5433 );
#4337 = LINE( '', #5434, #5435 );
#4338 = LINE( '', #5436, #5437 );
#4339 = FILL_AREA_STYLE_COLOUR( '', #5438 );
#4340 = VERTEX_POINT( '', #5439 );
#4341 = CIRCLE( '', #5440, 0.400000000000000 );
#4342 = FILL_AREA_STYLE_COLOUR( '', #5441 );
#4343 = FILL_AREA_STYLE_COLOUR( '', #5442 );
#4344 = FILL_AREA_STYLE_COLOUR( '', #5443 );
#4345 = LINE( '', #5444, #5445 );
#4346 = LINE( '', #5446, #5447 );
#4347 = LINE( '', #5448, #5449 );
#4348 = VERTEX_POINT( '', #5450 );
#4349 = LINE( '', #5451, #5452 );
#4350 = LINE( '', #5453, #5454 );
#4351 = VERTEX_POINT( '', #5455 );
#4352 = CIRCLE( '', #5456, 0.300000000000000 );
#4353 = FILL_AREA_STYLE_COLOUR( '', #5457 );
#4354 = LINE( '', #5458, #5459 );
#4355 = FILL_AREA_STYLE_COLOUR( '', #5460 );
#4356 = FILL_AREA_STYLE_COLOUR( '', #5461 );
#4357 = FILL_AREA_STYLE_COLOUR( '', #5462 );
#4358 = FILL_AREA_STYLE_COLOUR( '', #5463 );
#4359 = FILL_AREA_STYLE_COLOUR( '', #5464 );
#4360 = VERTEX_POINT( '', #5465 );
#4361 = CIRCLE( '', #5466, 0.300000000000000 );
#4362 = FILL_AREA_STYLE_COLOUR( '', #5467 );
#4363 = LINE( '', #5468, #5469 );
#4364 = FILL_AREA_STYLE_COLOUR( '', #5470 );
#4365 = LINE( '', #5471, #5472 );
#4366 = FILL_AREA_STYLE_COLOUR( '', #5473 );
#4367 = LINE( '', #5474, #5475 );
#4368 = FILL_AREA_STYLE_COLOUR( '', #5476 );
#4369 = LINE( '', #5477, #5478 );
#4370 = FILL_AREA_STYLE_COLOUR( '', #5479 );
#4371 = FILL_AREA_STYLE_COLOUR( '', #5480 );
#4372 = FILL_AREA_STYLE_COLOUR( '', #5481 );
#4373 = FILL_AREA_STYLE_COLOUR( '', #5482 );
#4374 = LINE( '', #5483, #5484 );
#4375 = FILL_AREA_STYLE_COLOUR( '', #5485 );
#4376 = FILL_AREA_STYLE_COLOUR( '', #5486 );
#4377 = FILL_AREA_STYLE_COLOUR( '', #5487 );
#4378 = FILL_AREA_STYLE_COLOUR( '', #5488 );
#4379 = FILL_AREA_STYLE_COLOUR( '', #5489 );
#4380 = FILL_AREA_STYLE_COLOUR( '', #5490 );
#4381 = FILL_AREA_STYLE_COLOUR( '', #5491 );
#4382 = FILL_AREA_STYLE_COLOUR( '', #5492 );
#4383 = FILL_AREA_STYLE_COLOUR( '', #5493 );
#4384 = FILL_AREA_STYLE_COLOUR( '', #5494 );
#4385 = FILL_AREA_STYLE_COLOUR( '', #5495 );
#4386 = FILL_AREA_STYLE_COLOUR( '', #5496 );
#4387 = FILL_AREA_STYLE_COLOUR( '', #5497 );
#4388 = FILL_AREA_STYLE_COLOUR( '', #5498 );
#4389 = FILL_AREA_STYLE_COLOUR( '', #5499 );
#4390 = COLOUR_RGB( '', 0.200000002980232, 0.200000002980232, 0.200000002980232 );
#4391 = CARTESIAN_POINT( '', ( -5.30000000000000, 9.30000000000000, -3.20000000000000 ) );
#4392 = CARTESIAN_POINT( '', ( -4.70000000000000, 9.30000000000000, -2.60000000000000 ) );
#4393 = CARTESIAN_POINT( '', ( -5.30000000000000, 9.30000000000000, -3.20000000000000 ) );
#4394 = VECTOR( '', #5500, 1000.00000000000 );
#4395 = CARTESIAN_POINT( '', ( -5.30000000000000, 12.5000000000000, -3.20000000000000 ) );
#4396 = CARTESIAN_POINT( '', ( -5.30000000000000, 12.5000000000000, -3.20000000000000 ) );
#4397 = VECTOR( '', #5501, 1000.00000000000 );
#4398 = CARTESIAN_POINT( '', ( -4.70000000000000, 12.5000000000000, -2.60000000000000 ) );
#4399 = CARTESIAN_POINT( '', ( -5.30000000000000, 12.5000000000000, -3.20000000000000 ) );
#4400 = VECTOR( '', #5502, 1000.00000000000 );
#4401 = CARTESIAN_POINT( '', ( -4.70000000000000, 12.5000000000000, -2.60000000000000 ) );
#4402 = VECTOR( '', #5503, 1000.00000000000 );
#4403 = COLOUR_RGB( '', 0.200000002980232, 0.200000002980232, 0.200000002980232 );
#4404 = CARTESIAN_POINT( '', ( 4.30000000000000, 9.21184210526316, -6.62000000000000 ) );
#4405 = CARTESIAN_POINT( '', ( 4.30000000000000, 8.35000000000000, -6.62000000000000 ) );
#4406 = CARTESIAN_POINT( '', ( 4.30000000000000, 38.2461252939432, -6.62000000000000 ) );
#4407 = VECTOR( '', #5504, 1000.00000000000 );
#4408 = CARTESIAN_POINT( '', ( 4.30000000000000, 9.66000000000000, -5.58000000000000 ) );
#4409 = CARTESIAN_POINT( '', ( 4.30000000000000, 9.66000000000000, -5.58000000000000 ) );
#4410 = VECTOR( '', #5505, 1000.00000000000 );
#4411 = CARTESIAN_POINT( '', ( 4.30000000000000, 8.35000000000000, -5.58000000000000 ) );
#4412 = CARTESIAN_POINT( '', ( 4.30000000000000, 38.2461252939432, -5.58000000000000 ) );
#4413 = VECTOR( '', #5506, 1000.00000000000 );
#4414 = CARTESIAN_POINT( '', ( 4.30000000000000, 8.35000000000000, -7.10000000000000 ) );
#4415 = VECTOR( '', #5507, 1000.00000000000 );
#4416 = COLOUR_RGB( '', 0.980000019073486, 0.980000019073486, 0.980000019073486 );
#4417 = CARTESIAN_POINT( '', ( 5.30000000000000, 11.2500000000000, -7.10000000000000 ) );
#4418 = AXIS2_PLACEMENT_3D( '', #5508, #5509, #5510 );
#4419 = CARTESIAN_POINT( '', ( 4.70000000000000, 11.2500000000000, -5.58000000000000 ) );
#4420 = AXIS2_PLACEMENT_3D( '', #5511, #5512, #5513 );
#4421 = COLOUR_RGB( '', 0.200000002980232, 0.200000002980232, 0.200000002980232 );
#4422 = CARTESIAN_POINT( '', ( -4.85000000000000, 9.00500000000000, 2.75000000000000 ) );
#4423 = CARTESIAN_POINT( '', ( -5.85000000000000, 9.00500000000000, 1.75000000000000 ) );
#4424 = CARTESIAN_POINT( '', ( -4.85000000000000, 9.00500000000000, 2.75000000000000 ) );
#4425 = VECTOR( '', #5514, 1000.00000000000 );
#4426 = CARTESIAN_POINT( '', ( -5.85000000000000, 9.00500000000000, -1.75000000000000 ) );
#4427 = CARTESIAN_POINT( '', ( -5.85000000000000, 9.00500000000000, 1.75000000000000 ) );
#4428 = VECTOR( '', #5515, 1000.00000000000 );
#4429 = CARTESIAN_POINT( '', ( -4.85000000000000, 9.00500000000000, -2.75000000000000 ) );
#4430 = CARTESIAN_POINT( '', ( -5.85000000000000, 9.00500000000000, -1.75000000000000 ) );
#4431 = VECTOR( '', #5516, 1000.00000000000 );
#4432 = CARTESIAN_POINT( '', ( 4.85000000000000, 9.00500000000000, -2.75000000000000 ) );
#4433 = CARTESIAN_POINT( '', ( -4.85000000000000, 9.00500000000000, -2.75000000000000 ) );
#4434 = VECTOR( '', #5517, 1000.00000000000 );
#4435 = CARTESIAN_POINT( '', ( 5.85000000000000, 9.00500000000000, -1.75000000000000 ) );
#4436 = CARTESIAN_POINT( '', ( 4.85000000000000, 9.00500000000000, -2.75000000000000 ) );
#4437 = VECTOR( '', #5518, 1000.00000000000 );
#4438 = CARTESIAN_POINT( '', ( 5.85000000000000, 9.00500000000000, 1.75000000000000 ) );
#4439 = CARTESIAN_POINT( '', ( 5.85000000000000, 9.00500000000000, -1.75000000000000 ) );
#4440 = VECTOR( '', #5519, 1000.00000000000 );
#4441 = CARTESIAN_POINT( '', ( 4.85000000000000, 9.00500000000000, 2.75000000000000 ) );
#4442 = CARTESIAN_POINT( '', ( 5.85000000000000, 9.00500000000000, 1.75000000000000 ) );
#4443 = VECTOR( '', #5520, 1000.00000000000 );
#4444 = CARTESIAN_POINT( '', ( 4.85000000000000, 9.00500000000000, 2.75000000000000 ) );
#4445 = VECTOR( '', #5521, 1000.00000000000 );
#4446 = CARTESIAN_POINT( '', ( 9.00000000000000, 9.00500000000000, 4.00000000000000 ) );
#4447 = CARTESIAN_POINT( '', ( 9.00000000000000, 9.00500000000000, -3.32000000000000 ) );
#4448 = CARTESIAN_POINT( '', ( 9.00000000000000, 9.00500000000000, 6.00000000000000 ) );
#4449 = VECTOR( '', #5522, 1000.00000000000 );
#4450 = CARTESIAN_POINT( '', ( -9.00000000000000, 9.00500000000000, -3.32000000000000 ) );
#4451 = CARTESIAN_POINT( '', ( 12.5000000000000, 9.00500000000000, -3.32000000000000 ) );
#4452 = VECTOR( '', #5523, 1000.00000000000 );
#4453 = CARTESIAN_POINT( '', ( -9.00000000000000, 9.00500000000000, 4.00000000000000 ) );
#4454 = CARTESIAN_POINT( '', ( -9.00000000000000, 9.00500000000000, -7.10000000000000 ) );
#4455 = VECTOR( '', #5524, 1000.00000000000 );
#4456 = CARTESIAN_POINT( '', ( -7.00000000000000, 9.00500000000000, 6.00000000000000 ) );
#4457 = AXIS2_PLACEMENT_3D( '', #5525, #5526, #5527 );
#4458 = CARTESIAN_POINT( '', ( -3.76954981558864, 9.00500000000000, 6.00000000000000 ) );
#4459 = CARTESIAN_POINT( '', ( -9.00000000000000, 9.00500000000000, 6.00000000000000 ) );
#4460 = VECTOR( '', #5528, 1000.00000000000 );
#4461 = CARTESIAN_POINT( '', ( -3.27714593908254, 9.00500000000000, 5.58682408883347 ) );
#4462 = AXIS2_PLACEMENT_3D( '', #5529, #5530, #5531 );
#4463 = CARTESIAN_POINT( '', ( -2.87391715208715, 9.00500000000000, 3.30000000000000 ) );
#4464 = CARTESIAN_POINT( '', ( -1.28013640749668, 9.00500000000000, -5.73877976125269 ) );
#4465 = VECTOR( '', #5532, 1000.00000000000 );
#4466 = CARTESIAN_POINT( '', ( 2.87391715208715, 9.00500000000000, 3.30000000000000 ) );
#4467 = CARTESIAN_POINT( '', ( -9.00000000000000, 9.00500000000000, 3.30000000000000 ) );
#4468 = VECTOR( '', #5533, 1000.00000000000 );
#4469 = CARTESIAN_POINT( '', ( 3.27714593908254, 9.00500000000000, 5.58682408883347 ) );
#4470 = CARTESIAN_POINT( '', ( 0.737369994569857, 9.00500000000000, -8.81696105118371 ) );
#4471 = VECTOR( '', #5534, 1000.00000000000 );
#4472 = CARTESIAN_POINT( '', ( 3.76954981558864, 9.00500000000000, 6.00000000000000 ) );
#4473 = AXIS2_PLACEMENT_3D( '', #5535, #5536, #5537 );
#4474 = CARTESIAN_POINT( '', ( 7.00000000000000, 9.00500000000000, 6.00000000000000 ) );
#4475 = CARTESIAN_POINT( '', ( -9.00000000000000, 9.00500000000000, 6.00000000000000 ) );
#4476 = VECTOR( '', #5538, 1000.00000000000 );
#4477 = AXIS2_PLACEMENT_3D( '', #5539, #5540, #5541 );
#4478 = COLOUR_RGB( '', 0.200000002980232, 0.200000002980232, 0.200000002980232 );
#4479 = CARTESIAN_POINT( '', ( -3.27714593908254, -9.00500000000000, 5.58682408883347 ) );
#4480 = CARTESIAN_POINT( '', ( -3.76954981558864, -9.00500000000000, 6.00000000000000 ) );
#4481 = AXIS2_PLACEMENT_3D( '', #5542, #5543, #5544 );
#4482 = CARTESIAN_POINT( '', ( -3.27714593908254, -8.35000000000000, 5.58682408883347 ) );
#4483 = CARTESIAN_POINT( '', ( -3.27714593908254, -9.00500000000000, 5.58682408883346 ) );
#4484 = VECTOR( '', #5545, 1000.00000000000 );
#4485 = CARTESIAN_POINT( '', ( -3.76954981558864, -8.35000000000000, 6.00000000000000 ) );
#4486 = AXIS2_PLACEMENT_3D( '', #5546, #5547, #5548 );
#4487 = CARTESIAN_POINT( '', ( -3.76954981558864, -8.35000000000000, 6.00000000000000 ) );
#4488 = VECTOR( '', #5549, 1000.00000000000 );
#4489 = COLOUR_RGB( '', 0.980000019073486, 0.980000019073486, 0.980000019073486 );
#4490 = CARTESIAN_POINT( '', ( -9.70000000000000, 11.2500000000000, -7.10000000000000 ) );
#4491 = AXIS2_PLACEMENT_3D( '', #5550, #5551, #5552 );
#4492 = CARTESIAN_POINT( '', ( -10.3000000000000, 11.2500000000000, -5.58000000000000 ) );
#4493 = AXIS2_PLACEMENT_3D( '', #5553, #5554, #5555 );
#4494 = COLOUR_RGB( '', 0.200000002980232, 0.200000002980232, 0.200000002980232 );
#4495 = CARTESIAN_POINT( '', ( 9.00000000000000, -9.00500000000000, -3.32000000000000 ) );
#4496 = CARTESIAN_POINT( '', ( -9.00000000000000, -9.00500000000000, -3.32000000000000 ) );
#4497 = CARTESIAN_POINT( '', ( 12.5000000000000, -9.00500000000000, -3.32000000000000 ) );
#4498 = VECTOR( '', #5556, 1000.00000000000 );
#4499 = CARTESIAN_POINT( '', ( 9.00000000000000, -9.00500000000000, 4.00000000000000 ) );
#4500 = CARTESIAN_POINT( '', ( 9.00000000000000, -9.00500000000000, -7.10000000000000 ) );
#4501 = VECTOR( '', #5557, 1000.00000000000 );
#4502 = CARTESIAN_POINT( '', ( 7.00000000000000, -9.00500000000000, 6.00000000000000 ) );
#4503 = AXIS2_PLACEMENT_3D( '', #5558, #5559, #5560 );
#4504 = CARTESIAN_POINT( '', ( 3.76954981558864, -9.00500000000000, 6.00000000000000 ) );
#4505 = CARTESIAN_POINT( '', ( 9.00000000000000, -9.00500000000000, 6.00000000000000 ) );
#4506 = VECTOR( '', #5561, 1000.00000000000 );
#4507 = CARTESIAN_POINT( '', ( 3.27714593908254, -9.00500000000000, 5.58682408883347 ) );
#4508 = AXIS2_PLACEMENT_3D( '', #5562, #5563, #5564 );
#4509 = CARTESIAN_POINT( '', ( 2.87391715208715, -9.00500000000000, 3.30000000000000 ) );
#4510 = CARTESIAN_POINT( '', ( 0.737369994569857, -9.00500000000000, -8.81696105118371 ) );
#4511 = VECTOR( '', #5565, 1000.00000000000 );
#4512 = CARTESIAN_POINT( '', ( -2.87391715208715, -9.00500000000000, 3.30000000000000 ) );
#4513 = CARTESIAN_POINT( '', ( -9.00000000000000, -9.00500000000000, 3.30000000000000 ) );
#4514 = VECTOR( '', #5566, 1000.00000000000 );
#4515 = CARTESIAN_POINT( '', ( -1.28013640749668, -9.00500000000000, -5.73877976125269 ) );
#4516 = VECTOR( '', #5567, 1000.00000000000 );
#4517 = CARTESIAN_POINT( '', ( -7.00000000000000, -9.00500000000000, 6.00000000000000 ) );
#4518 = CARTESIAN_POINT( '', ( 9.00000000000000, -9.00500000000000, 6.00000000000000 ) );
#4519 = VECTOR( '', #5568, 1000.00000000000 );
#4520 = CARTESIAN_POINT( '', ( -9.00000000000000, -9.00500000000000, 4.00000000000000 ) );
#4521 = CARTESIAN_POINT( '', ( -14.5500000000000, -9.00500000000000, -1.55000000000000 ) );
#4522 = VECTOR( '', #5569, 1000.00000000000 );
#4523 = CARTESIAN_POINT( '', ( -9.00000000000000, -9.00500000000000, 6.00000000000000 ) );
#4524 = VECTOR( '', #5570, 1000.00000000000 );
#4525 = CARTESIAN_POINT( '', ( 4.85000000000000, -9.00500000000000, -2.75000000000000 ) );
#4526 = CARTESIAN_POINT( '', ( -4.85000000000000, -9.00500000000000, -2.75000000000000 ) );
#4527 = CARTESIAN_POINT( '', ( 4.85000000000000, -9.00500000000000, -2.75000000000000 ) );
#4528 = VECTOR( '', #5571, 1000.00000000000 );
#4529 = CARTESIAN_POINT( '', ( -5.85000000000000, -9.00500000000000, -1.75000000000000 ) );
#4530 = CARTESIAN_POINT( '', ( -4.85000000000000, -9.00500000000000, -2.75000000000000 ) );
#4531 = VECTOR( '', #5572, 1000.00000000000 );
#4532 = CARTESIAN_POINT( '', ( -5.85000000000000, -9.00500000000000, 1.75000000000000 ) );
#4533 = CARTESIAN_POINT( '', ( -5.85000000000000, -9.00500000000000, -1.75000000000000 ) );
#4534 = VECTOR( '', #5573, 1000.00000000000 );
#4535 = CARTESIAN_POINT( '', ( -4.85000000000000, -9.00500000000000, 2.75000000000000 ) );
#4536 = CARTESIAN_POINT( '', ( -5.85000000000000, -9.00500000000000, 1.75000000000000 ) );
#4537 = VECTOR( '', #5574, 1000.00000000000 );
#4538 = CARTESIAN_POINT( '', ( 4.85000000000000, -9.00500000000000, 2.75000000000000 ) );
#4539 = CARTESIAN_POINT( '', ( -4.85000000000000, -9.00500000000000, 2.75000000000000 ) );
#4540 = VECTOR( '', #5575, 1000.00000000000 );
#4541 = CARTESIAN_POINT( '', ( 5.85000000000000, -9.00500000000000, 1.75000000000000 ) );
#4542 = CARTESIAN_POINT( '', ( 4.85000000000000, -9.00500000000000, 2.75000000000000 ) );
#4543 = VECTOR( '', #5576, 1000.00000000000 );
#4544 = CARTESIAN_POINT( '', ( 5.85000000000000, -9.00500000000000, -1.75000000000000 ) );
#4545 = CARTESIAN_POINT( '', ( 5.85000000000000, -9.00500000000000, 1.75000000000000 ) );
#4546 = VECTOR( '', #5577, 1000.00000000000 );
#4547 = CARTESIAN_POINT( '', ( 5.85000000000000, -9.00500000000000, -1.75000000000000 ) );
#4548 = VECTOR( '', #5578, 1000.00000000000 );
#4549 = COLOUR_RGB( '', 0.200000002980232, 0.200000002980232, 0.200000002980232 );
#4550 = CARTESIAN_POINT( '', ( 12.5000000000000, 9.00500000000000, -3.32000000000000 ) );
#4551 = CARTESIAN_POINT( '', ( 12.5000000000000, 9.00500000000000, -3.32000000000000 ) );
#4552 = VECTOR( '', #5579, 1000.00000000000 );
#4553 = CARTESIAN_POINT( '', ( 9.00000000000000, 9.00500000000000, -5.58000000000000 ) );
#4554 = CARTESIAN_POINT( '', ( 9.00000000000000, 9.00500000000000, 6.00000000000000 ) );
#4555 = VECTOR( '', #5580, 1000.00000000000 );
#4556 = CARTESIAN_POINT( '', ( 12.5000000000000, 9.00500000000000, -5.58000000000000 ) );
#4557 = CARTESIAN_POINT( '', ( 12.5000000000000, 9.00500000000000, -5.58000000000000 ) );
#4558 = VECTOR( '', #5581, 1000.00000000000 );
#4559 = CARTESIAN_POINT( '', ( 12.5000000000000, 9.00500000000000, -5.58000000000000 ) );
#4560 = VECTOR( '', #5582, 1000.00000000000 );
#4561 = COLOUR_RGB( '', 0.980000019073486, 0.980000019073486, 0.980000019073486 );
#4562 = CARTESIAN_POINT( '', ( 4.60000000000000, -11.2500000000000, -7.10000000000000 ) );
#4563 = AXIS2_PLACEMENT_3D( '', #5583, #5584, #5585 );
#4564 = CARTESIAN_POINT( '', ( 5.30000000000000, -11.2500000000000, -7.10000000000000 ) );
#4565 = AXIS2_PLACEMENT_3D( '', #5586, #5587, #5588 );
#4566 = COLOUR_RGB( '', 0.200000002980232, 0.200000002980232, 0.200000002980232 );
#4567 = CARTESIAN_POINT( '', ( -5.85000000000000, -8.35000000000000, -1.75000000000000 ) );
#4568 = VECTOR( '', #5589, 1000.00000000000 );
#4569 = CARTESIAN_POINT( '', ( -5.85000000000000, -8.35000000000000, 1.75000000000000 ) );
#4570 = VECTOR( '', #5590, 1000.00000000000 );
#4571 = COLOUR_RGB( '', 0.200000002980232, 0.200000002980232, 0.200000002980232 );
#4572 = CARTESIAN_POINT( '', ( -10.5000000000000, 12.9050000000000, -3.32000000000000 ) );
#4573 = CARTESIAN_POINT( '', ( -12.5000000000000, 10.9050000000000, -3.32000000000000 ) );
#4574 = AXIS2_PLACEMENT_3D( '', #5591, #5592, #5593 );
#4575 = CARTESIAN_POINT( '', ( -10.5000000000000, 12.9050000000000, -5.58000000000000 ) );
#4576 = CARTESIAN_POINT( '', ( -10.5000000000000, 12.9050000000000, -3.32000000000000 ) );
#4577 = VECTOR( '', #5594, 1000.00000000000 );
#4578 = CARTESIAN_POINT( '', ( -12.5000000000000, 10.9050000000000, -5.58000000000000 ) );
#4579 = AXIS2_PLACEMENT_3D( '', #5595, #5596, #5597 );
#4580 = CARTESIAN_POINT( '', ( -12.5000000000000, 10.9050000000000, -5.58000000000000 ) );
#4581 = VECTOR( '', #5598, 1000.00000000000 );
#4582 = COLOUR_RGB( '', 0.980000019073486, 0.980000019073486, 0.980000019073486 );
#4583 = CARTESIAN_POINT( '', ( 9.60000000000000, 11.2500000000000, -7.10000000000000 ) );
#4584 = AXIS2_PLACEMENT_3D( '', #5599, #5600, #5601 );
#4585 = CARTESIAN_POINT( '', ( 9.60000000000000, 11.2500000000000, -10.6000000000000 ) );
#4586 = AXIS2_PLACEMENT_3D( '', #5602, #5603, #5604 );
#4587 = COLOUR_RGB( '', 0.200000002980232, 0.200000002980232, 0.200000002980232 );
#4588 = CARTESIAN_POINT( '', ( 2.87391715208715, -8.35000000000000, 3.30000000000000 ) );
#4589 = CARTESIAN_POINT( '', ( 2.87391715208715, -28.6351200451474, 3.30000000000000 ) );
#4590 = VECTOR( '', #5605, 1000.00000000000 );
#4591 = CARTESIAN_POINT( '', ( -2.87391715208715, -8.35000000000000, 3.30000000000000 ) );
#4592 = CARTESIAN_POINT( '', ( -5.07781745930520, -8.35000000000000, 3.30000000000000 ) );
#4593 = VECTOR( '', #5606, 1000.00000000000 );
#4594 = CARTESIAN_POINT( '', ( -2.87391715208715, -28.6351200451474, 3.30000000000000 ) );
#4595 = VECTOR( '', #5607, 1000.00000000000 );
#4596 = COLOUR_RGB( '', 0.899999976158142, 0.899999976158142, 0.000000000000000 );
#4597 = CARTESIAN_POINT( '', ( 8.50000000000000, 8.35000000000000, -4.00000000000000 ) );
#4598 = CARTESIAN_POINT( '', ( 7.00000000000000, 8.35000000000000, -5.50000000000000 ) );
#4599 = AXIS2_PLACEMENT_3D( '', #5608, #5609, #5610 );
#4600 = CARTESIAN_POINT( '', ( 8.50000000000000, -8.35000000000000, -4.00000000000000 ) );
#4601 = CARTESIAN_POINT( '', ( 8.50000000000000, -8.35000000000000, -4.00000000000000 ) );
#4602 = VECTOR( '', #5611, 1000.00000000000 );
#4603 = CARTESIAN_POINT( '', ( 7.00000000000000, -8.35000000000000, -5.50000000000000 ) );
#4604 = AXIS2_PLACEMENT_3D( '', #5612, #5613, #5614 );
#4605 = CARTESIAN_POINT( '', ( 7.00000000000000, -8.35000000000000, -5.50000000000000 ) );
#4606 = VECTOR( '', #5615, 1000.00000000000 );
#4607 = COLOUR_RGB( '', 0.200000002980232, 0.200000002980232, 0.200000002980232 );
#4608 = CARTESIAN_POINT( '', ( -0.700000000000000, -9.66000000000000, -5.58000000000000 ) );
#4609 = CARTESIAN_POINT( '', ( -0.700000000000000, -9.21184210526316, -6.62000000000000 ) );
#4610 = CARTESIAN_POINT( '', ( -0.700000000000000, -9.66000000000000, -5.58000000000000 ) );
#4611 = VECTOR( '', #5616, 1000.00000000000 );
#4612 = CARTESIAN_POINT( '', ( -0.700000000000000, -8.35000000000000, -6.62000000000000 ) );
#4613 = CARTESIAN_POINT( '', ( -0.700000000000000, -38.2461252939432, -6.62000000000000 ) );
#4614 = VECTOR( '', #5617, 1000.00000000000 );
#4615 = CARTESIAN_POINT( '', ( -0.700000000000000, -8.35000000000000, -5.58000000000000 ) );
#4616 = CARTESIAN_POINT( '', ( -0.700000000000000, -8.35000000000000, -7.10000000000000 ) );
#4617 = VECTOR( '', #5618, 1000.00000000000 );
#4618 = CARTESIAN_POINT( '', ( -0.700000000000000, -38.2461252939432, -5.58000000000000 ) );
#4619 = VECTOR( '', #5619, 1000.00000000000 );
#4620 = COLOUR_RGB( '', 0.200000002980232, 0.200000002980232, 0.200000002980232 );
#4621 = CARTESIAN_POINT( '', ( 3.76954981558864, -8.35000000000000, 6.00000000000000 ) );
#4622 = CARTESIAN_POINT( '', ( 3.76954981558864, -9.00500000000000, 6.00000000000000 ) );
#4623 = VECTOR( '', #5620, 1000.00000000000 );
#4624 = CARTESIAN_POINT( '', ( 3.27714593908254, -8.35000000000000, 5.58682408883347 ) );
#4625 = AXIS2_PLACEMENT_3D( '', #5621, #5622, #5623 );
#4626 = CARTESIAN_POINT( '', ( 3.27714593908254, -8.35000000000000, 5.58682408883346 ) );
#4627 = VECTOR( '', #5624, 1000.00000000000 );
#4628 = COLOUR_RGB( '', 0.200000002980232, 0.200000002980232, 0.200000002980232 );
#4629 = CARTESIAN_POINT( '', ( -3.76954981558864, 8.35000000000000, 6.00000000000000 ) );
#4630 = CARTESIAN_POINT( '', ( -3.76954981558864, 9.00500000000000, 6.00000000000000 ) );
#4631 = VECTOR( '', #5625, 1000.00000000000 );
#4632 = CARTESIAN_POINT( '', ( -3.27714593908254, 8.35000000000000, 5.58682408883347 ) );
#4633 = AXIS2_PLACEMENT_3D( '', #5626, #5627, #5628 );
#4634 = CARTESIAN_POINT( '', ( -3.27714593908254, 28.6351200451474, 5.58682408883346 ) );
#4635 = VECTOR( '', #5629, 1000.00000000000 );
#4636 = COLOUR_RGB( '', 0.980000019073486, 0.980000019073486, 0.980000019073486 );
#4637 = CARTESIAN_POINT( '', ( -10.4000000000000, 11.2500000000000, -7.10000000000000 ) );
#4638 = AXIS2_PLACEMENT_3D( '', #5630, #5631, #5632 );
#4639 = CARTESIAN_POINT( '', ( -10.4000000000000, 11.2500000000000, -10.6000000000000 ) );
#4640 = AXIS2_PLACEMENT_3D( '', #5633, #5634, #5635 );
#4641 = COLOUR_RGB( '', 0.200000002980232, 0.200000002980232, 0.200000002980232 );
#4642 = CARTESIAN_POINT( '', ( -12.5000000000000, -10.9050000000000, -5.58000000000000 ) );
#4643 = CARTESIAN_POINT( '', ( -12.5000000000000, -9.00500000000000, -5.58000000000000 ) );
#4644 = CARTESIAN_POINT( '', ( -12.5000000000000, -12.9050000000000, -5.58000000000000 ) );
#4645 = VECTOR( '', #5636, 1000.00000000000 );
#4646 = CARTESIAN_POINT( '', ( -12.5000000000000, -10.9050000000000, -3.32000000000000 ) );
#4647 = CARTESIAN_POINT( '', ( -12.5000000000000, -10.9050000000000, -5.58000000000000 ) );
#4648 = VECTOR( '', #5637, 1000.00000000000 );
#4649 = CARTESIAN_POINT( '', ( -12.5000000000000, -9.00500000000000, -3.32000000000000 ) );
#4650 = CARTESIAN_POINT( '', ( -12.5000000000000, -9.00500000000000, -3.32000000000000 ) );
#4651 = VECTOR( '', #5638, 1000.00000000000 );
#4652 = CARTESIAN_POINT( '', ( -12.5000000000000, -9.00500000000000, -5.58000000000000 ) );
#4653 = VECTOR( '', #5639, 1000.00000000000 );
#4654 = COLOUR_RGB( '', 0.980000019073486, 0.980000019073486, 0.980000019073486 );
#4655 = CARTESIAN_POINT( '', ( 4.60000000000000, -11.2500000000000, -10.6000000000000 ) );
#4656 = AXIS2_PLACEMENT_3D( '', #5640, #5641, #5642 );
#4657 = COLOUR_RGB( '', 0.200000002980232, 0.200000002980232, 0.200000002980232 );
#4658 = CARTESIAN_POINT( '', ( 10.5000000000000, 12.9050000000000, -3.32000000000000 ) );
#4659 = CARTESIAN_POINT( '', ( 12.5000000000000, 12.9050000000000, -3.32000000000000 ) );
#4660 = VECTOR( '', #5643, 1000.00000000000 );
#4661 = CARTESIAN_POINT( '', ( 10.5000000000000, 12.9050000000000, -5.58000000000000 ) );
#4662 = CARTESIAN_POINT( '', ( 10.5000000000000, 12.9050000000000, -5.58000000000000 ) );
#4663 = VECTOR( '', #5644, 1000.00000000000 );
#4664 = CARTESIAN_POINT( '', ( 12.5000000000000, 12.9050000000000, -5.58000000000000 ) );
#4665 = VECTOR( '', #5645, 1000.00000000000 );
#4666 = COLOUR_RGB( '', 0.899999976158142, 0.899999976158142, 0.000000000000000 );
#4667 = CARTESIAN_POINT( '', ( -7.64644660940673, -8.35000000000000, 5.35355339059327 ) );
#4668 = CARTESIAN_POINT( '', ( -8.35355339059327, -8.35000000000000, 4.64644660940672 ) );
#4669 = CARTESIAN_POINT( '', ( -9.00000000000000, -8.35000000000000, 4.00000000000000 ) );
#4670 = VECTOR( '', #5646, 1000.00000000000 );
#4671 = AXIS2_PLACEMENT_3D( '', #5647, #5648, #5649 );
#4672 = COLOUR_RGB( '', 0.200000002980232, 0.200000002980232, 0.200000002980232 );
#4673 = CARTESIAN_POINT( '', ( 5.85000000000000, -8.35000000000000, -1.75000000000000 ) );
#4674 = VECTOR( '', #5650, 1000.00000000000 );
#4675 = CARTESIAN_POINT( '', ( 4.85000000000000, -8.35000000000000, -2.75000000000000 ) );
#4676 = VECTOR( '', #5651, 1000.00000000000 );
#4677 = COLOUR_RGB( '', 0.980000019073486, 0.980000019073486, 0.980000019073486 );
#4678 = CARTESIAN_POINT( '', ( -4.70000000000000, -11.2500000000000, -7.10000000000000 ) );
#4679 = AXIS2_PLACEMENT_3D( '', #5652, #5653, #5654 );
#4680 = CARTESIAN_POINT( '', ( -5.40000000000000, -11.2500000000000, -7.10000000000000 ) );
#4681 = AXIS2_PLACEMENT_3D( '', #5655, #5656, #5657 );
#4682 = COLOUR_RGB( '', 0.980000019073486, 0.980000019073486, 0.980000019073486 );
#4683 = CARTESIAN_POINT( '', ( -0.400000000000000, 11.2500000000000, -7.10000000000000 ) );
#4684 = AXIS2_PLACEMENT_3D( '', #5658, #5659, #5660 );
#4685 = CARTESIAN_POINT( '', ( -0.400000000000000, 11.2500000000000, -10.6000000000000 ) );
#4686 = AXIS2_PLACEMENT_3D( '', #5661, #5662, #5663 );
#4687 = COLOUR_RGB( '', 0.200000002980232, 0.200000002980232, 0.200000002980232 );
#4688 = CARTESIAN_POINT( '', ( -9.00000000000000, 9.66000000000000, -5.58000000000000 ) );
#4689 = CARTESIAN_POINT( '', ( -9.00000000000000, 9.43592105263158, -6.10000000000000 ) );
#4690 = CARTESIAN_POINT( '', ( -9.00000000000000, 9.66000000000000, -5.58000000000000 ) );
#4691 = VECTOR( '', #5664, 1000.00000000000 );
#4692 = CARTESIAN_POINT( '', ( -9.00000000000000, 8.35000000000000, -6.10000000000000 ) );
#4693 = CARTESIAN_POINT( '', ( -9.00000000000000, 9.00500000000000, -6.10000000000000 ) );
#4694 = VECTOR( '', #5665, 1000.00000000000 );
#4695 = CARTESIAN_POINT( '', ( -9.00000000000000, 8.35000000000000, 4.00000000000000 ) );
#4696 = CARTESIAN_POINT( '', ( -9.00000000000000, 8.35000000000000, -7.10000000000000 ) );
#4697 = VECTOR( '', #5666, 1000.00000000000 );
#4698 = CARTESIAN_POINT( '', ( -9.00000000000000, 9.00500000000000, 4.00000000000000 ) );
#4699 = VECTOR( '', #5667, 1000.00000000000 );
#4700 = CARTESIAN_POINT( '', ( -9.00000000000000, 9.00500000000000, -5.58000000000000 ) );
#4701 = CARTESIAN_POINT( '', ( -9.00000000000000, 9.00500000000000, -7.10000000000000 ) );
#4702 = VECTOR( '', #5668, 1000.00000000000 );
#4703 = CARTESIAN_POINT( '', ( -9.00000000000000, 9.00500000000000, -5.58000000000000 ) );
#4704 = VECTOR( '', #5669, 1000.00000000000 );
#4705 = COLOUR_RGB( '', 0.200000002980232, 0.200000002980232, 0.200000002980232 );
#4706 = CARTESIAN_POINT( '', ( 12.5000000000000, 12.5000000000000, 5.90000000000000 ) );
#4707 = CARTESIAN_POINT( '', ( 12.5000000000000, 0.000000000000000, 5.90000000000000 ) );
#4708 = CARTESIAN_POINT( '', ( 12.5000000000000, 12.5000000000000, 5.90000000000000 ) );
#4709 = VECTOR( '', #5670, 1000.00000000000 );
#4710 = CARTESIAN_POINT( '', ( 12.5000000000000, 0.000000000000000, -3.20000000000000 ) );
#4711 = CARTESIAN_POINT( '', ( 12.5000000000000, 0.000000000000000, 5.90000000000000 ) );
#4712 = VECTOR( '', #5671, 1000.00000000000 );
#4713 = CARTESIAN_POINT( '', ( 12.5000000000000, 12.5000000000000, -3.20000000000000 ) );
#4714 = CARTESIAN_POINT( '', ( 12.5000000000000, 12.5000000000000, -3.20000000000000 ) );
#4715 = VECTOR( '', #5672, 1000.00000000000 );
#4716 = CARTESIAN_POINT( '', ( 12.5000000000000, 12.5000000000000, -3.20000000000000 ) );
#4717 = VECTOR( '', #5673, 1000.00000000000 );
#4718 = COLOUR_RGB( '', 0.200000002980232, 0.200000002980232, 0.200000002980232 );
#4719 = CARTESIAN_POINT( '', ( 12.5000000000000, 10.9050000000000, -5.58000000000000 ) );
#4720 = CARTESIAN_POINT( '', ( 12.5000000000000, 12.9050000000000, -5.58000000000000 ) );
#4721 = VECTOR( '', #5674, 1000.00000000000 );
#4722 = CARTESIAN_POINT( '', ( 12.5000000000000, 10.9050000000000, -3.32000000000000 ) );
#4723 = CARTESIAN_POINT( '', ( 12.5000000000000, 10.9050000000000, -3.32000000000000 ) );
#4724 = VECTOR( '', #5675, 1000.00000000000 );
#4725 = CARTESIAN_POINT( '', ( 12.5000000000000, 9.00500000000000, -3.32000000000000 ) );
#4726 = VECTOR( '', #5676, 1000.00000000000 );
#4727 = COLOUR_RGB( '', 0.200000002980232, 0.200000002980232, 0.200000002980232 );
#4728 = CARTESIAN_POINT( '', ( 5.20000000000000, 12.5000000000000, 5.90000000000000 ) );
#4729 = CARTESIAN_POINT( '', ( 12.5000000000000, 12.5000000000000, 5.90000000000000 ) );
#4730 = VECTOR( '', #5677, 1000.00000000000 );
#4731 = CARTESIAN_POINT( '', ( 5.20000000000000, 9.30000000000000, 5.90000000000000 ) );
#4732 = CARTESIAN_POINT( '', ( 5.20000000000000, 12.5000000000000, 5.90000000000000 ) );
#4733 = VECTOR( '', #5678, 1000.00000000000 );
#4734 = CARTESIAN_POINT( '', ( 9.35000000000000, 9.30000000000000, 5.90000000000000 ) );
#4735 = CARTESIAN_POINT( '', ( 12.5000000000000, 9.30000000000000, 5.90000000000000 ) );
#4736 = VECTOR( '', #5679, 1000.00000000000 );
#4737 = CARTESIAN_POINT( '', ( 9.35000000000000, 0.000000000000000, 5.90000000000000 ) );
#4738 = CARTESIAN_POINT( '', ( 9.35000000000000, 29.3948975164058, 5.90000000000000 ) );
#4739 = VECTOR( '', #5680, 1000.00000000000 );
#4740 = CARTESIAN_POINT( '', ( 9.35000000000000, 0.000000000000000, 5.90000000000000 ) );
#4741 = VECTOR( '', #5681, 1000.00000000000 );
#4742 = COLOUR_RGB( '', 0.200000002980232, 0.200000002980232, 0.200000002980232 );
#4743 = CARTESIAN_POINT( '', ( -9.00000000000000, -9.43592105263158, -6.10000000000000 ) );
#4744 = CARTESIAN_POINT( '', ( -8.00000000000000, -9.00500000000000, -7.10000000000000 ) );
#4745 = AXIS2_PLACEMENT_3D( '', #5682, #5683, #5684 );
#4746 = CARTESIAN_POINT( '', ( -9.00000000000000, -8.35000000000000, -6.10000000000000 ) );
#4747 = CARTESIAN_POINT( '', ( -9.00000000000000, -9.00500000000000, -6.10000000000000 ) );
#4748 = VECTOR( '', #5685, 1000.00000000000 );
#4749 = CARTESIAN_POINT( '', ( -8.00000000000000, -8.35000000000000, -7.10000000000000 ) );
#4750 = AXIS2_PLACEMENT_3D( '', #5686, #5687, #5688 );
#4751 = CARTESIAN_POINT( '', ( -8.00000000000000, -9.00500000000000, -7.10000000000000 ) );
#4752 = VECTOR( '', #5689, 1000.00000000000 );
#4753 = COLOUR_RGB( '', 0.200000002980232, 0.200000002980232, 0.200000002980232 );
#4754 = CARTESIAN_POINT( '', ( 10.5000000000000, -12.9050000000000, -3.32000000000000 ) );
#4755 = CARTESIAN_POINT( '', ( 12.5000000000000, -10.9050000000000, -3.32000000000000 ) );
#4756 = AXIS2_PLACEMENT_3D( '', #5690, #5691, #5692 );
#4757 = CARTESIAN_POINT( '', ( 10.5000000000000, -12.9050000000000, -5.58000000000000 ) );
#4758 = CARTESIAN_POINT( '', ( 10.5000000000000, -12.9050000000000, -3.32000000000000 ) );
#4759 = VECTOR( '', #5693, 1000.00000000000 );
#4760 = CARTESIAN_POINT( '', ( 12.5000000000000, -10.9050000000000, -5.58000000000000 ) );
#4761 = AXIS2_PLACEMENT_3D( '', #5694, #5695, #5696 );
#4762 = CARTESIAN_POINT( '', ( 12.5000000000000, -10.9050000000000, -5.58000000000000 ) );
#4763 = VECTOR( '', #5697, 1000.00000000000 );
#4764 = COLOUR_RGB( '', 0.980000019073486, 0.980000019073486, 0.980000019073486 );
#4765 = CARTESIAN_POINT( '', ( -9.70000000000000, -11.2500000000000, -7.10000000000000 ) );
#4766 = AXIS2_PLACEMENT_3D( '', #5698, #5699, #5700 );
#4767 = CARTESIAN_POINT( '', ( -10.4000000000000, -11.2500000000000, -7.10000000000000 ) );
#4768 = AXIS2_PLACEMENT_3D( '', #5701, #5702, #5703 );
#4769 = COLOUR_RGB( '', 0.980000019073486, 0.980000019073486, 0.980000019073486 );
#4770 = CARTESIAN_POINT( '', ( -10.4000000000000, -11.2500000000000, -10.6000000000000 ) );
#4771 = AXIS2_PLACEMENT_3D( '', #5704, #5705, #5706 );
#4772 = COLOUR_RGB( '', 0.980000019073486, 0.980000019073486, 0.980000019073486 );
#4773 = COLOUR_RGB( '', 0.200000002980232, 0.200000002980232, 0.200000002980232 );
#4774 = CARTESIAN_POINT( '', ( 4.70000000000000, 9.30000000000000, -2.60000000000000 ) );
#4775 = CARTESIAN_POINT( '', ( 5.30000000000000, 9.30000000000000, -3.20000000000000 ) );
#4776 = CARTESIAN_POINT( '', ( 4.70000000000000, 9.30000000000000, -2.60000000000000 ) );
#4777 = VECTOR( '', #5707, 1000.00000000000 );
#4778 = CARTESIAN_POINT( '', ( 4.70000000000000, 12.5000000000000, -2.60000000000000 ) );
#4779 = CARTESIAN_POINT( '', ( 4.70000000000000, 12.5000000000000, -2.60000000000000 ) );
#4780 = VECTOR( '', #5708, 1000.00000000000 );
#4781 = CARTESIAN_POINT( '', ( 5.30000000000000, 12.5000000000000, -3.20000000000000 ) );
#4782 = CARTESIAN_POINT( '', ( 4.70000000000000, 12.5000000000000, -2.60000000000000 ) );
#4783 = VECTOR( '', #5709, 1000.00000000000 );
#4784 = CARTESIAN_POINT( '', ( 5.30000000000000, 12.5000000000000, -3.20000000000000 ) );
#4785 = VECTOR( '', #5710, 1000.00000000000 );
#4786 = COLOUR_RGB( '', 0.200000002980232, 0.200000002980232, 0.200000002980232 );
#4787 = CARTESIAN_POINT( '', ( 4.30000000000000, -9.21184210526316, -6.62000000000000 ) );
#4788 = CARTESIAN_POINT( '', ( 0.700000000000000, -9.21184210526316, -6.62000000000000 ) );
#4789 = CARTESIAN_POINT( '', ( 9.00000000000000, -9.21184210526316, -6.62000000000000 ) );
#4790 = VECTOR( '', #5711, 1000.00000000000 );
#4791 = CARTESIAN_POINT( '', ( 4.30000000000000, -9.66000000000000, -5.58000000000000 ) );
#4792 = CARTESIAN_POINT( '', ( 4.30000000000000, -9.66000000000000, -5.58000000000000 ) );
#4793 = VECTOR( '', #5712, 1000.00000000000 );
#4794 = CARTESIAN_POINT( '', ( 0.700000000000000, -9.66000000000000, -5.58000000000000 ) );
#4795 = CARTESIAN_POINT( '', ( 9.00000000000000, -9.66000000000000, -5.58000000000000 ) );
#4796 = VECTOR( '', #5713, 1000.00000000000 );
#4797 = CARTESIAN_POINT( '', ( 0.700000000000000, -9.66000000000000, -5.58000000000000 ) );
#4798 = VECTOR( '', #5714, 1000.00000000000 );
#4799 = COLOUR_RGB( '', 0.980000019073486, 0.980000019073486, 0.980000019073486 );
#4800 = CARTESIAN_POINT( '', ( -5.40000000000000, -11.2500000000000, -10.6000000000000 ) );
#4801 = AXIS2_PLACEMENT_3D( '', #5715, #5716, #5717 );
#4802 = COLOUR_RGB( '', 0.200000002980232, 0.200000002980232, 0.200000002980232 );
#4803 = CARTESIAN_POINT( '', ( 5.70000000000000, -9.00500000000000, -7.10000000000000 ) );
#4804 = CARTESIAN_POINT( '', ( 5.70000000000000, -8.35000000000000, -7.10000000000000 ) );
#4805 = CARTESIAN_POINT( '', ( 5.70000000000000, -38.2461252939432, -7.10000000000000 ) );
#4806 = VECTOR( '', #5718, 1000.00000000000 );
#4807 = CARTESIAN_POINT( '', ( 5.70000000000000, -9.66000000000000, -5.58000000000000 ) );
#4808 = CARTESIAN_POINT( '', ( 5.70000000000000, -9.66000000000000, -5.58000000000000 ) );
#4809 = VECTOR( '', #5719, 1000.00000000000 );
#4810 = CARTESIAN_POINT( '', ( 5.70000000000000, -8.35000000000000, -5.58000000000000 ) );
#4811 = CARTESIAN_POINT( '', ( 5.70000000000000, -38.2461252939432, -5.58000000000000 ) );
#4812 = VECTOR( '', #5720, 1000.00000000000 );
#4813 = CARTESIAN_POINT( '', ( 5.70000000000000, -8.35000000000000, -7.10000000000000 ) );
#4814 = VECTOR( '', #5721, 1000.00000000000 );
#4815 = COLOUR_RGB( '', 0.200000002980232, 0.200000002980232, 0.200000002980232 );
#4816 = CARTESIAN_POINT( '', ( -4.30000000000000, -9.21184210526316, -6.62000000000000 ) );
#4817 = CARTESIAN_POINT( '', ( 9.00000000000000, -9.21184210526316, -6.62000000000000 ) );
#4818 = VECTOR( '', #5722, 1000.00000000000 );
#4819 = CARTESIAN_POINT( '', ( -4.30000000000000, -9.66000000000000, -5.58000000000000 ) );
#4820 = CARTESIAN_POINT( '', ( 9.00000000000000, -9.66000000000000, -5.58000000000000 ) );
#4821 = VECTOR( '', #5723, 1000.00000000000 );
#4822 = CARTESIAN_POINT( '', ( -4.30000000000000, -9.66000000000000, -5.58000000000000 ) );
#4823 = VECTOR( '', #5724, 1000.00000000000 );
#4824 = COLOUR_RGB( '', 0.200000002980232, 0.200000002980232, 0.200000002980232 );
#4825 = CARTESIAN_POINT( '', ( 8.00000000000000, -9.00500000000000, -7.10000000000000 ) );
#4826 = CARTESIAN_POINT( '', ( 9.00000000000000, -9.43592105263158, -6.10000000000000 ) );
#4827 = AXIS2_PLACEMENT_3D( '', #5725, #5726, #5727 );
#4828 = CARTESIAN_POINT( '', ( 8.00000000000000, -8.35000000000000, -7.10000000000000 ) );
#4829 = CARTESIAN_POINT( '', ( 8.00000000000000, -9.00500000000000, -7.10000000000000 ) );
#4830 = VECTOR( '', #5728, 1000.00000000000 );
#4831 = CARTESIAN_POINT( '', ( 9.00000000000000, -8.35000000000000, -6.10000000000000 ) );
#4832 = AXIS2_PLACEMENT_3D( '', #5729, #5730, #5731 );
#4833 = CARTESIAN_POINT( '', ( 9.00000000000000, -9.00500000000000, -6.10000000000000 ) );
#4834 = VECTOR( '', #5732, 1000.00000000000 );
#4835 = COLOUR_RGB( '', 0.200000002980232, 0.200000002980232, 0.200000002980232 );
#4836 = CARTESIAN_POINT( '', ( -10.5000000000000, -12.9050000000000, -5.58000000000000 ) );
#4837 = CARTESIAN_POINT( '', ( 12.5000000000000, -12.9050000000000, -5.58000000000000 ) );
#4838 = VECTOR( '', #5733, 1000.00000000000 );
#4839 = CARTESIAN_POINT( '', ( -10.5000000000000, -12.9050000000000, -3.32000000000000 ) );
#4840 = CARTESIAN_POINT( '', ( 12.5000000000000, -12.9050000000000, -3.32000000000000 ) );
#4841 = VECTOR( '', #5734, 1000.00000000000 );
#4842 = CARTESIAN_POINT( '', ( -10.5000000000000, -12.9050000000000, -3.32000000000000 ) );
#4843 = VECTOR( '', #5735, 1000.00000000000 );
#4844 = COLOUR_RGB( '', 0.980000019073486, 0.980000019073486, 0.980000019073486 );
#4845 = CARTESIAN_POINT( '', ( 9.60000000000000, -11.2500000000000, -7.10000000000000 ) );
#4846 = AXIS2_PLACEMENT_3D( '', #5736, #5737, #5738 );
#4847 = CARTESIAN_POINT( '', ( 10.3000000000000, -11.2500000000000, -7.10000000000000 ) );
#4848 = AXIS2_PLACEMENT_3D( '', #5739, #5740, #5741 );
#4849 = COLOUR_RGB( '', 0.200000002980232, 0.200000002980232, 0.200000002980232 );
#4850 = CARTESIAN_POINT( '', ( 0.700000000000000, -8.35000000000000, -6.62000000000000 ) );
#4851 = CARTESIAN_POINT( '', ( 4.30000000000000, -8.35000000000000, -6.62000000000000 ) );
#4852 = CARTESIAN_POINT( '', ( -9.00000000000000, -8.35000000000000, -6.62000000000000 ) );
#4853 = VECTOR( '', #5742, 1000.00000000000 );
#4854 = CARTESIAN_POINT( '', ( 4.30000000000000, -38.2461252939432, -6.62000000000000 ) );
#4855 = VECTOR( '', #5743, 1000.00000000000 );
#4856 = CARTESIAN_POINT( '', ( 0.700000000000000, -38.2461252939432, -6.62000000000000 ) );
#4857 = VECTOR( '', #5744, 1000.00000000000 );
#4858 = COLOUR_RGB( '', 0.980000019073486, 0.980000019073486, 0.980000019073486 );
#4859 = COLOUR_RGB( '', 0.200000002980232, 0.200000002980232, 0.200000002980232 );
#4860 = AXIS2_PLACEMENT_3D( '', #5745, #5746, #5747 );
#4861 = AXIS2_PLACEMENT_3D( '', #5748, #5749, #5750 );
#4862 = COLOUR_RGB( '', 0.200000002980232, 0.200000002980232, 0.200000002980232 );
#4863 = CARTESIAN_POINT( '', ( -0.700000000000000, 8.35000000000000, -6.62000000000000 ) );
#4864 = CARTESIAN_POINT( '', ( -0.700000000000000, 8.35000000000000, -5.58000000000000 ) );
#4865 = CARTESIAN_POINT( '', ( -0.700000000000000, 8.35000000000000, -7.10000000000000 ) );
#4866 = VECTOR( '', #5751, 1000.00000000000 );
#4867 = CARTESIAN_POINT( '', ( -0.700000000000000, 9.21184210526316, -6.62000000000000 ) );
#4868 = CARTESIAN_POINT( '', ( -0.700000000000000, 38.2461252939432, -6.62000000000000 ) );
#4869 = VECTOR( '', #5752, 1000.00000000000 );
#4870 = CARTESIAN_POINT( '', ( -0.700000000000000, 9.66000000000000, -5.58000000000000 ) );
#4871 = CARTESIAN_POINT( '', ( -0.700000000000000, 9.66000000000000, -5.58000000000000 ) );
#4872 = VECTOR( '', #5753, 1000.00000000000 );
#4873 = CARTESIAN_POINT( '', ( -0.700000000000000, 38.2461252939432, -5.58000000000000 ) );
#4874 = VECTOR( '', #5754, 1000.00000000000 );
#4875 = COLOUR_RGB( '', 0.200000002980232, 0.200000002980232, 0.200000002980232 );
#4876 = CARTESIAN_POINT( '', ( 4.21728036748125, 9.30000000000000, 3.20000000000000 ) );
#4877 = CARTESIAN_POINT( '', ( -4.21728036748126, 9.30000000000000, 3.20000000000000 ) );
#4878 = CARTESIAN_POINT( '', ( 4.21728036748125, 9.30000000000000, 3.20000000000000 ) );
#4879 = VECTOR( '', #5755, 1000.00000000000 );
#4880 = CARTESIAN_POINT( '', ( 4.21728036748125, 12.5000000000000, 3.20000000000000 ) );
#4881 = CARTESIAN_POINT( '', ( 4.21728036748125, 12.5000000000000, 3.20000000000000 ) );
#4882 = VECTOR( '', #5756, 1000.00000000000 );
#4883 = CARTESIAN_POINT( '', ( -4.21728036748126, 12.5000000000000, 3.20000000000000 ) );
#4884 = CARTESIAN_POINT( '', ( 4.21728036748125, 12.5000000000000, 3.20000000000000 ) );
#4885 = VECTOR( '', #5757, 1000.00000000000 );
#4886 = CARTESIAN_POINT( '', ( -4.21728036748126, 12.5000000000000, 3.20000000000000 ) );
#4887 = VECTOR( '', #5758, 1000.00000000000 );
#4888 = COLOUR_RGB( '', 0.899999976158142, 0.899999976158142, 0.000000000000000 );
#4889 = CARTESIAN_POINT( '', ( -8.50000000000000, 8.35000000000000, -4.00000000000000 ) );
#4890 = CARTESIAN_POINT( '', ( -8.50000000000000, 8.35000000000000, 4.00000000000000 ) );
#4891 = CARTESIAN_POINT( '', ( -8.50000000000000, 8.35000000000000, -4.00000000000000 ) );
#4892 = VECTOR( '', #5759, 1000.00000000000 );
#4893 = CARTESIAN_POINT( '', ( -8.50000000000000, -8.35000000000000, -4.00000000000000 ) );
#4894 = CARTESIAN_POINT( '', ( -8.50000000000000, -8.35000000000000, -4.00000000000000 ) );
#4895 = VECTOR( '', #5760, 1000.00000000000 );
#4896 = CARTESIAN_POINT( '', ( -8.50000000000000, -8.35000000000000, 4.00000000000000 ) );
#4897 = CARTESIAN_POINT( '', ( -8.50000000000000, -8.35000000000000, -4.00000000000000 ) );
#4898 = VECTOR( '', #5761, 1000.00000000000 );
#4899 = CARTESIAN_POINT( '', ( -8.50000000000000, -8.35000000000000, 4.00000000000000 ) );
#4900 = VECTOR( '', #5762, 1000.00000000000 );
#4901 = COLOUR_RGB( '', 0.200000002980232, 0.200000002980232, 0.200000002980232 );
#4902 = CARTESIAN_POINT( '', ( -7.00000000000000, 8.35000000000000, 6.00000000000000 ) );
#4903 = AXIS2_PLACEMENT_3D( '', #5763, #5764, #5765 );
#4904 = CARTESIAN_POINT( '', ( -7.00000000000000, 9.00500000000000, 6.00000000000000 ) );
#4905 = VECTOR( '', #5766, 1000.00000000000 );
#4906 = COLOUR_RGB( '', 0.980000019073486, 0.980000019073486, 0.980000019073486 );
#4907 = CARTESIAN_POINT( '', ( -0.400000000000000, -11.2500000000000, -10.6000000000000 ) );
#4908 = AXIS2_PLACEMENT_3D( '', #5767, #5768, #5769 );
#4909 = COLOUR_RGB( '', 0.899999976158142, 0.899999976158142, 0.000000000000000 );
#4910 = CARTESIAN_POINT( '', ( -7.00000000000000, 8.35000000000000, 5.50000000000000 ) );
#4911 = CARTESIAN_POINT( '', ( -3.26183650964576, 8.35000000000000, 5.50000000000000 ) );
#4912 = CARTESIAN_POINT( '', ( -7.00000000000000, 8.35000000000000, 5.50000000000000 ) );
#4913 = VECTOR( '', #5770, 1000.00000000000 );
#4914 = CARTESIAN_POINT( '', ( -7.00000000000000, -8.35000000000000, 5.50000000000000 ) );
#4915 = CARTESIAN_POINT( '', ( -7.00000000000000, -8.35000000000000, 5.50000000000000 ) );
#4916 = VECTOR( '', #5771, 1000.00000000000 );
#4917 = CARTESIAN_POINT( '', ( -3.26183650964577, -8.35000000000000, 5.50000000000000 ) );
#4918 = CARTESIAN_POINT( '', ( -7.00000000000000, -8.35000000000000, 5.50000000000000 ) );
#4919 = VECTOR( '', #5772, 1000.00000000000 );
#4920 = CARTESIAN_POINT( '', ( 3.26183650964576, -8.35000000000000, 5.50000000000000 ) );
#4921 = CARTESIAN_POINT( '', ( -7.00000000000000, -8.35000000000000, 5.50000000000000 ) );
#4922 = VECTOR( '', #5773, 1000.00000000000 );
#4923 = CARTESIAN_POINT( '', ( 7.00000000000000, -8.35000000000000, 5.50000000000000 ) );
#4924 = CARTESIAN_POINT( '', ( -7.00000000000000, -8.35000000000000, 5.50000000000000 ) );
#4925 = VECTOR( '', #5774, 1000.00000000000 );
#4926 = CARTESIAN_POINT( '', ( 7.00000000000000, 8.35000000000000, 5.50000000000000 ) );
#4927 = CARTESIAN_POINT( '', ( 7.00000000000000, -8.35000000000000, 5.50000000000000 ) );
#4928 = VECTOR( '', #5775, 1000.00000000000 );
#4929 = CARTESIAN_POINT( '', ( 3.26183650964577, 8.35000000000000, 5.50000000000000 ) );
#4930 = CARTESIAN_POINT( '', ( -7.00000000000000, 8.35000000000000, 5.50000000000000 ) );
#4931 = VECTOR( '', #5776, 1000.00000000000 );
#4932 = CARTESIAN_POINT( '', ( -7.00000000000000, 8.35000000000000, 5.50000000000000 ) );
#4933 = VECTOR( '', #5777, 1000.00000000000 );
#4934 = COLOUR_RGB( '', 0.200000002980232, 0.200000002980232, 0.200000002980232 );
#4935 = CARTESIAN_POINT( '', ( -5.70000000000000, 0.000000000000000, 1.60000000000000 ) );
#4936 = CARTESIAN_POINT( '', ( -5.70000000000000, 0.000000000000000, -1.60000000000000 ) );
#4937 = CARTESIAN_POINT( '', ( -5.70000000000000, 0.000000000000000, 1.60000000000000 ) );
#4938 = VECTOR( '', #5778, 1000.00000000000 );
#4939 = CARTESIAN_POINT( '', ( -5.70000000000000, 9.30000000000000, 1.60000000000000 ) );
#4940 = CARTESIAN_POINT( '', ( -5.70000000000000, 9.30000000000000, 1.60000000000000 ) );
#4941 = VECTOR( '', #5779, 1000.00000000000 );
#4942 = CARTESIAN_POINT( '', ( -5.70000000000000, 9.30000000000000, -1.60000000000000 ) );
#4943 = CARTESIAN_POINT( '', ( -5.70000000000000, 9.30000000000000, 1.60000000000000 ) );
#4944 = VECTOR( '', #5780, 1000.00000000000 );
#4945 = CARTESIAN_POINT( '', ( -5.70000000000000, 9.30000000000000, -1.60000000000000 ) );
#4946 = VECTOR( '', #5781, 1000.00000000000 );
#4947 = COLOUR_RGB( '', 0.980000019073486, 0.980000019073486, 0.980000019073486 );
#4948 = CARTESIAN_POINT( '', ( 0.300000000000000, 11.2500000000000, -7.10000000000000 ) );
#4949 = AXIS2_PLACEMENT_3D( '', #5782, #5783, #5784 );
#4950 = COLOUR_RGB( '', 0.200000002980232, 0.200000002980232, 0.200000002980232 );
#4951 = CARTESIAN_POINT( '', ( -5.20000000000000, 12.5000000000000, 5.90000000000000 ) );
#4952 = CARTESIAN_POINT( '', ( -12.5000000000000, 12.5000000000000, 5.90000000000000 ) );
#4953 = CARTESIAN_POINT( '', ( -5.20000000000000, 12.5000000000000, 5.90000000000000 ) );
#4954 = VECTOR( '', #5785, 1000.00000000000 );
#4955 = CARTESIAN_POINT( '', ( -12.5000000000000, 0.000000000000000, 5.90000000000000 ) );
#4956 = CARTESIAN_POINT( '', ( -12.5000000000000, 12.5000000000000, 5.90000000000000 ) );
#4957 = VECTOR( '', #5786, 1000.00000000000 );
#4958 = CARTESIAN_POINT( '', ( -9.35000000000000, 0.000000000000000, 5.90000000000000 ) );
#4959 = CARTESIAN_POINT( '', ( -9.35000000000000, 0.000000000000000, 5.90000000000000 ) );
#4960 = VECTOR( '', #5787, 1000.00000000000 );
#4961 = CARTESIAN_POINT( '', ( -9.35000000000000, 9.30000000000000, 5.90000000000000 ) );
#4962 = CARTESIAN_POINT( '', ( -9.35000000000000, 29.3948975164058, 5.90000000000000 ) );
#4963 = VECTOR( '', #5788, 1000.00000000000 );
#4964 = CARTESIAN_POINT( '', ( -5.20000000000000, 9.30000000000000, 5.90000000000000 ) );
#4965 = CARTESIAN_POINT( '', ( -5.20000000000000, 9.30000000000000, 5.90000000000000 ) );
#4966 = VECTOR( '', #5789, 1000.00000000000 );
#4967 = CARTESIAN_POINT( '', ( -5.20000000000000, 12.5000000000000, 5.90000000000000 ) );
#4968 = VECTOR( '', #5790, 1000.00000000000 );
#4969 = COLOUR_RGB( '', 0.980000019073486, 0.980000019073486, 0.980000019073486 );
#4970 = CARTESIAN_POINT( '', ( -0.400000000000000, -11.2500000000000, -7.10000000000000 ) );
#4971 = AXIS2_PLACEMENT_3D( '', #5791, #5792, #5793 );
#4972 = CARTESIAN_POINT( '', ( 0.300000000000000, -11.2500000000000, -7.10000000000000 ) );
#4973 = AXIS2_PLACEMENT_3D( '', #5794, #5795, #5796 );
#4974 = COLOUR_RGB( '', 0.200000002980232, 0.200000002980232, 0.200000002980232 );
#4975 = CARTESIAN_POINT( '', ( 0.700000000000000, 9.66000000000000, -5.58000000000000 ) );
#4976 = CARTESIAN_POINT( '', ( 0.700000000000000, 9.21184210526316, -6.62000000000000 ) );
#4977 = CARTESIAN_POINT( '', ( 0.700000000000000, 9.66000000000000, -5.58000000000000 ) );
#4978 = VECTOR( '', #5797, 1000.00000000000 );
#4979 = CARTESIAN_POINT( '', ( 0.700000000000000, 8.35000000000000, -6.62000000000000 ) );
#4980 = CARTESIAN_POINT( '', ( 0.700000000000000, 38.2461252939432, -6.62000000000000 ) );
#4981 = VECTOR( '', #5798, 1000.00000000000 );
#4982 = CARTESIAN_POINT( '', ( 0.700000000000000, 8.35000000000000, -5.58000000000000 ) );
#4983 = CARTESIAN_POINT( '', ( 0.700000000000000, 8.35000000000000, -7.10000000000000 ) );
#4984 = VECTOR( '', #5799, 1000.00000000000 );
#4985 = CARTESIAN_POINT( '', ( 0.700000000000000, 38.2461252939432, -5.58000000000000 ) );
#4986 = VECTOR( '', #5800, 1000.00000000000 );
#4987 = COLOUR_RGB( '', 0.200000002980232, 0.200000002980232, 0.200000002980232 );
#4988 = CARTESIAN_POINT( '', ( -4.85000000000000, -8.35000000000000, -2.75000000000000 ) );
#4989 = VECTOR( '', #5801, 1000.00000000000 );
#4990 = COLOUR_RGB( '', 0.200000002980232, 0.200000002980232, 0.200000002980232 );
#4991 = CARTESIAN_POINT( '', ( 9.00000000000000, 9.43592105263158, -6.10000000000000 ) );
#4992 = CARTESIAN_POINT( '', ( 8.00000000000000, 9.00500000000000, -7.10000000000000 ) );
#4993 = AXIS2_PLACEMENT_3D( '', #5802, #5803, #5804 );
#4994 = CARTESIAN_POINT( '', ( 9.00000000000000, 8.35000000000000, -6.10000000000000 ) );
#4995 = CARTESIAN_POINT( '', ( 9.00000000000000, 9.00500000000000, -6.10000000000000 ) );
#4996 = VECTOR( '', #5805, 1000.00000000000 );
#4997 = CARTESIAN_POINT( '', ( 8.00000000000000, 8.35000000000000, -7.10000000000000 ) );
#4998 = AXIS2_PLACEMENT_3D( '', #5806, #5807, #5808 );
#4999 = CARTESIAN_POINT( '', ( 8.00000000000000, 9.00500000000000, -7.10000000000000 ) );
#5000 = VECTOR( '', #5809, 1000.00000000000 );
#5001 = COLOUR_RGB( '', 0.200000002980232, 0.200000002980232, 0.200000002980232 );
#5002 = CARTESIAN_POINT( '', ( -5.70000000000000, 9.00500000000000, -7.10000000000000 ) );
#5003 = CARTESIAN_POINT( '', ( -5.70000000000000, 8.35000000000000, -7.10000000000000 ) );
#5004 = CARTESIAN_POINT( '', ( -5.70000000000000, 38.2461252939432, -7.10000000000000 ) );
#5005 = VECTOR( '', #5810, 1000.00000000000 );
#5006 = CARTESIAN_POINT( '', ( -5.70000000000000, 9.66000000000000, -5.58000000000000 ) );
#5007 = CARTESIAN_POINT( '', ( -5.70000000000000, 9.66000000000000, -5.58000000000000 ) );
#5008 = VECTOR( '', #5811, 1000.00000000000 );
#5009 = CARTESIAN_POINT( '', ( -5.70000000000000, 8.35000000000000, -5.58000000000000 ) );
#5010 = CARTESIAN_POINT( '', ( -5.70000000000000, 38.2461252939432, -5.58000000000000 ) );
#5011 = VECTOR( '', #5812, 1000.00000000000 );
#5012 = CARTESIAN_POINT( '', ( -5.70000000000000, 8.35000000000000, -7.10000000000000 ) );
#5013 = VECTOR( '', #5813, 1000.00000000000 );
#5014 = COLOUR_RGB( '', 0.200000002980232, 0.200000002980232, 0.200000002980232 );
#5015 = CARTESIAN_POINT( '', ( -4.70000000000000, 0.000000000000000, 2.60000000000000 ) );
#5016 = CARTESIAN_POINT( '', ( -4.70000000000000, 0.000000000000000, 2.60000000000000 ) );
#5017 = VECTOR( '', #5814, 1000.00000000000 );
#5018 = CARTESIAN_POINT( '', ( -4.70000000000000, 9.30000000000000, 2.60000000000000 ) );
#5019 = CARTESIAN_POINT( '', ( -4.70000000000000, 9.30000000000000, 2.60000000000000 ) );
#5020 = VECTOR( '', #5815, 1000.00000000000 );
#5021 = CARTESIAN_POINT( '', ( -4.70000000000000, 9.30000000000000, 2.60000000000000 ) );
#5022 = VECTOR( '', #5816, 1000.00000000000 );
#5023 = COLOUR_RGB( '', 0.200000002980232, 0.200000002980232, 0.200000002980232 );
#5024 = CARTESIAN_POINT( '', ( -4.30000000000000, -8.35000000000000, -6.62000000000000 ) );
#5025 = CARTESIAN_POINT( '', ( -9.00000000000000, -8.35000000000000, -6.62000000000000 ) );
#5026 = VECTOR( '', #5817, 1000.00000000000 );
#5027 = CARTESIAN_POINT( '', ( -4.30000000000000, -38.2461252939432, -6.62000000000000 ) );
#5028 = VECTOR( '', #5818, 1000.00000000000 );
#5029 = COLOUR_RGB( '', 0.200000002980232, 0.200000002980232, 0.200000002980232 );
#5030 = AXIS2_PLACEMENT_3D( '', #5819, #5820, #5821 );
#5031 = CARTESIAN_POINT( '', ( -12.5000000000000, 9.00500000000000, -3.32000000000000 ) );
#5032 = CARTESIAN_POINT( '', ( -12.5000000000000, 9.00500000000000, -3.32000000000000 ) );
#5033 = VECTOR( '', #5822, 1000.00000000000 );
#5034 = CARTESIAN_POINT( '', ( 12.5000000000000, 9.00500000000000, -3.32000000000000 ) );
#5035 = VECTOR( '', #5823, 1000.00000000000 );
#5036 = COLOUR_RGB( '', 0.200000002980232, 0.200000002980232, 0.200000002980232 );
#5037 = CARTESIAN_POINT( '', ( 5.70000000000000, 9.00500000000000, -7.10000000000000 ) );
#5038 = CARTESIAN_POINT( '', ( 9.00000000000000, 9.00500000000000, -7.10000000000000 ) );
#5039 = VECTOR( '', #5824, 1000.00000000000 );
#5040 = CARTESIAN_POINT( '', ( 5.70000000000000, 8.35000000000000, -7.10000000000000 ) );
#5041 = CARTESIAN_POINT( '', ( 9.00000000000000, 8.35000000000000, -7.10000000000000 ) );
#5042 = VECTOR( '', #5825, 1000.00000000000 );
#5043 = CARTESIAN_POINT( '', ( 5.70000000000000, 38.2461252939432, -7.10000000000000 ) );
#5044 = VECTOR( '', #5826, 1000.00000000000 );
#5045 = COLOUR_RGB( '', 0.200000002980232, 0.200000002980232, 0.200000002980232 );
#5046 = CARTESIAN_POINT( '', ( 7.00000000000000, -8.35000000000000, 6.00000000000000 ) );
#5047 = CARTESIAN_POINT( '', ( 9.00000000000000, -8.35000000000000, 6.00000000000000 ) );
#5048 = VECTOR( '', #5827, 1000.00000000000 );
#5049 = CARTESIAN_POINT( '', ( 7.00000000000000, -9.00500000000000, 6.00000000000000 ) );
#5050 = VECTOR( '', #5828, 1000.00000000000 );
#5051 = COLOUR_RGB( '', 0.980000019073486, 0.980000019073486, 0.980000019073486 );
#5052 = CARTESIAN_POINT( '', ( -5.40000000000000, 11.2500000000000, -7.10000000000000 ) );
#5053 = AXIS2_PLACEMENT_3D( '', #5829, #5830, #5831 );
#5054 = CARTESIAN_POINT( '', ( -5.40000000000000, 11.2500000000000, -10.6000000000000 ) );
#5055 = AXIS2_PLACEMENT_3D( '', #5832, #5833, #5834 );
#5056 = COLOUR_RGB( '', 0.200000002980232, 0.200000002980232, 0.200000002980232 );
#5057 = CARTESIAN_POINT( '', ( 12.5000000000000, -9.00500000000000, -5.58000000000000 ) );
#5058 = CARTESIAN_POINT( '', ( 9.00000000000000, -9.00500000000000, -5.58000000000000 ) );
#5059 = CARTESIAN_POINT( '', ( 12.5000000000000, -9.00500000000000, -5.58000000000000 ) );
#5060 = VECTOR( '', #5835, 1000.00000000000 );
#5061 = CARTESIAN_POINT( '', ( 9.00000000000000, -9.00500000000000, -7.10000000000000 ) );
#5062 = VECTOR( '', #5836, 1000.00000000000 );
#5063 = CARTESIAN_POINT( '', ( 12.5000000000000, -9.00500000000000, -3.32000000000000 ) );
#5064 = CARTESIAN_POINT( '', ( 12.5000000000000, -9.00500000000000, -3.32000000000000 ) );
#5065 = VECTOR( '', #5837, 1000.00000000000 );
#5066 = CARTESIAN_POINT( '', ( 12.5000000000000, -9.00500000000000, -5.58000000000000 ) );
#5067 = VECTOR( '', #5838, 1000.00000000000 );
#5068 = COLOUR_RGB( '', 0.200000002980232, 0.200000002980232, 0.200000002980232 );
#5069 = CARTESIAN_POINT( '', ( 9.35000000000000, 9.30000000000000, -3.20000000000000 ) );
#5070 = CARTESIAN_POINT( '', ( 9.35000000000000, 9.30000000000000, -2.60000000000000 ) );
#5071 = VECTOR( '', #5839, 1000.00000000000 );
#5072 = CARTESIAN_POINT( '', ( 9.35000000000000, 0.000000000000000, -3.20000000000000 ) );
#5073 = CARTESIAN_POINT( '', ( 9.35000000000000, 29.3948975164058, -3.20000000000000 ) );
#5074 = VECTOR( '', #5840, 1000.00000000000 );
#5075 = CARTESIAN_POINT( '', ( 9.35000000000000, 0.000000000000000, -3.20000000000000 ) );
#5076 = VECTOR( '', #5841, 1000.00000000000 );
#5077 = COLOUR_RGB( '', 0.200000002980232, 0.200000002980232, 0.200000002980232 );
#5078 = CARTESIAN_POINT( '', ( -9.00000000000000, -8.35000000000000, 4.00000000000000 ) );
#5079 = CARTESIAN_POINT( '', ( -9.00000000000000, -8.35000000000000, 6.00000000000000 ) );
#5080 = VECTOR( '', #5842, 1000.00000000000 );
#5081 = CARTESIAN_POINT( '', ( -9.00000000000000, -9.66000000000000, -5.58000000000000 ) );
#5082 = CARTESIAN_POINT( '', ( -9.00000000000000, -9.66000000000000, -5.58000000000000 ) );
#5083 = VECTOR( '', #5843, 1000.00000000000 );
#5084 = CARTESIAN_POINT( '', ( -9.00000000000000, -9.00500000000000, -5.58000000000000 ) );
#5085 = CARTESIAN_POINT( '', ( -9.00000000000000, -9.00500000000000, -5.58000000000000 ) );
#5086 = VECTOR( '', #5844, 1000.00000000000 );
#5087 = CARTESIAN_POINT( '', ( -9.00000000000000, -9.00500000000000, 6.00000000000000 ) );
#5088 = VECTOR( '', #5845, 1000.00000000000 );
#5089 = CARTESIAN_POINT( '', ( -9.00000000000000, -9.00500000000000, 4.00000000000000 ) );
#5090 = VECTOR( '', #5846, 1000.00000000000 );
#5091 = COLOUR_RGB( '', 0.200000002980232, 0.200000002980232, 0.200000002980232 );
#5092 = CARTESIAN_POINT( '', ( -4.30000000000000, 9.21184210526316, -6.62000000000000 ) );
#5093 = CARTESIAN_POINT( '', ( 9.00000000000000, 9.21184210526316, -6.62000000000000 ) );
#5094 = VECTOR( '', #5847, 1000.00000000000 );
#5095 = CARTESIAN_POINT( '', ( -4.30000000000000, 9.66000000000000, -5.58000000000000 ) );
#5096 = CARTESIAN_POINT( '', ( -4.30000000000000, 9.66000000000000, -5.58000000000000 ) );
#5097 = VECTOR( '', #5848, 1000.00000000000 );
#5098 = CARTESIAN_POINT( '', ( 9.00000000000000, 9.66000000000000, -5.58000000000000 ) );
#5099 = VECTOR( '', #5849, 1000.00000000000 );
#5100 = COLOUR_RGB( '', 0.899999976158142, 0.899999976158142, 0.000000000000000 );
#5101 = CARTESIAN_POINT( '', ( 8.50000000000000, 8.35000000000000, 4.00000000000000 ) );
#5102 = CARTESIAN_POINT( '', ( 8.50000000000000, 8.35000000000000, 4.00000000000000 ) );
#5103 = VECTOR( '', #5850, 1000.00000000000 );
#5104 = CARTESIAN_POINT( '', ( 8.50000000000000, -8.35000000000000, 4.00000000000000 ) );
#5105 = CARTESIAN_POINT( '', ( 8.50000000000000, -8.35000000000000, 4.00000000000000 ) );
#5106 = VECTOR( '', #5851, 1000.00000000000 );
#5107 = CARTESIAN_POINT( '', ( 8.50000000000000, -8.35000000000000, 4.00000000000000 ) );
#5108 = VECTOR( '', #5852, 1000.00000000000 );
#5109 = COLOUR_RGB( '', 0.200000002980232, 0.200000002980232, 0.200000002980232 );
#5110 = CARTESIAN_POINT( '', ( 5.30000000000000, 9.30000000000000, -3.20000000000000 ) );
#5111 = VECTOR( '', #5853, 1000.00000000000 );
#5112 = CARTESIAN_POINT( '', ( 5.30000000000000, 12.5000000000000, -3.20000000000000 ) );
#5113 = VECTOR( '', #5854, 1000.00000000000 );
#5114 = CARTESIAN_POINT( '', ( 12.5000000000000, 0.000000000000000, -3.20000000000000 ) );
#5115 = VECTOR( '', #5855, 1000.00000000000 );
#5116 = COLOUR_RGB( '', 0.200000002980232, 0.200000002980232, 0.200000002980232 );
#5117 = CARTESIAN_POINT( '', ( -9.35000000000000, 9.30000000000000, -3.20000000000000 ) );
#5118 = CARTESIAN_POINT( '', ( -9.35000000000000, 0.000000000000000, -3.20000000000000 ) );
#5119 = CARTESIAN_POINT( '', ( -9.35000000000000, 29.3948975164058, -3.20000000000000 ) );
#5120 = VECTOR( '', #5856, 1000.00000000000 );
#5121 = CARTESIAN_POINT( '', ( -9.35000000000000, 9.30000000000000, -2.60000000000000 ) );
#5122 = VECTOR( '', #5857, 1000.00000000000 );
#5123 = CARTESIAN_POINT( '', ( -9.35000000000000, 0.000000000000000, -3.20000000000000 ) );
#5124 = VECTOR( '', #5858, 1000.00000000000 );
#5125 = COLOUR_RGB( '', 0.200000002980232, 0.200000002980232, 0.200000002980232 );
#5126 = CARTESIAN_POINT( '', ( -5.70000000000000, -8.35000000000000, -7.10000000000000 ) );
#5127 = CARTESIAN_POINT( '', ( -5.70000000000000, -8.35000000000000, -5.58000000000000 ) );
#5128 = CARTESIAN_POINT( '', ( -5.70000000000000, -8.35000000000000, -7.10000000000000 ) );
#5129 = VECTOR( '', #5859, 1000.00000000000 );
#5130 = CARTESIAN_POINT( '', ( -5.70000000000000, -9.66000000000000, -5.58000000000000 ) );
#5131 = CARTESIAN_POINT( '', ( -5.70000000000000, -38.2461252939432, -5.58000000000000 ) );
#5132 = VECTOR( '', #5860, 1000.00000000000 );
#5133 = CARTESIAN_POINT( '', ( -5.70000000000000, -9.00500000000000, -7.10000000000000 ) );
#5134 = CARTESIAN_POINT( '', ( -5.70000000000000, -9.66000000000000, -5.58000000000000 ) );
#5135 = VECTOR( '', #5861, 1000.00000000000 );
#5136 = CARTESIAN_POINT( '', ( -5.70000000000000, -38.2461252939432, -7.10000000000000 ) );
#5137 = VECTOR( '', #5862, 1000.00000000000 );
#5138 = COLOUR_RGB( '', 0.200000002980232, 0.200000002980232, 0.200000002980232 );
#5139 = CARTESIAN_POINT( '', ( 5.70000000000000, 0.000000000000000, -1.60000000000000 ) );
#5140 = CARTESIAN_POINT( '', ( 5.70000000000000, 0.000000000000000, 1.60000000000000 ) );
#5141 = CARTESIAN_POINT( '', ( 5.70000000000000, 0.000000000000000, -1.60000000000000 ) );
#5142 = VECTOR( '', #5863, 1000.00000000000 );
#5143 = CARTESIAN_POINT( '', ( 5.70000000000000, 9.30000000000000, -1.60000000000000 ) );
#5144 = CARTESIAN_POINT( '', ( 5.70000000000000, 9.30000000000000, -1.60000000000000 ) );
#5145 = VECTOR( '', #5864, 1000.00000000000 );
#5146 = CARTESIAN_POINT( '', ( 5.70000000000000, 9.30000000000000, 1.60000000000000 ) );
#5147 = CARTESIAN_POINT( '', ( 5.70000000000000, 9.30000000000000, -1.60000000000000 ) );
#5148 = VECTOR( '', #5865, 1000.00000000000 );
#5149 = CARTESIAN_POINT( '', ( 5.70000000000000, 9.30000000000000, 1.60000000000000 ) );
#5150 = VECTOR( '', #5866, 1000.00000000000 );
#5151 = COLOUR_RGB( '', 0.200000002980232, 0.200000002980232, 0.200000002980232 );
#5152 = CARTESIAN_POINT( '', ( 3.27714593908254, 8.35000000000000, 5.58682408883347 ) );
#5153 = CARTESIAN_POINT( '', ( 0.737369994569857, 8.35000000000000, -8.81696105118371 ) );
#5154 = VECTOR( '', #5867, 1000.00000000000 );
#5155 = CARTESIAN_POINT( '', ( 3.27714593908254, 28.6351200451474, 5.58682408883346 ) );
#5156 = VECTOR( '', #5868, 1000.00000000000 );
#5157 = CARTESIAN_POINT( '', ( 2.87391715208715, 8.35000000000000, 3.30000000000000 ) );
#5158 = CARTESIAN_POINT( '', ( 2.87391715208715, 28.6351200451474, 3.30000000000000 ) );
#5159 = VECTOR( '', #5869, 1000.00000000000 );
#5160 = CARTESIAN_POINT( '', ( 0.737369994569857, 8.35000000000000, -8.81696105118371 ) );
#5161 = VECTOR( '', #5870, 1000.00000000000 );
#5162 = COLOUR_RGB( '', 0.200000002980232, 0.200000002980232, 0.200000002980232 );
#5163 = CARTESIAN_POINT( '', ( 5.85000000000000, -8.35000000000000, 1.75000000000000 ) );
#5164 = VECTOR( '', #5871, 1000.00000000000 );
#5165 = COLOUR_RGB( '', 0.980000019073486, 0.980000019073486, 0.980000019073486 );
#5166 = CARTESIAN_POINT( '', ( 4.60000000000000, 11.2500000000000, -10.6000000000000 ) );
#5167 = AXIS2_PLACEMENT_3D( '', #5872, #5873, #5874 );
#5168 = COLOUR_RGB( '', 0.980000019073486, 0.980000019073486, 0.980000019073486 );
#5169 = COLOUR_RGB( '', 0.980000019073486, 0.980000019073486, 0.980000019073486 );
#5170 = COLOUR_RGB( '', 0.200000002980232, 0.200000002980232, 0.200000002980232 );
#5171 = AXIS2_PLACEMENT_3D( '', #5875, #5876, #5877 );
#5172 = CARTESIAN_POINT( '', ( -7.00000000000000, -8.35000000000000, 6.00000000000000 ) );
#5173 = CARTESIAN_POINT( '', ( -9.00000000000000, -8.35000000000000, 4.00000000000000 ) );
#5174 = VECTOR( '', #5878, 1000.00000000000 );
#5175 = CARTESIAN_POINT( '', ( 9.00000000000000, -8.35000000000000, 6.00000000000000 ) );
#5176 = VECTOR( '', #5879, 1000.00000000000 );
#5177 = CARTESIAN_POINT( '', ( -1.28013640749668, -8.35000000000000, -5.73877976125269 ) );
#5178 = VECTOR( '', #5880, 1000.00000000000 );
#5179 = COLOUR_RGB( '', 0.200000002980232, 0.200000002980232, 0.200000002980232 );
#5180 = CARTESIAN_POINT( '', ( -9.00000000000000, -9.00500000000000, -7.10000000000000 ) );
#5181 = VECTOR( '', #5881, 1000.00000000000 );
#5182 = CARTESIAN_POINT( '', ( -9.00000000000000, -8.35000000000000, -7.10000000000000 ) );
#5183 = VECTOR( '', #5882, 1000.00000000000 );
#5184 = COLOUR_RGB( '', 0.200000002980232, 0.200000002980232, 0.200000002980232 );
#5185 = CARTESIAN_POINT( '', ( 5.20000000000000, 9.30000000000000, 5.90000000000000 ) );
#5186 = VECTOR( '', #5883, 1000.00000000000 );
#5187 = CARTESIAN_POINT( '', ( 5.20000000000000, 12.5000000000000, 5.90000000000000 ) );
#5188 = VECTOR( '', #5884, 1000.00000000000 );
#5189 = COLOUR_RGB( '', 0.200000002980232, 0.200000002980232, 0.200000002980232 );
#5190 = CARTESIAN_POINT( '', ( -4.30000000000000, -8.35000000000000, -5.58000000000000 ) );
#5191 = CARTESIAN_POINT( '', ( -4.30000000000000, -8.35000000000000, -7.10000000000000 ) );
#5192 = VECTOR( '', #5885, 1000.00000000000 );
#5193 = CARTESIAN_POINT( '', ( -4.30000000000000, -38.2461252939432, -5.58000000000000 ) );
#5194 = VECTOR( '', #5886, 1000.00000000000 );
#5195 = COLOUR_RGB( '', 0.899999976158142, 0.899999976158142, 0.000000000000000 );
#5196 = AXIS2_PLACEMENT_3D( '', #5887, #5888, #5889 );
#5197 = AXIS2_PLACEMENT_3D( '', #5890, #5891, #5892 );
#5198 = COLOUR_RGB( '', 0.200000002980232, 0.200000002980232, 0.200000002980232 );
#5199 = CARTESIAN_POINT( '', ( 4.30000000000000, -8.35000000000000, -5.58000000000000 ) );
#5200 = CARTESIAN_POINT( '', ( 4.30000000000000, -8.35000000000000, -7.10000000000000 ) );
#5201 = VECTOR( '', #5893, 1000.00000000000 );
#5202 = CARTESIAN_POINT( '', ( 4.30000000000000, -38.2461252939432, -5.58000000000000 ) );
#5203 = VECTOR( '', #5894, 1000.00000000000 );
#5204 = COLOUR_RGB( '', 0.200000002980232, 0.200000002980232, 0.200000002980232 );
#5205 = CARTESIAN_POINT( '', ( 3.76954981558864, 8.35000000000000, 6.00000000000000 ) );
#5206 = CARTESIAN_POINT( '', ( 3.76954981558864, 9.00500000000000, 6.00000000000000 ) );
#5207 = VECTOR( '', #5895, 1000.00000000000 );
#5208 = CARTESIAN_POINT( '', ( 7.00000000000000, 8.35000000000000, 6.00000000000000 ) );
#5209 = CARTESIAN_POINT( '', ( -9.00000000000000, 8.35000000000000, 6.00000000000000 ) );
#5210 = VECTOR( '', #5896, 1000.00000000000 );
#5211 = CARTESIAN_POINT( '', ( 7.00000000000000, 9.00500000000000, 6.00000000000000 ) );
#5212 = VECTOR( '', #5897, 1000.00000000000 );
#5213 = COLOUR_RGB( '', 0.980000019073486, 0.980000019073486, 0.980000019073486 );
#5214 = COLOUR_RGB( '', 0.200000002980232, 0.200000002980232, 0.200000002980232 );
#5215 = CARTESIAN_POINT( '', ( 9.00000000000000, 8.35000000000000, 4.00000000000000 ) );
#5216 = AXIS2_PLACEMENT_3D( '', #5898, #5899, #5900 );
#5217 = CARTESIAN_POINT( '', ( 9.00000000000000, 9.00500000000000, 4.00000000000000 ) );
#5218 = VECTOR( '', #5901, 1000.00000000000 );
#5219 = COLOUR_RGB( '', 0.980000019073486, 0.980000019073486, 0.980000019073486 );
#5220 = COLOUR_RGB( '', 0.200000002980232, 0.200000002980232, 0.200000002980232 );
#5221 = CARTESIAN_POINT( '', ( 0.300000000000000, -11.2500000000000, -5.58000000000000 ) );
#5222 = AXIS2_PLACEMENT_3D( '', #5902, #5903, #5904 );
#5223 = CARTESIAN_POINT( '', ( 12.5000000000000, -12.9050000000000, -5.58000000000000 ) );
#5224 = VECTOR( '', #5905, 1000.00000000000 );
#5225 = CARTESIAN_POINT( '', ( 12.5000000000000, -9.00500000000000, -5.58000000000000 ) );
#5226 = VECTOR( '', #5906, 1000.00000000000 );
#5227 = CARTESIAN_POINT( '', ( 9.00000000000000, -9.66000000000000, -5.58000000000000 ) );
#5228 = VECTOR( '', #5907, 1000.00000000000 );
#5229 = CARTESIAN_POINT( '', ( -9.00000000000000, -8.35000000000000, -5.58000000000000 ) );
#5230 = VECTOR( '', #5908, 1000.00000000000 );
#5231 = CARTESIAN_POINT( '', ( 0.700000000000000, -8.35000000000000, -5.58000000000000 ) );
#5232 = CARTESIAN_POINT( '', ( -9.00000000000000, -8.35000000000000, -5.58000000000000 ) );
#5233 = VECTOR( '', #5909, 1000.00000000000 );
#5234 = CARTESIAN_POINT( '', ( 0.700000000000000, -38.2461252939432, -5.58000000000000 ) );
#5235 = VECTOR( '', #5910, 1000.00000000000 );
#5236 = CARTESIAN_POINT( '', ( -9.00000000000000, -8.35000000000000, -5.58000000000000 ) );
#5237 = VECTOR( '', #5911, 1000.00000000000 );
#5238 = CARTESIAN_POINT( '', ( 9.00000000000000, -9.66000000000000, -5.58000000000000 ) );
#5239 = CARTESIAN_POINT( '', ( 9.00000000000000, -9.66000000000000, -5.58000000000000 ) );
#5240 = VECTOR( '', #5912, 1000.00000000000 );
#5241 = CARTESIAN_POINT( '', ( 9.00000000000000, -9.00500000000000, -5.58000000000000 ) );
#5242 = VECTOR( '', #5913, 1000.00000000000 );
#5243 = CARTESIAN_POINT( '', ( 5.30000000000000, -11.2500000000000, -5.58000000000000 ) );
#5244 = AXIS2_PLACEMENT_3D( '', #5914, #5915, #5916 );
#5245 = CARTESIAN_POINT( '', ( -9.70000000000000, -11.2500000000000, -5.58000000000000 ) );
#5246 = AXIS2_PLACEMENT_3D( '', #5917, #5918, #5919 );
#5247 = CARTESIAN_POINT( '', ( -4.70000000000000, -11.2500000000000, -5.58000000000000 ) );
#5248 = AXIS2_PLACEMENT_3D( '', #5920, #5921, #5922 );
#5249 = CARTESIAN_POINT( '', ( 10.3000000000000, -11.2500000000000, -5.58000000000000 ) );
#5250 = AXIS2_PLACEMENT_3D( '', #5923, #5924, #5925 );
#5251 = COLOUR_RGB( '', 0.200000002980232, 0.200000002980232, 0.200000002980232 );
#5252 = CARTESIAN_POINT( '', ( -4.70000000000000, 0.000000000000000, -2.60000000000000 ) );
#5253 = CARTESIAN_POINT( '', ( -5.70000000000000, 0.000000000000000, -1.60000000000000 ) );
#5254 = VECTOR( '', #5926, 1000.00000000000 );
#5255 = CARTESIAN_POINT( '', ( 4.70000000000000, 0.000000000000000, -2.60000000000000 ) );
#5256 = CARTESIAN_POINT( '', ( -4.70000000000000, 0.000000000000000, -2.60000000000000 ) );
#5257 = VECTOR( '', #5927, 1000.00000000000 );
#5258 = CARTESIAN_POINT( '', ( 4.70000000000000, 0.000000000000000, -2.60000000000000 ) );
#5259 = VECTOR( '', #5928, 1000.00000000000 );
#5260 = CARTESIAN_POINT( '', ( 4.70000000000000, 0.000000000000000, 2.60000000000000 ) );
#5261 = CARTESIAN_POINT( '', ( 5.70000000000000, 0.000000000000000, 1.60000000000000 ) );
#5262 = VECTOR( '', #5929, 1000.00000000000 );
#5263 = CARTESIAN_POINT( '', ( 4.70000000000000, 0.000000000000000, 2.60000000000000 ) );
#5264 = VECTOR( '', #5930, 1000.00000000000 );
#5265 = COLOUR_RGB( '', 0.200000002980232, 0.200000002980232, 0.200000002980232 );
#5266 = CARTESIAN_POINT( '', ( -9.00000000000000, -9.00500000000000, -7.10000000000000 ) );
#5267 = VECTOR( '', #5931, 1000.00000000000 );
#5268 = CARTESIAN_POINT( '', ( 9.00000000000000, -9.66000000000000, -5.58000000000000 ) );
#5269 = VECTOR( '', #5932, 1000.00000000000 );
#5270 = COLOUR_RGB( '', 0.200000002980232, 0.200000002980232, 0.200000002980232 );
#5271 = CARTESIAN_POINT( '', ( 12.5000000000000, -9.00500000000000, -3.32000000000000 ) );
#5272 = VECTOR( '', #5933, 1000.00000000000 );
#5273 = COLOUR_RGB( '', 0.200000002980232, 0.200000002980232, 0.200000002980232 );
#5274 = CARTESIAN_POINT( '', ( 9.00000000000000, 8.35000000000000, 6.00000000000000 ) );
#5275 = VECTOR( '', #5934, 1000.00000000000 );
#5276 = CARTESIAN_POINT( '', ( 9.00000000000000, 9.66000000000000, -5.58000000000000 ) );
#5277 = CARTESIAN_POINT( '', ( 9.00000000000000, 9.66000000000000, -5.58000000000000 ) );
#5278 = VECTOR( '', #5935, 1000.00000000000 );
#5279 = CARTESIAN_POINT( '', ( 9.00000000000000, 9.00500000000000, -5.58000000000000 ) );
#5280 = VECTOR( '', #5936, 1000.00000000000 );
#5281 = COLOUR_RGB( '', 0.200000002980232, 0.200000002980232, 0.200000002980232 );
#5282 = CARTESIAN_POINT( '', ( -8.00000000000000, 8.35000000000000, -7.10000000000000 ) );
#5283 = CARTESIAN_POINT( '', ( 9.00000000000000, 8.35000000000000, -7.10000000000000 ) );
#5284 = VECTOR( '', #5937, 1000.00000000000 );
#5285 = CARTESIAN_POINT( '', ( -8.00000000000000, 9.00500000000000, -7.10000000000000 ) );
#5286 = CARTESIAN_POINT( '', ( -8.00000000000000, 9.00500000000000, -7.10000000000000 ) );
#5287 = VECTOR( '', #5938, 1000.00000000000 );
#5288 = CARTESIAN_POINT( '', ( 9.00000000000000, 9.00500000000000, -7.10000000000000 ) );
#5289 = VECTOR( '', #5939, 1000.00000000000 );
#5290 = COLOUR_RGB( '', 0.200000002980232, 0.200000002980232, 0.200000002980232 );
#5291 = CARTESIAN_POINT( '', ( -4.85000000000000, -8.35000000000000, 2.75000000000000 ) );
#5292 = VECTOR( '', #5940, 1000.00000000000 );
#5293 = COLOUR_RGB( '', 0.200000002980232, 0.200000002980232, 0.200000002980232 );
#5294 = AXIS2_PLACEMENT_3D( '', #5941, #5942, #5943 );
#5295 = AXIS2_PLACEMENT_3D( '', #5944, #5945, #5946 );
#5296 = COLOUR_RGB( '', 0.980000019073486, 0.980000019073486, 0.980000019073486 );
#5297 = CARTESIAN_POINT( '', ( 9.60000000000000, -11.2500000000000, -10.6000000000000 ) );
#5298 = AXIS2_PLACEMENT_3D( '', #5947, #5948, #5949 );
#5299 = COLOUR_RGB( '', 0.200000002980232, 0.200000002980232, 0.200000002980232 );
#5300 = CARTESIAN_POINT( '', ( 9.00000000000000, -8.35000000000000, 4.00000000000000 ) );
#5301 = CARTESIAN_POINT( '', ( 9.00000000000000, -9.00500000000000, 4.00000000000000 ) );
#5302 = VECTOR( '', #5950, 1000.00000000000 );
#5303 = AXIS2_PLACEMENT_3D( '', #5951, #5952, #5953 );
#5304 = COLOUR_RGB( '', 0.200000002980232, 0.200000002980232, 0.200000002980232 );
#5305 = CARTESIAN_POINT( '', ( 4.85000000000000, -8.35000000000000, 2.75000000000000 ) );
#5306 = VECTOR( '', #5954, 1000.00000000000 );
#5307 = COLOUR_RGB( '', 0.980000019073486, 0.980000019073486, 0.980000019073486 );
#5308 = COLOUR_RGB( '', 0.899999976158142, 0.899999976158142, 0.000000000000000 );
#5309 = CARTESIAN_POINT( '', ( -2.87391715208715, 8.35000000000000, 3.30000000000000 ) );
#5310 = CARTESIAN_POINT( '', ( -1.28013640749668, 8.35000000000000, -5.73877976125269 ) );
#5311 = VECTOR( '', #5955, 1000.00000000000 );
#5312 = CARTESIAN_POINT( '', ( -5.07781745930520, 8.35000000000000, 3.30000000000000 ) );
#5313 = VECTOR( '', #5956, 1000.00000000000 );
#5314 = COLOUR_RGB( '', 0.200000002980232, 0.200000002980232, 0.200000002980232 );
#5315 = AXIS2_PLACEMENT_3D( '', #5957, #5958, #5959 );
#5316 = COLOUR_RGB( '', 0.980000019073486, 0.980000019073486, 0.980000019073486 );
#5317 = COLOUR_RGB( '', 0.200000002980232, 0.200000002980232, 0.200000002980232 );
#5318 = CARTESIAN_POINT( '', ( 12.5000000000000, -9.00500000000000, -3.32000000000000 ) );
#5319 = VECTOR( '', #5960, 1000.00000000000 );
#5320 = COLOUR_RGB( '', 0.200000002980232, 0.200000002980232, 0.200000002980232 );
#5321 = CARTESIAN_POINT( '', ( 4.70000000000000, 9.30000000000000, 2.60000000000000 ) );
#5322 = CARTESIAN_POINT( '', ( 5.70000000000000, 9.30000000000000, 1.60000000000000 ) );
#5323 = VECTOR( '', #5961, 1000.00000000000 );
#5324 = CARTESIAN_POINT( '', ( 4.70000000000000, 9.30000000000000, 2.60000000000000 ) );
#5325 = VECTOR( '', #5962, 1000.00000000000 );
#5326 = COLOUR_RGB( '', 0.200000002980232, 0.200000002980232, 0.200000002980232 );
#5327 = CARTESIAN_POINT( '', ( -9.00000000000000, -8.35000000000000, 4.00000000000000 ) );
#5328 = VECTOR( '', #5963, 1000.00000000000 );
#5329 = AXIS2_PLACEMENT_3D( '', #5964, #5965, #5966 );
#5330 = CARTESIAN_POINT( '', ( -7.00000000000000, -8.35000000000000, -5.50000000000000 ) );
#5331 = AXIS2_PLACEMENT_3D( '', #5967, #5968, #5969 );
#5332 = CARTESIAN_POINT( '', ( 7.00000000000000, -8.35000000000000, -5.50000000000000 ) );
#5333 = VECTOR( '', #5970, 1000.00000000000 );
#5334 = CARTESIAN_POINT( '', ( 0.737369994569857, -8.35000000000000, -8.81696105118371 ) );
#5335 = VECTOR( '', #5971, 1000.00000000000 );
#5336 = CARTESIAN_POINT( '', ( 9.00000000000000, -8.35000000000000, -7.10000000000000 ) );
#5337 = VECTOR( '', #5972, 1000.00000000000 );
#5338 = CARTESIAN_POINT( '', ( -9.00000000000000, -8.35000000000000, -7.10000000000000 ) );
#5339 = VECTOR( '', #5973, 1000.00000000000 );
#5340 = CARTESIAN_POINT( '', ( 0.700000000000000, -8.35000000000000, -7.10000000000000 ) );
#5341 = VECTOR( '', #5974, 1000.00000000000 );
#5342 = COLOUR_RGB( '', 0.200000002980232, 0.200000002980232, 0.200000002980232 );
#5343 = CARTESIAN_POINT( '', ( -7.00000000000000, -9.00500000000000, 6.00000000000000 ) );
#5344 = VECTOR( '', #5975, 1000.00000000000 );
#5345 = COLOUR_RGB( '', 0.200000002980232, 0.200000002980232, 0.200000002980232 );
#5346 = AXIS2_PLACEMENT_3D( '', #5976, #5977, #5978 );
#5347 = CARTESIAN_POINT( '', ( -1.28013640749668, 8.35000000000000, -5.73877976125269 ) );
#5348 = VECTOR( '', #5979, 1000.00000000000 );
#5349 = CARTESIAN_POINT( '', ( -9.00000000000000, 8.35000000000000, 6.00000000000000 ) );
#5350 = VECTOR( '', #5980, 1000.00000000000 );
#5351 = CARTESIAN_POINT( '', ( -4.30000000000000, 8.35000000000000, -5.58000000000000 ) );
#5352 = CARTESIAN_POINT( '', ( -9.00000000000000, 8.35000000000000, -5.58000000000000 ) );
#5353 = VECTOR( '', #5981, 1000.00000000000 );
#5354 = CARTESIAN_POINT( '', ( -4.30000000000000, 8.35000000000000, -6.62000000000000 ) );
#5355 = CARTESIAN_POINT( '', ( -4.30000000000000, 8.35000000000000, -7.10000000000000 ) );
#5356 = VECTOR( '', #5982, 1000.00000000000 );
#5357 = CARTESIAN_POINT( '', ( -9.00000000000000, 8.35000000000000, -6.62000000000000 ) );
#5358 = VECTOR( '', #5983, 1000.00000000000 );
#5359 = CARTESIAN_POINT( '', ( -9.00000000000000, 8.35000000000000, -5.58000000000000 ) );
#5360 = VECTOR( '', #5984, 1000.00000000000 );
#5361 = CARTESIAN_POINT( '', ( -9.00000000000000, 8.35000000000000, -6.62000000000000 ) );
#5362 = VECTOR( '', #5985, 1000.00000000000 );
#5363 = CARTESIAN_POINT( '', ( 5.70000000000000, 8.35000000000000, -5.58000000000000 ) );
#5364 = CARTESIAN_POINT( '', ( -9.00000000000000, 8.35000000000000, -5.58000000000000 ) );
#5365 = VECTOR( '', #5986, 1000.00000000000 );
#5366 = CARTESIAN_POINT( '', ( 5.70000000000000, 8.35000000000000, -7.10000000000000 ) );
#5367 = VECTOR( '', #5987, 1000.00000000000 );
#5368 = AXIS2_PLACEMENT_3D( '', #5988, #5989, #5990 );
#5369 = CARTESIAN_POINT( '', ( -7.00000000000000, 8.35000000000000, -5.50000000000000 ) );
#5370 = CARTESIAN_POINT( '', ( 7.00000000000000, 8.35000000000000, -5.50000000000000 ) );
#5371 = VECTOR( '', #5991, 1000.00000000000 );
#5372 = AXIS2_PLACEMENT_3D( '', #5992, #5993, #5994 );
#5373 = COLOUR_RGB( '', 0.200000002980232, 0.200000002980232, 0.200000002980232 );
#5374 = CARTESIAN_POINT( '', ( -4.70000000000000, 9.30000000000000, -2.60000000000000 ) );
#5375 = VECTOR( '', #5995, 1000.00000000000 );
#5376 = CARTESIAN_POINT( '', ( -4.70000000000000, 12.5000000000000, -2.60000000000000 ) );
#5377 = VECTOR( '', #5996, 1000.00000000000 );
#5378 = CARTESIAN_POINT( '', ( 4.70000000000000, 9.30000000000000, -2.60000000000000 ) );
#5379 = VECTOR( '', #5997, 1000.00000000000 );
#5380 = COLOUR_RGB( '', 0.200000002980232, 0.200000002980232, 0.200000002980232 );
#5381 = COLOUR_RGB( '', 0.200000002980232, 0.200000002980232, 0.200000002980232 );
#5382 = CARTESIAN_POINT( '', ( -5.70000000000000, 9.30000000000000, -1.60000000000000 ) );
#5383 = VECTOR( '', #5998, 1000.00000000000 );
#5384 = COLOUR_RGB( '', 0.200000002980232, 0.200000002980232, 0.200000002980232 );
#5385 = COLOUR_RGB( '', 0.200000002980232, 0.200000002980232, 0.200000002980232 );
#5386 = CARTESIAN_POINT( '', ( -12.5000000000000, 12.5000000000000, -3.20000000000000 ) );
#5387 = CARTESIAN_POINT( '', ( -12.5000000000000, 12.5000000000000, -3.20000000000000 ) );
#5388 = VECTOR( '', #5999, 1000.00000000000 );
#5389 = CARTESIAN_POINT( '', ( -12.5000000000000, 12.5000000000000, 5.90000000000000 ) );
#5390 = VECTOR( '', #6000, 1000.00000000000 );
#5391 = CARTESIAN_POINT( '', ( -4.21728036748126, 12.5000000000000, 3.20000000000000 ) );
#5392 = VECTOR( '', #6001, 1000.00000000000 );
#5393 = COLOUR_RGB( '', 0.200000002980232, 0.200000002980232, 0.200000002980232 );
#5394 = CARTESIAN_POINT( '', ( -4.21728036748126, 9.30000000000000, 3.20000000000000 ) );
#5395 = VECTOR( '', #6002, 1000.00000000000 );
#5396 = COLOUR_RGB( '', 0.200000002980232, 0.200000002980232, 0.200000002980232 );
#5397 = CARTESIAN_POINT( '', ( 4.70000000000000, 9.30000000000000, 2.60000000000000 ) );
#5398 = VECTOR( '', #6003, 1000.00000000000 );
#5399 = COLOUR_RGB( '', 0.200000002980232, 0.200000002980232, 0.200000002980232 );
#5400 = CARTESIAN_POINT( '', ( 0.737369994569857, -8.35000000000000, -8.81696105118371 ) );
#5401 = VECTOR( '', #6004, 1000.00000000000 );
#5402 = COLOUR_RGB( '', 0.200000002980232, 0.200000002980232, 0.200000002980232 );
#5403 = CARTESIAN_POINT( '', ( -12.5000000000000, 0.000000000000000, -3.20000000000000 ) );
#5404 = CARTESIAN_POINT( '', ( -12.5000000000000, 12.5000000000000, -3.20000000000000 ) );
#5405 = VECTOR( '', #6005, 1000.00000000000 );
#5406 = CARTESIAN_POINT( '', ( -12.5000000000000, 0.000000000000000, 5.90000000000000 ) );
#5407 = VECTOR( '', #6006, 1000.00000000000 );
#5408 = COLOUR_RGB( '', 0.200000002980232, 0.200000002980232, 0.200000002980232 );
#5409 = COLOUR_RGB( '', 0.200000002980232, 0.200000002980232, 0.200000002980232 );
#5410 = CARTESIAN_POINT( '', ( 5.70000000000000, 9.66000000000000, -5.58000000000000 ) );
#5411 = CARTESIAN_POINT( '', ( 5.70000000000000, 9.66000000000000, -5.58000000000000 ) );
#5412 = VECTOR( '', #6007, 1000.00000000000 );
#5413 = CARTESIAN_POINT( '', ( 9.00000000000000, 9.66000000000000, -5.58000000000000 ) );
#5414 = VECTOR( '', #6008, 1000.00000000000 );
#5415 = COLOUR_RGB( '', 0.899999976158142, 0.899999976158142, 0.000000000000000 );
#5416 = COLOUR_RGB( '', 0.200000002980232, 0.200000002980232, 0.200000002980232 );
#5417 = CARTESIAN_POINT( '', ( 5.70000000000000, 38.2461252939432, -5.58000000000000 ) );
#5418 = VECTOR( '', #6009, 1000.00000000000 );
#5419 = COLOUR_RGB( '', 0.200000002980232, 0.200000002980232, 0.200000002980232 );
#5420 = COLOUR_RGB( '', 0.980000019073486, 0.980000019073486, 0.980000019073486 );
#5421 = COLOUR_RGB( '', 0.980000019073486, 0.980000019073486, 0.980000019073486 );
#5422 = COLOUR_RGB( '', 0.980000019073486, 0.980000019073486, 0.980000019073486 );
#5423 = CARTESIAN_POINT( '', ( -0.300000000000000, 11.2500000000000, -5.58000000000000 ) );
#5424 = AXIS2_PLACEMENT_3D( '', #6010, #6011, #6012 );
#5425 = COLOUR_RGB( '', 0.200000002980232, 0.200000002980232, 0.200000002980232 );
#5426 = CARTESIAN_POINT( '', ( -1.28013640749668, -8.35000000000000, -5.73877976125269 ) );
#5427 = VECTOR( '', #6013, 1000.00000000000 );
#5428 = COLOUR_RGB( '', 0.980000019073486, 0.980000019073486, 0.980000019073486 );
#5429 = CARTESIAN_POINT( '', ( 10.3000000000000, 11.2500000000000, -7.10000000000000 ) );
#5430 = AXIS2_PLACEMENT_3D( '', #6014, #6015, #6016 );
#5431 = CARTESIAN_POINT( '', ( 9.70000000000000, 11.2500000000000, -5.58000000000000 ) );
#5432 = AXIS2_PLACEMENT_3D( '', #6017, #6018, #6019 );
#5433 = COLOUR_RGB( '', 0.200000002980232, 0.200000002980232, 0.200000002980232 );
#5434 = CARTESIAN_POINT( '', ( -12.5000000000000, 9.30000000000000, -3.20000000000000 ) );
#5435 = VECTOR( '', #6020, 1000.00000000000 );
#5436 = CARTESIAN_POINT( '', ( -12.5000000000000, 0.000000000000000, -3.20000000000000 ) );
#5437 = VECTOR( '', #6021, 1000.00000000000 );
#5438 = COLOUR_RGB( '', 0.980000019073486, 0.980000019073486, 0.980000019073486 );
#5439 = CARTESIAN_POINT( '', ( 4.60000000000000, 11.2500000000000, -7.10000000000000 ) );
#5440 = AXIS2_PLACEMENT_3D( '', #6022, #6023, #6024 );
#5441 = COLOUR_RGB( '', 0.980000019073486, 0.980000019073486, 0.980000019073486 );
#5442 = COLOUR_RGB( '', 0.980000019073486, 0.980000019073486, 0.980000019073486 );
#5443 = COLOUR_RGB( '', 0.200000002980232, 0.200000002980232, 0.200000002980232 );
#5444 = CARTESIAN_POINT( '', ( 9.00000000000000, 9.66000000000000, -5.58000000000000 ) );
#5445 = VECTOR( '', #6025, 1000.00000000000 );
#5446 = CARTESIAN_POINT( '', ( -4.30000000000000, 38.2461252939432, -5.58000000000000 ) );
#5447 = VECTOR( '', #6026, 1000.00000000000 );
#5448 = CARTESIAN_POINT( '', ( 9.00000000000000, 9.66000000000000, -5.58000000000000 ) );
#5449 = VECTOR( '', #6027, 1000.00000000000 );
#5450 = CARTESIAN_POINT( '', ( -12.5000000000000, 9.00500000000000, -5.58000000000000 ) );
#5451 = CARTESIAN_POINT( '', ( 12.5000000000000, 9.00500000000000, -5.58000000000000 ) );
#5452 = VECTOR( '', #6028, 1000.00000000000 );
#5453 = CARTESIAN_POINT( '', ( -12.5000000000000, 12.9050000000000, -5.58000000000000 ) );
#5454 = VECTOR( '', #6029, 1000.00000000000 );
#5455 = CARTESIAN_POINT( '', ( -5.30000000000000, 11.2500000000000, -5.58000000000000 ) );
#5456 = AXIS2_PLACEMENT_3D( '', #6030, #6031, #6032 );
#5457 = COLOUR_RGB( '', 0.899999976158142, 0.899999976158142, 0.000000000000000 );
#5458 = CARTESIAN_POINT( '', ( -7.00000000000000, -8.35000000000000, -5.50000000000000 ) );
#5459 = VECTOR( '', #6033, 1000.00000000000 );
#5460 = COLOUR_RGB( '', 0.200000002980232, 0.200000002980232, 0.200000002980232 );
#5461 = COLOUR_RGB( '', 0.200000002980232, 0.200000002980232, 0.200000002980232 );
#5462 = COLOUR_RGB( '', 0.200000002980232, 0.200000002980232, 0.200000002980232 );
#5463 = COLOUR_RGB( '', 0.980000019073486, 0.980000019073486, 0.980000019073486 );
#5464 = COLOUR_RGB( '', 0.980000019073486, 0.980000019073486, 0.980000019073486 );
#5465 = CARTESIAN_POINT( '', ( -4.70000000000000, 11.2500000000000, -7.10000000000000 ) );
#5466 = AXIS2_PLACEMENT_3D( '', #6034, #6035, #6036 );
#5467 = COLOUR_RGB( '', 0.200000002980232, 0.200000002980232, 0.200000002980232 );
#5468 = CARTESIAN_POINT( '', ( 9.00000000000000, 9.21184210526316, -6.62000000000000 ) );
#5469 = VECTOR( '', #6037, 1000.00000000000 );
#5470 = COLOUR_RGB( '', 0.200000002980232, 0.200000002980232, 0.200000002980232 );
#5471 = CARTESIAN_POINT( '', ( 4.70000000000000, 9.30000000000000, -2.60000000000000 ) );
#5472 = VECTOR( '', #6038, 1000.00000000000 );
#5473 = COLOUR_RGB( '', 0.200000002980232, 0.200000002980232, 0.200000002980232 );
#5474 = CARTESIAN_POINT( '', ( -2.87391715208715, 28.6351200451474, 3.30000000000000 ) );
#5475 = VECTOR( '', #6039, 1000.00000000000 );
#5476 = COLOUR_RGB( '', 0.200000002980232, 0.200000002980232, 0.200000002980232 );
#5477 = CARTESIAN_POINT( '', ( -4.30000000000000, 38.2461252939432, -6.62000000000000 ) );
#5478 = VECTOR( '', #6040, 1000.00000000000 );
#5479 = COLOUR_RGB( '', 0.200000002980232, 0.200000002980232, 0.200000002980232 );
#5480 = COLOUR_RGB( '', 0.200000002980232, 0.200000002980232, 0.200000002980232 );
#5481 = COLOUR_RGB( '', 0.980000019073486, 0.980000019073486, 0.980000019073486 );
#5482 = COLOUR_RGB( '', 0.200000002980232, 0.200000002980232, 0.200000002980232 );
#5483 = CARTESIAN_POINT( '', ( -12.5000000000000, 9.00500000000000, -5.58000000000000 ) );
#5484 = VECTOR( '', #6041, 1000.00000000000 );
#5485 = COLOUR_RGB( '', 0.200000002980232, 0.200000002980232, 0.200000002980232 );
#5486 = COLOUR_RGB( '', 0.200000002980232, 0.200000002980232, 0.200000002980232 );
#5487 = COLOUR_RGB( '', 0.980000019073486, 0.980000019073486, 0.980000019073486 );
#5488 = COLOUR_RGB( '', 0.200000002980232, 0.200000002980232, 0.200000002980232 );
#5489 = COLOUR_RGB( '', 0.200000002980232, 0.200000002980232, 0.200000002980232 );
#5490 = COLOUR_RGB( '', 0.980000019073486, 0.980000019073486, 0.980000019073486 );
#5491 = COLOUR_RGB( '', 0.980000019073486, 0.980000019073486, 0.980000019073486 );
#5492 = COLOUR_RGB( '', 0.899999976158142, 0.899999976158142, 0.000000000000000 );
#5493 = COLOUR_RGB( '', 0.200000002980232, 0.200000002980232, 0.200000002980232 );
#5494 = COLOUR_RGB( '', 0.200000002980232, 0.200000002980232, 0.200000002980232 );
#5495 = COLOUR_RGB( '', 0.200000002980232, 0.200000002980232, 0.200000002980232 );
#5496 = COLOUR_RGB( '', 0.200000002980232, 0.200000002980232, 0.200000002980232 );
#5497 = COLOUR_RGB( '', 0.200000002980232, 0.200000002980232, 0.200000002980232 );
#5498 = COLOUR_RGB( '', 0.899999976158142, 0.899999976158142, 0.000000000000000 );
#5499 = COLOUR_RGB( '', 0.980000019073486, 0.980000019073486, 0.980000019073486 );
#5500 = DIRECTION( '', ( 0.707106781186548, 0.000000000000000, 0.707106781186548 ) );
#5501 = DIRECTION( '', ( 0.000000000000000, -1.00000000000000, 0.000000000000000 ) );
#5502 = DIRECTION( '', ( 0.707106781186548, 0.000000000000000, 0.707106781186548 ) );
#5503 = DIRECTION( '', ( 0.000000000000000, -1.00000000000000, 0.000000000000000 ) );
#5504 = DIRECTION( '', ( 0.000000000000000, -1.00000000000000, 0.000000000000000 ) );
#5505 = DIRECTION( '', ( 1.04809475687251E-015, -0.395741497280961, -0.918361947888643 ) );
#5506 = DIRECTION( '', ( 0.000000000000000, -1.00000000000000, 0.000000000000000 ) );
#5507 = DIRECTION( '', ( 1.14126544472158E-015, 0.000000000000000, -1.00000000000000 ) );
#5508 = CARTESIAN_POINT( '', ( 5.00000000000000, 11.2500000000000, -7.10000000000000 ) );
#5509 = DIRECTION( '', ( 0.000000000000000, 0.000000000000000, 1.00000000000000 ) );
#5510 = DIRECTION( '', ( 1.00000000000000, 0.000000000000000, 0.000000000000000 ) );
#5511 = CARTESIAN_POINT( '', ( 5.00000000000000, 11.2500000000000, -5.58000000000000 ) );
#5512 = DIRECTION( '', ( 0.000000000000000, 0.000000000000000, -1.00000000000000 ) );
#5513 = DIRECTION( '', ( -1.00000000000000, 0.000000000000000, 0.000000000000000 ) );
#5514 = DIRECTION( '', ( -0.707106781186548, 0.000000000000000, -0.707106781186548 ) );
#5515 = DIRECTION( '', ( 0.000000000000000, 0.000000000000000, -1.00000000000000 ) );
#5516 = DIRECTION( '', ( 0.707106781186547, 0.000000000000000, -0.707106781186548 ) );
#5517 = DIRECTION( '', ( 1.00000000000000, 0.000000000000000, 1.34128103812640E-016 ) );
#5518 = DIRECTION( '', ( 0.707106781186546, 0.000000000000000, 0.707106781186549 ) );
#5519 = DIRECTION( '', ( 0.000000000000000, 0.000000000000000, 1.00000000000000 ) );
#5520 = DIRECTION( '', ( -0.707106781186547, 0.000000000000000, 0.707106781186548 ) );
#5521 = DIRECTION( '', ( -1.00000000000000, 0.000000000000000, 0.000000000000000 ) );
#5522 = DIRECTION( '', ( 1.32421639387543E-016, 0.000000000000000, -1.00000000000000 ) );
#5523 = DIRECTION( '', ( -1.00000000000000, 0.000000000000000, 0.000000000000000 ) );
#5524 = DIRECTION( '', ( -1.32421639387543E-016, 0.000000000000000, 1.00000000000000 ) );
#5525 = CARTESIAN_POINT( '', ( -7.00000000000000, 9.00500000000000, 4.00000000000000 ) );
#5526 = DIRECTION( '', ( 0.000000000000000, 1.00000000000000, 0.000000000000000 ) );
#5527 = DIRECTION( '', ( 0.000000000000000, 0.000000000000000, 1.00000000000000 ) );
#5528 = DIRECTION( '', ( 1.00000000000000, 0.000000000000000, 0.000000000000000 ) );
#5529 = CARTESIAN_POINT( '', ( -3.76954981558864, 9.00500000000000, 5.50000000000000 ) );
#5530 = DIRECTION( '', ( 0.000000000000000, 1.00000000000000, 0.000000000000000 ) );
#5531 = DIRECTION( '', ( 0.000000000000000, 0.000000000000000, 1.00000000000000 ) );
#5532 = DIRECTION( '', ( -0.173648177666931, 0.000000000000000, 0.984807753012208 ) );
#5533 = DIRECTION( '', ( -1.00000000000000, 0.000000000000000, 0.000000000000000 ) );
#5534 = DIRECTION( '', ( -0.173648177666931, 0.000000000000000, -0.984807753012208 ) );
#5535 = CARTESIAN_POINT( '', ( 3.76954981558864, 9.00500000000000, 5.50000000000000 ) );
#5536 = DIRECTION( '', ( 0.000000000000000, 1.00000000000000, 0.000000000000000 ) );
#5537 = DIRECTION( '', ( 0.000000000000000, 0.000000000000000, 1.00000000000000 ) );
#5538 = DIRECTION( '', ( 1.00000000000000, 0.000000000000000, 0.000000000000000 ) );
#5539 = CARTESIAN_POINT( '', ( 7.00000000000000, 9.00500000000000, 4.00000000000000 ) );
#5540 = DIRECTION( '', ( 0.000000000000000, 1.00000000000000, 0.000000000000000 ) );
#5541 = DIRECTION( '', ( 0.000000000000000, 0.000000000000000, 1.00000000000000 ) );
#5542 = CARTESIAN_POINT( '', ( -3.76954981558864, -9.00500000000000, 5.50000000000000 ) );
#5543 = DIRECTION( '', ( 0.000000000000000, -1.00000000000000, 0.000000000000000 ) );
#5544 = DIRECTION( '', ( 0.000000000000000, 0.000000000000000, -1.00000000000000 ) );
#5545 = DIRECTION( '', ( 0.000000000000000, 1.00000000000000, 0.000000000000000 ) );
#5546 = CARTESIAN_POINT( '', ( -3.76954981558864, -8.35000000000000, 5.50000000000000 ) );
#5547 = DIRECTION( '', ( 0.000000000000000, -1.00000000000000, 0.000000000000000 ) );
#5548 = DIRECTION( '', ( 0.000000000000000, 0.000000000000000, -1.00000000000000 ) );
#5549 = DIRECTION( '', ( 0.000000000000000, 1.00000000000000, 0.000000000000000 ) );
#5550 = CARTESIAN_POINT( '', ( -10.0000000000000, 11.2500000000000, -7.10000000000000 ) );
#5551 = DIRECTION( '', ( 0.000000000000000, 0.000000000000000, 1.00000000000000 ) );
#5552 = DIRECTION( '', ( 1.00000000000000, 0.000000000000000, 0.000000000000000 ) );
#5553 = CARTESIAN_POINT( '', ( -10.0000000000000, 11.2500000000000, -5.58000000000000 ) );
#5554 = DIRECTION( '', ( 0.000000000000000, 0.000000000000000, -1.00000000000000 ) );
#5555 = DIRECTION( '', ( -1.00000000000000, 0.000000000000000, 0.000000000000000 ) );
#5556 = DIRECTION( '', ( -1.00000000000000, 0.000000000000000, 0.000000000000000 ) );
#5557 = DIRECTION( '', ( -1.32421639387543E-016, 0.000000000000000, 1.00000000000000 ) );
#5558 = CARTESIAN_POINT( '', ( 7.00000000000000, -9.00500000000000, 4.00000000000000 ) );
#5559 = DIRECTION( '', ( 0.000000000000000, -1.00000000000000, 0.000000000000000 ) );
#5560 = DIRECTION( '', ( 0.000000000000000, 0.000000000000000, -1.00000000000000 ) );
#5561 = DIRECTION( '', ( -1.00000000000000, 0.000000000000000, 0.000000000000000 ) );
#5562 = CARTESIAN_POINT( '', ( 3.76954981558864, -9.00500000000000, 5.50000000000000 ) );
#5563 = DIRECTION( '', ( 0.000000000000000, -1.00000000000000, 0.000000000000000 ) );
#5564 = DIRECTION( '', ( 0.000000000000000, 0.000000000000000, -1.00000000000000 ) );
#5565 = DIRECTION( '', ( -0.173648177666931, 0.000000000000000, -0.984807753012208 ) );
#5566 = DIRECTION( '', ( -1.00000000000000, 0.000000000000000, 0.000000000000000 ) );
#5567 = DIRECTION( '', ( -0.173648177666931, 0.000000000000000, 0.984807753012208 ) );
#5568 = DIRECTION( '', ( -1.00000000000000, 0.000000000000000, 0.000000000000000 ) );
#5569 = DIRECTION( '', ( 0.707106781186548, 0.000000000000000, 0.707106781186547 ) );
#5570 = DIRECTION( '', ( 1.32421639387543E-016, 0.000000000000000, -1.00000000000000 ) );
#5571 = DIRECTION( '', ( -1.00000000000000, 0.000000000000000, -1.34128103812640E-016 ) );
#5572 = DIRECTION( '', ( -0.707106781186547, 0.000000000000000, 0.707106781186548 ) );
#5573 = DIRECTION( '', ( 0.000000000000000, 0.000000000000000, 1.00000000000000 ) );
#5574 = DIRECTION( '', ( 0.707106781186548, 0.000000000000000, 0.707106781186547 ) );
#5575 = DIRECTION( '', ( 1.00000000000000, 0.000000000000000, 0.000000000000000 ) );
#5576 = DIRECTION( '', ( 0.707106781186547, 0.000000000000000, -0.707106781186548 ) );
#5577 = DIRECTION( '', ( 0.000000000000000, 0.000000000000000, -1.00000000000000 ) );
#5578 = DIRECTION( '', ( -0.707106781186546, 0.000000000000000, -0.707106781186549 ) );
#5579 = DIRECTION( '', ( -1.00000000000000, 0.000000000000000, 0.000000000000000 ) );
#5580 = DIRECTION( '', ( 1.32421639387543E-016, 0.000000000000000, -1.00000000000000 ) );
#5581 = DIRECTION( '', ( -1.00000000000000, 0.000000000000000, 0.000000000000000 ) );
#5582 = DIRECTION( '', ( 0.000000000000000, 0.000000000000000, 1.00000000000000 ) );
#5583 = CARTESIAN_POINT( '', ( 5.00000000000000, -11.2500000000000, -7.10000000000000 ) );
#5584 = DIRECTION( '', ( 0.000000000000000, 0.000000000000000, 1.00000000000000 ) );
#5585 = DIRECTION( '', ( -1.00000000000000, 0.000000000000000, 0.000000000000000 ) );
#5586 = CARTESIAN_POINT( '', ( 5.00000000000000, -11.2500000000000, -7.10000000000000 ) );
#5587 = DIRECTION( '', ( 0.000000000000000, 0.000000000000000, 1.00000000000000 ) );
#5588 = DIRECTION( '', ( 1.00000000000000, 0.000000000000000, 0.000000000000000 ) );
#5589 = DIRECTION( '', ( 0.000000000000000, 1.00000000000000, 0.000000000000000 ) );
#5590 = DIRECTION( '', ( 0.000000000000000, 1.00000000000000, 0.000000000000000 ) );
#5591 = CARTESIAN_POINT( '', ( -10.5000000000000, 10.9050000000000, -3.32000000000000 ) );
#5592 = DIRECTION( '', ( 0.000000000000000, 0.000000000000000, 1.00000000000000 ) );
#5593 = DIRECTION( '', ( 1.00000000000000, 0.000000000000000, 0.000000000000000 ) );
#5594 = DIRECTION( '', ( 0.000000000000000, 0.000000000000000, -1.00000000000000 ) );
#5595 = CARTESIAN_POINT( '', ( -10.5000000000000, 10.9050000000000, -5.58000000000000 ) );
#5596 = DIRECTION( '', ( 0.000000000000000, 0.000000000000000, -1.00000000000000 ) );
#5597 = DIRECTION( '', ( -1.00000000000000, 0.000000000000000, 0.000000000000000 ) );
#5598 = DIRECTION( '', ( 0.000000000000000, 0.000000000000000, -1.00000000000000 ) );
#5599 = CARTESIAN_POINT( '', ( 10.0000000000000, 11.2500000000000, -7.10000000000000 ) );
#5600 = DIRECTION( '', ( 0.000000000000000, 0.000000000000000, 1.00000000000000 ) );
#5601 = DIRECTION( '', ( -1.00000000000000, 0.000000000000000, 0.000000000000000 ) );
#5602 = CARTESIAN_POINT( '', ( 10.0000000000000, 11.2500000000000, -10.6000000000000 ) );
#5603 = DIRECTION( '', ( 0.000000000000000, 0.000000000000000, 1.00000000000000 ) );
#5604 = DIRECTION( '', ( -1.00000000000000, 0.000000000000000, 0.000000000000000 ) );
#5605 = DIRECTION( '', ( 0.000000000000000, 1.00000000000000, 0.000000000000000 ) );
#5606 = DIRECTION( '', ( 1.00000000000000, 0.000000000000000, -4.27034717641802E-017 ) );
#5607 = DIRECTION( '', ( 0.000000000000000, 1.00000000000000, 0.000000000000000 ) );
#5608 = CARTESIAN_POINT( '', ( 7.00000000000000, 8.35000000000000, -4.00000000000000 ) );
#5609 = DIRECTION( '', ( -0.000000000000000, 1.00000000000000, 0.000000000000000 ) );
#5610 = DIRECTION( '', ( 1.00000000000000, 0.000000000000000, 0.000000000000000 ) );
#5611 = DIRECTION( '', ( 0.000000000000000, 1.00000000000000, 0.000000000000000 ) );
#5612 = CARTESIAN_POINT( '', ( 7.00000000000000, -8.35000000000000, -4.00000000000000 ) );
#5613 = DIRECTION( '', ( -0.000000000000000, 1.00000000000000, 0.000000000000000 ) );
#5614 = DIRECTION( '', ( 1.00000000000000, 0.000000000000000, 0.000000000000000 ) );
#5615 = DIRECTION( '', ( 0.000000000000000, 1.00000000000000, 0.000000000000000 ) );
#5616 = DIRECTION( '', ( 5.24047378436256E-016, 0.395741497280961, -0.918361947888643 ) );
#5617 = DIRECTION( '', ( 0.000000000000000, 1.00000000000000, 0.000000000000000 ) );
#5618 = DIRECTION( '', ( -5.70632722360792E-016, 0.000000000000000, 1.00000000000000 ) );
#5619 = DIRECTION( '', ( 0.000000000000000, 1.00000000000000, 0.000000000000000 ) );
#5620 = DIRECTION( '', ( 0.000000000000000, 1.00000000000000, 0.000000000000000 ) );
#5621 = CARTESIAN_POINT( '', ( 3.76954981558864, -8.35000000000000, 5.50000000000000 ) );
#5622 = DIRECTION( '', ( 0.000000000000000, -1.00000000000000, 0.000000000000000 ) );
#5623 = DIRECTION( '', ( 0.000000000000000, 0.000000000000000, -1.00000000000000 ) );
#5624 = DIRECTION( '', ( 0.000000000000000, 1.00000000000000, 0.000000000000000 ) );
#5625 = DIRECTION( '', ( 0.000000000000000, -1.00000000000000, 0.000000000000000 ) );
#5626 = CARTESIAN_POINT( '', ( -3.76954981558864, 8.35000000000000, 5.50000000000000 ) );
#5627 = DIRECTION( '', ( 0.000000000000000, 1.00000000000000, 0.000000000000000 ) );
#5628 = DIRECTION( '', ( 0.000000000000000, 0.000000000000000, 1.00000000000000 ) );
#5629 = DIRECTION( '', ( 0.000000000000000, -1.00000000000000, 0.000000000000000 ) );
#5630 = CARTESIAN_POINT( '', ( -10.0000000000000, 11.2500000000000, -7.10000000000000 ) );
#5631 = DIRECTION( '', ( 0.000000000000000, 0.000000000000000, 1.00000000000000 ) );
#5632 = DIRECTION( '', ( -1.00000000000000, 0.000000000000000, 0.000000000000000 ) );
#5633 = CARTESIAN_POINT( '', ( -10.0000000000000, 11.2500000000000, -10.6000000000000 ) );
#5634 = DIRECTION( '', ( 0.000000000000000, 0.000000000000000, 1.00000000000000 ) );
#5635 = DIRECTION( '', ( -1.00000000000000, 0.000000000000000, 0.000000000000000 ) );
#5636 = DIRECTION( '', ( 6.12303176911189E-017, 1.00000000000000, 0.000000000000000 ) );
#5637 = DIRECTION( '', ( 0.000000000000000, 0.000000000000000, -1.00000000000000 ) );
#5638 = DIRECTION( '', ( -6.12303176911189E-017, -1.00000000000000, 0.000000000000000 ) );
#5639 = DIRECTION( '', ( 0.000000000000000, 0.000000000000000, 1.00000000000000 ) );
#5640 = CARTESIAN_POINT( '', ( 5.00000000000000, -11.2500000000000, -10.6000000000000 ) );
#5641 = DIRECTION( '', ( 0.000000000000000, 0.000000000000000, 1.00000000000000 ) );
#5642 = DIRECTION( '', ( -1.00000000000000, 0.000000000000000, 0.000000000000000 ) );
#5643 = DIRECTION( '', ( -1.00000000000000, 0.000000000000000, 0.000000000000000 ) );
#5644 = DIRECTION( '', ( 0.000000000000000, 0.000000000000000, -1.00000000000000 ) );
#5645 = DIRECTION( '', ( -1.00000000000000, 0.000000000000000, 0.000000000000000 ) );
#5646 = DIRECTION( '', ( 0.707106781186548, 0.000000000000000, 0.707106781186547 ) );
#5647 = CARTESIAN_POINT( '', ( -7.00000000000000, -8.35000000000000, 4.00000000000000 ) );
#5648 = DIRECTION( '', ( -0.000000000000000, 1.00000000000000, 0.000000000000000 ) );
#5649 = DIRECTION( '', ( 1.00000000000000, 0.000000000000000, 0.000000000000000 ) );
#5650 = DIRECTION( '', ( 0.000000000000000, 1.00000000000000, 0.000000000000000 ) );
#5651 = DIRECTION( '', ( 0.000000000000000, 1.00000000000000, 0.000000000000000 ) );
#5652 = CARTESIAN_POINT( '', ( -5.00000000000000, -11.2500000000000, -7.10000000000000 ) );
#5653 = DIRECTION( '', ( 0.000000000000000, 0.000000000000000, 1.00000000000000 ) );
#5654 = DIRECTION( '', ( 1.00000000000000, 0.000000000000000, 0.000000000000000 ) );
#5655 = CARTESIAN_POINT( '', ( -5.00000000000000, -11.2500000000000, -7.10000000000000 ) );
#5656 = DIRECTION( '', ( 0.000000000000000, 0.000000000000000, 1.00000000000000 ) );
#5657 = DIRECTION( '', ( -1.00000000000000, 0.000000000000000, 0.000000000000000 ) );
#5658 = CARTESIAN_POINT( '', ( 0.000000000000000, 11.2500000000000, -7.10000000000000 ) );
#5659 = DIRECTION( '', ( 0.000000000000000, 0.000000000000000, 1.00000000000000 ) );
#5660 = DIRECTION( '', ( -1.00000000000000, 0.000000000000000, 0.000000000000000 ) );
#5661 = CARTESIAN_POINT( '', ( 0.000000000000000, 11.2500000000000, -10.6000000000000 ) );
#5662 = DIRECTION( '', ( 0.000000000000000, 0.000000000000000, 1.00000000000000 ) );
#5663 = DIRECTION( '', ( -1.00000000000000, 0.000000000000000, 0.000000000000000 ) );
#5664 = DIRECTION( '', ( -2.42313776020723E-017, -0.395741497280961, -0.918361947888643 ) );
#5665 = DIRECTION( '', ( 0.000000000000000, -1.00000000000000, 0.000000000000000 ) );
#5666 = DIRECTION( '', ( -1.32421639387543E-016, 0.000000000000000, 1.00000000000000 ) );
#5667 = DIRECTION( '', ( 0.000000000000000, -1.00000000000000, 0.000000000000000 ) );
#5668 = DIRECTION( '', ( -1.32421639387543E-016, 0.000000000000000, 1.00000000000000 ) );
#5669 = DIRECTION( '', ( 6.12303176911189E-017, 1.00000000000000, 0.000000000000000 ) );
#5670 = DIRECTION( '', ( 0.000000000000000, -1.00000000000000, 0.000000000000000 ) );
#5671 = DIRECTION( '', ( 0.000000000000000, 0.000000000000000, -1.00000000000000 ) );
#5672 = DIRECTION( '', ( 0.000000000000000, -1.00000000000000, 0.000000000000000 ) );
#5673 = DIRECTION( '', ( 0.000000000000000, 0.000000000000000, 1.00000000000000 ) );
#5674 = DIRECTION( '', ( -6.12303176911189E-017, -1.00000000000000, 0.000000000000000 ) );
#5675 = DIRECTION( '', ( 0.000000000000000, 0.000000000000000, -1.00000000000000 ) );
#5676 = DIRECTION( '', ( 6.12303176911189E-017, 1.00000000000000, 0.000000000000000 ) );
#5677 = DIRECTION( '', ( -1.00000000000000, 0.000000000000000, -4.75266705747070E-016 ) );
#5678 = DIRECTION( '', ( 0.000000000000000, -1.00000000000000, 0.000000000000000 ) );
#5679 = DIRECTION( '', ( -1.00000000000000, 0.000000000000000, -4.75266705747070E-016 ) );
#5680 = DIRECTION( '', ( 0.000000000000000, -1.00000000000000, 0.000000000000000 ) );
#5681 = DIRECTION( '', ( 1.00000000000000, 0.000000000000000, -2.75352932694731E-016 ) );
#5682 = CARTESIAN_POINT( '', ( -8.00000000000000, -9.43592105263158, -6.10000000000000 ) );
#5683 = DIRECTION( '', ( 0.000000000000000, 0.918361947888643, 0.395741497280961 ) );
#5684 = DIRECTION( '', ( 0.000000000000000, 0.395741497280961, -0.918361947888643 ) );
#5685 = DIRECTION( '', ( 0.000000000000000, 1.00000000000000, 0.000000000000000 ) );
#5686 = CARTESIAN_POINT( '', ( -8.00000000000000, -8.35000000000000, -6.10000000000000 ) );
#5687 = DIRECTION( '', ( 0.000000000000000, -1.00000000000000, 0.000000000000000 ) );
#5688 = DIRECTION( '', ( 0.000000000000000, 0.000000000000000, -1.00000000000000 ) );
#5689 = DIRECTION( '', ( 0.000000000000000, 1.00000000000000, 0.000000000000000 ) );
#5690 = CARTESIAN_POINT( '', ( 10.5000000000000, -10.9050000000000, -3.32000000000000 ) );
#5691 = DIRECTION( '', ( 0.000000000000000, 0.000000000000000, -1.00000000000000 ) );
#5692 = DIRECTION( '', ( -1.00000000000000, 0.000000000000000, 0.000000000000000 ) );
#5693 = DIRECTION( '', ( 0.000000000000000, 0.000000000000000, -1.00000000000000 ) );
#5694 = CARTESIAN_POINT( '', ( 10.5000000000000, -10.9050000000000, -5.58000000000000 ) );
#5695 = DIRECTION( '', ( 0.000000000000000, 0.000000000000000, 1.00000000000000 ) );
#5696 = DIRECTION( '', ( 1.00000000000000, 0.000000000000000, 0.000000000000000 ) );
#5697 = DIRECTION( '', ( 0.000000000000000, 0.000000000000000, -1.00000000000000 ) );
#5698 = CARTESIAN_POINT( '', ( -10.0000000000000, -11.2500000000000, -7.10000000000000 ) );
#5699 = DIRECTION( '', ( 0.000000000000000, 0.000000000000000, 1.00000000000000 ) );
#5700 = DIRECTION( '', ( 1.00000000000000, 0.000000000000000, 0.000000000000000 ) );
#5701 = CARTESIAN_POINT( '', ( -10.0000000000000, -11.2500000000000, -7.10000000000000 ) );
#5702 = DIRECTION( '', ( 0.000000000000000, 0.000000000000000, 1.00000000000000 ) );
#5703 = DIRECTION( '', ( -1.00000000000000, 0.000000000000000, 0.000000000000000 ) );
#5704 = CARTESIAN_POINT( '', ( -10.0000000000000, -11.2500000000000, -10.6000000000000 ) );
#5705 = DIRECTION( '', ( 0.000000000000000, 0.000000000000000, 1.00000000000000 ) );
#5706 = DIRECTION( '', ( -1.00000000000000, 0.000000000000000, 0.000000000000000 ) );
#5707 = DIRECTION( '', ( 0.707106781186548, 0.000000000000000, -0.707106781186548 ) );
#5708 = DIRECTION( '', ( 0.000000000000000, -1.00000000000000, 0.000000000000000 ) );
#5709 = DIRECTION( '', ( 0.707106781186548, 0.000000000000000, -0.707106781186548 ) );
#5710 = DIRECTION( '', ( 0.000000000000000, -1.00000000000000, 0.000000000000000 ) );
#5711 = DIRECTION( '', ( -1.00000000000000, 0.000000000000000, 0.000000000000000 ) );
#5712 = DIRECTION( '', ( -1.04809475687251E-015, -0.395741497280961, 0.918361947888643 ) );
#5713 = DIRECTION( '', ( -1.00000000000000, 0.000000000000000, 0.000000000000000 ) );
#5714 = DIRECTION( '', ( 5.24047378436256E-016, -0.395741497280961, 0.918361947888643 ) );
#5715 = CARTESIAN_POINT( '', ( -5.00000000000000, -11.2500000000000, -10.6000000000000 ) );
#5716 = DIRECTION( '', ( 0.000000000000000, 0.000000000000000, 1.00000000000000 ) );
#5717 = DIRECTION( '', ( -1.00000000000000, 0.000000000000000, 0.000000000000000 ) );
#5718 = DIRECTION( '', ( 0.000000000000000, 1.00000000000000, 0.000000000000000 ) );
#5719 = DIRECTION( '', ( 0.000000000000000, 0.395741497280961, -0.918361947888643 ) );
#5720 = DIRECTION( '', ( 0.000000000000000, 1.00000000000000, 0.000000000000000 ) );
#5721 = DIRECTION( '', ( 0.000000000000000, 0.000000000000000, 1.00000000000000 ) );
#5722 = DIRECTION( '', ( -1.00000000000000, 0.000000000000000, 0.000000000000000 ) );
#5723 = DIRECTION( '', ( -1.00000000000000, 0.000000000000000, 0.000000000000000 ) );
#5724 = DIRECTION( '', ( 5.24047378436256E-016, -0.395741497280961, 0.918361947888643 ) );
#5725 = CARTESIAN_POINT( '', ( 8.00000000000000, -9.43592105263158, -6.10000000000000 ) );
#5726 = DIRECTION( '', ( 0.000000000000000, 0.918361947888643, 0.395741497280961 ) );
#5727 = DIRECTION( '', ( 0.000000000000000, 0.395741497280961, -0.918361947888643 ) );
#5728 = DIRECTION( '', ( 0.000000000000000, 1.00000000000000, 0.000000000000000 ) );
#5729 = CARTESIAN_POINT( '', ( 8.00000000000000, -8.35000000000000, -6.10000000000000 ) );
#5730 = DIRECTION( '', ( 0.000000000000000, -1.00000000000000, 0.000000000000000 ) );
#5731 = DIRECTION( '', ( 0.000000000000000, 0.000000000000000, -1.00000000000000 ) );
#5732 = DIRECTION( '', ( 0.000000000000000, 1.00000000000000, 0.000000000000000 ) );
#5733 = DIRECTION( '', ( -1.00000000000000, 0.000000000000000, 0.000000000000000 ) );
#5734 = DIRECTION( '', ( -1.00000000000000, 0.000000000000000, 0.000000000000000 ) );
#5735 = DIRECTION( '', ( 0.000000000000000, 0.000000000000000, -1.00000000000000 ) );
#5736 = CARTESIAN_POINT( '', ( 10.0000000000000, -11.2500000000000, -7.10000000000000 ) );
#5737 = DIRECTION( '', ( 0.000000000000000, 0.000000000000000, 1.00000000000000 ) );
#5738 = DIRECTION( '', ( -1.00000000000000, 0.000000000000000, 0.000000000000000 ) );
#5739 = CARTESIAN_POINT( '', ( 10.0000000000000, -11.2500000000000, -7.10000000000000 ) );
#5740 = DIRECTION( '', ( 0.000000000000000, 0.000000000000000, 1.00000000000000 ) );
#5741 = DIRECTION( '', ( 1.00000000000000, 0.000000000000000, 0.000000000000000 ) );
#5742 = DIRECTION( '', ( 1.00000000000000, 0.000000000000000, 0.000000000000000 ) );
#5743 = DIRECTION( '', ( 0.000000000000000, 1.00000000000000, 0.000000000000000 ) );
#5744 = DIRECTION( '', ( 0.000000000000000, -1.00000000000000, 0.000000000000000 ) );
#5745 = CARTESIAN_POINT( '', ( -10.5000000000000, -10.9050000000000, -3.32000000000000 ) );
#5746 = DIRECTION( '', ( 0.000000000000000, 0.000000000000000, -1.00000000000000 ) );
#5747 = DIRECTION( '', ( -1.00000000000000, 0.000000000000000, 0.000000000000000 ) );
#5748 = CARTESIAN_POINT( '', ( -10.5000000000000, -10.9050000000000, -5.58000000000000 ) );
#5749 = DIRECTION( '', ( 0.000000000000000, 0.000000000000000, 1.00000000000000 ) );
#5750 = DIRECTION( '', ( 1.00000000000000, 0.000000000000000, 0.000000000000000 ) );
#5751 = DIRECTION( '', ( -5.70632722360792E-016, 0.000000000000000, 1.00000000000000 ) );
#5752 = DIRECTION( '', ( 0.000000000000000, 1.00000000000000, 0.000000000000000 ) );
#5753 = DIRECTION( '', ( -5.24047378436256E-016, 0.395741497280961, 0.918361947888643 ) );
#5754 = DIRECTION( '', ( 0.000000000000000, -1.00000000000000, 0.000000000000000 ) );
#5755 = DIRECTION( '', ( -1.00000000000000, 0.000000000000000, 0.000000000000000 ) );
#5756 = DIRECTION( '', ( 0.000000000000000, -1.00000000000000, 0.000000000000000 ) );
#5757 = DIRECTION( '', ( -1.00000000000000, 0.000000000000000, 0.000000000000000 ) );
#5758 = DIRECTION( '', ( 0.000000000000000, -1.00000000000000, 0.000000000000000 ) );
#5759 = DIRECTION( '', ( 0.000000000000000, 0.000000000000000, 1.00000000000000 ) );
#5760 = DIRECTION( '', ( 0.000000000000000, 1.00000000000000, 0.000000000000000 ) );
#5761 = DIRECTION( '', ( 0.000000000000000, 0.000000000000000, 1.00000000000000 ) );
#5762 = DIRECTION( '', ( 0.000000000000000, 1.00000000000000, 0.000000000000000 ) );
#5763 = CARTESIAN_POINT( '', ( -7.00000000000000, 8.35000000000000, 4.00000000000000 ) );
#5764 = DIRECTION( '', ( 0.000000000000000, 1.00000000000000, 0.000000000000000 ) );
#5765 = DIRECTION( '', ( 0.000000000000000, 0.000000000000000, 1.00000000000000 ) );
#5766 = DIRECTION( '', ( 0.000000000000000, -1.00000000000000, 0.000000000000000 ) );
#5767 = CARTESIAN_POINT( '', ( 0.000000000000000, -11.2500000000000, -10.6000000000000 ) );
#5768 = DIRECTION( '', ( 0.000000000000000, 0.000000000000000, 1.00000000000000 ) );
#5769 = DIRECTION( '', ( -1.00000000000000, 0.000000000000000, 0.000000000000000 ) );
#5770 = DIRECTION( '', ( 1.00000000000000, 0.000000000000000, 0.000000000000000 ) );
#5771 = DIRECTION( '', ( 0.000000000000000, 1.00000000000000, 0.000000000000000 ) );
#5772 = DIRECTION( '', ( 1.00000000000000, 0.000000000000000, 0.000000000000000 ) );
#5773 = DIRECTION( '', ( 1.00000000000000, 0.000000000000000, 0.000000000000000 ) );
#5774 = DIRECTION( '', ( 1.00000000000000, 0.000000000000000, 0.000000000000000 ) );
#5775 = DIRECTION( '', ( 0.000000000000000, 1.00000000000000, 0.000000000000000 ) );
#5776 = DIRECTION( '', ( 1.00000000000000, 0.000000000000000, 0.000000000000000 ) );
#5777 = DIRECTION( '', ( 1.00000000000000, 0.000000000000000, 0.000000000000000 ) );
#5778 = DIRECTION( '', ( 0.000000000000000, 0.000000000000000, -1.00000000000000 ) );
#5779 = DIRECTION( '', ( 0.000000000000000, -1.00000000000000, 0.000000000000000 ) );
#5780 = DIRECTION( '', ( 0.000000000000000, 0.000000000000000, -1.00000000000000 ) );
#5781 = DIRECTION( '', ( 0.000000000000000, -1.00000000000000, 0.000000000000000 ) );
#5782 = CARTESIAN_POINT( '', ( 0.000000000000000, 11.2500000000000, -7.10000000000000 ) );
#5783 = DIRECTION( '', ( 0.000000000000000, 0.000000000000000, 1.00000000000000 ) );
#5784 = DIRECTION( '', ( 1.00000000000000, 0.000000000000000, 0.000000000000000 ) );
#5785 = DIRECTION( '', ( -1.00000000000000, 0.000000000000000, 4.75266705747070E-016 ) );
#5786 = DIRECTION( '', ( 0.000000000000000, -1.00000000000000, 0.000000000000000 ) );
#5787 = DIRECTION( '', ( -1.00000000000000, 0.000000000000000, -2.75352932694731E-016 ) );
#5788 = DIRECTION( '', ( 0.000000000000000, -1.00000000000000, 0.000000000000000 ) );
#5789 = DIRECTION( '', ( -1.00000000000000, 0.000000000000000, 4.75266705747070E-016 ) );
#5790 = DIRECTION( '', ( 0.000000000000000, -1.00000000000000, 0.000000000000000 ) );
#5791 = CARTESIAN_POINT( '', ( 0.000000000000000, -11.2500000000000, -7.10000000000000 ) );
#5792 = DIRECTION( '', ( 0.000000000000000, 0.000000000000000, 1.00000000000000 ) );
#5793 = DIRECTION( '', ( -1.00000000000000, 0.000000000000000, 0.000000000000000 ) );
#5794 = CARTESIAN_POINT( '', ( 0.000000000000000, -11.2500000000000, -7.10000000000000 ) );
#5795 = DIRECTION( '', ( 0.000000000000000, 0.000000000000000, 1.00000000000000 ) );
#5796 = DIRECTION( '', ( 1.00000000000000, 0.000000000000000, 0.000000000000000 ) );
#5797 = DIRECTION( '', ( -5.24047378436256E-016, -0.395741497280961, -0.918361947888643 ) );
#5798 = DIRECTION( '', ( 0.000000000000000, -1.00000000000000, 0.000000000000000 ) );
#5799 = DIRECTION( '', ( -5.70632722360792E-016, 0.000000000000000, -1.00000000000000 ) );
#5800 = DIRECTION( '', ( 0.000000000000000, -1.00000000000000, 0.000000000000000 ) );
#5801 = DIRECTION( '', ( 0.000000000000000, 1.00000000000000, 0.000000000000000 ) );
#5802 = CARTESIAN_POINT( '', ( 8.00000000000000, 9.43592105263158, -6.10000000000000 ) );
#5803 = DIRECTION( '', ( 0.000000000000000, 0.918361947888643, -0.395741497280961 ) );
#5804 = DIRECTION( '', ( 0.000000000000000, -0.395741497280961, -0.918361947888643 ) );
#5805 = DIRECTION( '', ( 0.000000000000000, -1.00000000000000, 0.000000000000000 ) );
#5806 = CARTESIAN_POINT( '', ( 8.00000000000000, 8.35000000000000, -6.10000000000000 ) );
#5807 = DIRECTION( '', ( 0.000000000000000, 1.00000000000000, 0.000000000000000 ) );
#5808 = DIRECTION( '', ( 0.000000000000000, 0.000000000000000, 1.00000000000000 ) );
#5809 = DIRECTION( '', ( 0.000000000000000, -1.00000000000000, 0.000000000000000 ) );
#5810 = DIRECTION( '', ( 0.000000000000000, -1.00000000000000, 0.000000000000000 ) );
#5811 = DIRECTION( '', ( 0.000000000000000, 0.395741497280961, 0.918361947888643 ) );
#5812 = DIRECTION( '', ( 0.000000000000000, -1.00000000000000, 0.000000000000000 ) );
#5813 = DIRECTION( '', ( 0.000000000000000, 0.000000000000000, 1.00000000000000 ) );
#5814 = DIRECTION( '', ( -0.707106781186547, 0.000000000000000, -0.707106781186548 ) );
#5815 = DIRECTION( '', ( 0.000000000000000, -1.00000000000000, 0.000000000000000 ) );
#5816 = DIRECTION( '', ( -0.707106781186547, 0.000000000000000, -0.707106781186548 ) );
#5817 = DIRECTION( '', ( 1.00000000000000, 0.000000000000000, 0.000000000000000 ) );
#5818 = DIRECTION( '', ( 0.000000000000000, -1.00000000000000, 0.000000000000000 ) );
#5819 = CARTESIAN_POINT( '', ( 10.5000000000000, 10.9050000000000, -3.32000000000000 ) );
#5820 = DIRECTION( '', ( 0.000000000000000, 0.000000000000000, 1.00000000000000 ) );
#5821 = DIRECTION( '', ( 1.00000000000000, 0.000000000000000, 0.000000000000000 ) );
#5822 = DIRECTION( '', ( 6.12303176911189E-017, 1.00000000000000, 0.000000000000000 ) );
#5823 = DIRECTION( '', ( -1.00000000000000, 0.000000000000000, 0.000000000000000 ) );
#5824 = DIRECTION( '', ( -1.00000000000000, 0.000000000000000, 0.000000000000000 ) );
#5825 = DIRECTION( '', ( -1.00000000000000, 0.000000000000000, 0.000000000000000 ) );
#5826 = DIRECTION( '', ( 0.000000000000000, -1.00000000000000, 0.000000000000000 ) );
#5827 = DIRECTION( '', ( -1.00000000000000, 0.000000000000000, 0.000000000000000 ) );
#5828 = DIRECTION( '', ( 0.000000000000000, 1.00000000000000, 0.000000000000000 ) );
#5829 = CARTESIAN_POINT( '', ( -5.00000000000000, 11.2500000000000, -7.10000000000000 ) );
#5830 = DIRECTION( '', ( 0.000000000000000, 0.000000000000000, 1.00000000000000 ) );
#5831 = DIRECTION( '', ( -1.00000000000000, 0.000000000000000, 0.000000000000000 ) );
#5832 = CARTESIAN_POINT( '', ( -5.00000000000000, 11.2500000000000, -10.6000000000000 ) );
#5833 = DIRECTION( '', ( 0.000000000000000, 0.000000000000000, 1.00000000000000 ) );
#5834 = DIRECTION( '', ( -1.00000000000000, 0.000000000000000, 0.000000000000000 ) );
#5835 = DIRECTION( '', ( -1.00000000000000, 0.000000000000000, 0.000000000000000 ) );
#5836 = DIRECTION( '', ( -1.32421639387543E-016, 0.000000000000000, 1.00000000000000 ) );
#5837 = DIRECTION( '', ( -1.00000000000000, 0.000000000000000, 0.000000000000000 ) );
#5838 = DIRECTION( '', ( 0.000000000000000, 0.000000000000000, 1.00000000000000 ) );
#5839 = DIRECTION( '', ( -1.90628953404045E-016, 0.000000000000000, 1.00000000000000 ) );
#5840 = DIRECTION( '', ( 0.000000000000000, -1.00000000000000, 0.000000000000000 ) );
#5841 = DIRECTION( '', ( -1.90628953404044E-016, 0.000000000000000, 1.00000000000000 ) );
#5842 = DIRECTION( '', ( 1.32421639387543E-016, 0.000000000000000, -1.00000000000000 ) );
#5843 = DIRECTION( '', ( 2.42313776020723E-017, 0.395741497280961, -0.918361947888643 ) );
#5844 = DIRECTION( '', ( -6.12303176911189E-017, -1.00000000000000, 0.000000000000000 ) );
#5845 = DIRECTION( '', ( 1.32421639387543E-016, 0.000000000000000, -1.00000000000000 ) );
#5846 = DIRECTION( '', ( 0.000000000000000, 1.00000000000000, 0.000000000000000 ) );
#5847 = DIRECTION( '', ( 1.00000000000000, 0.000000000000000, 0.000000000000000 ) );
#5848 = DIRECTION( '', ( -5.24047378436256E-016, -0.395741497280961, -0.918361947888643 ) );
#5849 = DIRECTION( '', ( -1.00000000000000, 0.000000000000000, 0.000000000000000 ) );
#5850 = DIRECTION( '', ( 0.000000000000000, 0.000000000000000, -1.00000000000000 ) );
#5851 = DIRECTION( '', ( 0.000000000000000, 1.00000000000000, 0.000000000000000 ) );
#5852 = DIRECTION( '', ( 0.000000000000000, 0.000000000000000, -1.00000000000000 ) );
#5853 = DIRECTION( '', ( 1.00000000000000, 0.000000000000000, 1.20466908053945E-016 ) );
#5854 = DIRECTION( '', ( 1.00000000000000, 0.000000000000000, 1.20466908053945E-016 ) );
#5855 = DIRECTION( '', ( -1.00000000000000, 0.000000000000000, 0.000000000000000 ) );
#5856 = DIRECTION( '', ( 0.000000000000000, -1.00000000000000, 0.000000000000000 ) );
#5857 = DIRECTION( '', ( 1.90628953404045E-016, 0.000000000000000, 1.00000000000000 ) );
#5858 = DIRECTION( '', ( 1.90628953404044E-016, 0.000000000000000, 1.00000000000000 ) );
#5859 = DIRECTION( '', ( 0.000000000000000, 0.000000000000000, 1.00000000000000 ) );
#5860 = DIRECTION( '', ( 0.000000000000000, 1.00000000000000, 0.000000000000000 ) );
#5861 = DIRECTION( '', ( 0.000000000000000, 0.395741497280961, -0.918361947888643 ) );
#5862 = DIRECTION( '', ( 0.000000000000000, 1.00000000000000, 0.000000000000000 ) );
#5863 = DIRECTION( '', ( 0.000000000000000, 0.000000000000000, 1.00000000000000 ) );
#5864 = DIRECTION( '', ( 0.000000000000000, -1.00000000000000, 0.000000000000000 ) );
#5865 = DIRECTION( '', ( 0.000000000000000, 0.000000000000000, 1.00000000000000 ) );
#5866 = DIRECTION( '', ( 0.000000000000000, -1.00000000000000, 0.000000000000000 ) );
#5867 = DIRECTION( '', ( -0.173648177666931, 0.000000000000000, -0.984807753012208 ) );
#5868 = DIRECTION( '', ( 0.000000000000000, -1.00000000000000, 0.000000000000000 ) );
#5869 = DIRECTION( '', ( 0.000000000000000, -1.00000000000000, 0.000000000000000 ) );
#5870 = DIRECTION( '', ( -0.173648177666931, 0.000000000000000, -0.984807753012208 ) );
#5871 = DIRECTION( '', ( 0.000000000000000, 1.00000000000000, 0.000000000000000 ) );
#5872 = CARTESIAN_POINT( '', ( 5.00000000000000, 11.2500000000000, -10.6000000000000 ) );
#5873 = DIRECTION( '', ( 0.000000000000000, 0.000000000000000, 1.00000000000000 ) );
#5874 = DIRECTION( '', ( -1.00000000000000, 0.000000000000000, 0.000000000000000 ) );
#5875 = CARTESIAN_POINT( '', ( -7.00000000000000, -8.35000000000000, 4.00000000000000 ) );
#5876 = DIRECTION( '', ( -0.000000000000000, 1.00000000000000, 0.000000000000000 ) );
#5877 = DIRECTION( '', ( 1.00000000000000, 0.000000000000000, 0.000000000000000 ) );
#5878 = DIRECTION( '', ( -0.707106781186548, 0.000000000000000, -0.707106781186547 ) );
#5879 = DIRECTION( '', ( -1.00000000000000, 0.000000000000000, 0.000000000000000 ) );
#5880 = DIRECTION( '', ( -0.173648177666931, 0.000000000000000, 0.984807753012208 ) );
#5881 = DIRECTION( '', ( 1.00000000000000, 0.000000000000000, 0.000000000000000 ) );
#5882 = DIRECTION( '', ( 1.00000000000000, 0.000000000000000, 0.000000000000000 ) );
#5883 = DIRECTION( '', ( -0.342020143325668, 0.000000000000000, -0.939692620785909 ) );
#5884 = DIRECTION( '', ( -0.342020143325668, 0.000000000000000, -0.939692620785909 ) );
#5885 = DIRECTION( '', ( -5.70632722360792E-016, 0.000000000000000, -1.00000000000000 ) );
#5886 = DIRECTION( '', ( 0.000000000000000, 1.00000000000000, 0.000000000000000 ) );
#5887 = CARTESIAN_POINT( '', ( 7.00000000000000, 8.35000000000000, 4.00000000000000 ) );
#5888 = DIRECTION( '', ( 0.000000000000000, 1.00000000000000, 0.000000000000000 ) );
#5889 = DIRECTION( '', ( -1.00000000000000, 0.000000000000000, 0.000000000000000 ) );
#5890 = CARTESIAN_POINT( '', ( 7.00000000000000, -8.35000000000000, 4.00000000000000 ) );
#5891 = DIRECTION( '', ( 0.000000000000000, 1.00000000000000, 0.000000000000000 ) );
#5892 = DIRECTION( '', ( -1.00000000000000, 0.000000000000000, 0.000000000000000 ) );
#5893 = DIRECTION( '', ( 1.14126544472158E-015, 0.000000000000000, -1.00000000000000 ) );
#5894 = DIRECTION( '', ( 0.000000000000000, 1.00000000000000, 0.000000000000000 ) );
#5895 = DIRECTION( '', ( 0.000000000000000, -1.00000000000000, 0.000000000000000 ) );
#5896 = DIRECTION( '', ( 1.00000000000000, 0.000000000000000, 0.000000000000000 ) );
#5897 = DIRECTION( '', ( 0.000000000000000, -1.00000000000000, 0.000000000000000 ) );
#5898 = CARTESIAN_POINT( '', ( 7.00000000000000, 8.35000000000000, 4.00000000000000 ) );
#5899 = DIRECTION( '', ( 0.000000000000000, 1.00000000000000, 0.000000000000000 ) );
#5900 = DIRECTION( '', ( 0.000000000000000, 0.000000000000000, 1.00000000000000 ) );
#5901 = DIRECTION( '', ( 0.000000000000000, -1.00000000000000, 0.000000000000000 ) );
#5902 = CARTESIAN_POINT( '', ( 0.000000000000000, -11.2500000000000, -5.58000000000000 ) );
#5903 = DIRECTION( '', ( 0.000000000000000, 0.000000000000000, 1.00000000000000 ) );
#5904 = DIRECTION( '', ( 1.00000000000000, 0.000000000000000, 0.000000000000000 ) );
#5905 = DIRECTION( '', ( 6.12303176911189E-017, 1.00000000000000, 0.000000000000000 ) );
#5906 = DIRECTION( '', ( -1.00000000000000, 0.000000000000000, 0.000000000000000 ) );
#5907 = DIRECTION( '', ( -1.00000000000000, 0.000000000000000, 0.000000000000000 ) );
#5908 = DIRECTION( '', ( 1.00000000000000, 0.000000000000000, 0.000000000000000 ) );
#5909 = DIRECTION( '', ( 1.00000000000000, 0.000000000000000, 0.000000000000000 ) );
#5910 = DIRECTION( '', ( 0.000000000000000, 1.00000000000000, 0.000000000000000 ) );
#5911 = DIRECTION( '', ( -1.00000000000000, 0.000000000000000, 0.000000000000000 ) );
#5912 = DIRECTION( '', ( -1.00000000000000, 0.000000000000000, 0.000000000000000 ) );
#5913 = DIRECTION( '', ( -6.12303176911189E-017, -1.00000000000000, 0.000000000000000 ) );
#5914 = CARTESIAN_POINT( '', ( 5.00000000000000, -11.2500000000000, -5.58000000000000 ) );
#5915 = DIRECTION( '', ( 0.000000000000000, 0.000000000000000, 1.00000000000000 ) );
#5916 = DIRECTION( '', ( 1.00000000000000, 0.000000000000000, 0.000000000000000 ) );
#5917 = CARTESIAN_POINT( '', ( -10.0000000000000, -11.2500000000000, -5.58000000000000 ) );
#5918 = DIRECTION( '', ( 0.000000000000000, 0.000000000000000, 1.00000000000000 ) );
#5919 = DIRECTION( '', ( 1.00000000000000, 0.000000000000000, 0.000000000000000 ) );
#5920 = CARTESIAN_POINT( '', ( -5.00000000000000, -11.2500000000000, -5.58000000000000 ) );
#5921 = DIRECTION( '', ( 0.000000000000000, 0.000000000000000, 1.00000000000000 ) );
#5922 = DIRECTION( '', ( 1.00000000000000, 0.000000000000000, 0.000000000000000 ) );
#5923 = CARTESIAN_POINT( '', ( 10.0000000000000, -11.2500000000000, -5.58000000000000 ) );
#5924 = DIRECTION( '', ( 0.000000000000000, 0.000000000000000, 1.00000000000000 ) );
#5925 = DIRECTION( '', ( 1.00000000000000, 0.000000000000000, 0.000000000000000 ) );
#5926 = DIRECTION( '', ( 0.707106781186547, 0.000000000000000, -0.707106781186548 ) );
#5927 = DIRECTION( '', ( 1.00000000000000, 0.000000000000000, 0.000000000000000 ) );
#5928 = DIRECTION( '', ( 0.707106781186547, 0.000000000000000, 0.707106781186548 ) );
#5929 = DIRECTION( '', ( -0.707106781186547, 0.000000000000000, 0.707106781186548 ) );
#5930 = DIRECTION( '', ( -1.00000000000000, 0.000000000000000, 0.000000000000000 ) );
#5931 = DIRECTION( '', ( 1.00000000000000, 0.000000000000000, 0.000000000000000 ) );
#5932 = DIRECTION( '', ( 2.42313776020723E-017, 0.395741497280961, -0.918361947888643 ) );
#5933 = DIRECTION( '', ( -1.00000000000000, 0.000000000000000, 0.000000000000000 ) );
#5934 = DIRECTION( '', ( 1.32421639387543E-016, 0.000000000000000, -1.00000000000000 ) );
#5935 = DIRECTION( '', ( -2.42313776020723E-017, -0.395741497280961, -0.918361947888643 ) );
#5936 = DIRECTION( '', ( 6.12303176911189E-017, 1.00000000000000, 0.000000000000000 ) );
#5937 = DIRECTION( '', ( -1.00000000000000, 0.000000000000000, 0.000000000000000 ) );
#5938 = DIRECTION( '', ( 0.000000000000000, -1.00000000000000, 0.000000000000000 ) );
#5939 = DIRECTION( '', ( -1.00000000000000, 0.000000000000000, 0.000000000000000 ) );
#5940 = DIRECTION( '', ( 0.000000000000000, 1.00000000000000, 0.000000000000000 ) );
#5941 = CARTESIAN_POINT( '', ( -8.00000000000000, 9.43592105263158, -6.10000000000000 ) );
#5942 = DIRECTION( '', ( 0.000000000000000, 0.918361947888643, -0.395741497280961 ) );
#5943 = DIRECTION( '', ( 0.000000000000000, -0.395741497280961, -0.918361947888643 ) );
#5944 = CARTESIAN_POINT( '', ( -8.00000000000000, 8.35000000000000, -6.10000000000000 ) );
#5945 = DIRECTION( '', ( 0.000000000000000, 1.00000000000000, 0.000000000000000 ) );
#5946 = DIRECTION( '', ( 0.000000000000000, 0.000000000000000, 1.00000000000000 ) );
#5947 = CARTESIAN_POINT( '', ( 10.0000000000000, -11.2500000000000, -10.6000000000000 ) );
#5948 = DIRECTION( '', ( 0.000000000000000, 0.000000000000000, 1.00000000000000 ) );
#5949 = DIRECTION( '', ( -1.00000000000000, 0.000000000000000, 0.000000000000000 ) );
#5950 = DIRECTION( '', ( 0.000000000000000, 1.00000000000000, 0.000000000000000 ) );
#5951 = CARTESIAN_POINT( '', ( 7.00000000000000, -8.35000000000000, 4.00000000000000 ) );
#5952 = DIRECTION( '', ( 0.000000000000000, -1.00000000000000, 0.000000000000000 ) );
#5953 = DIRECTION( '', ( 0.000000000000000, 0.000000000000000, -1.00000000000000 ) );
#5954 = DIRECTION( '', ( 0.000000000000000, 1.00000000000000, 0.000000000000000 ) );
#5955 = DIRECTION( '', ( -0.173648177666931, 0.000000000000000, 0.984807753012208 ) );
#5956 = DIRECTION( '', ( 1.00000000000000, 0.000000000000000, -4.27034717641802E-017 ) );
#5957 = CARTESIAN_POINT( '', ( 10.5000000000000, 10.9050000000000, -5.58000000000000 ) );
#5958 = DIRECTION( '', ( 0.000000000000000, 0.000000000000000, -1.00000000000000 ) );
#5959 = DIRECTION( '', ( -1.00000000000000, 0.000000000000000, 0.000000000000000 ) );
#5960 = DIRECTION( '', ( -6.12303176911189E-017, -1.00000000000000, 0.000000000000000 ) );
#5961 = DIRECTION( '', ( -0.707106781186547, 0.000000000000000, 0.707106781186548 ) );
#5962 = DIRECTION( '', ( 0.000000000000000, -1.00000000000000, 0.000000000000000 ) );
#5963 = DIRECTION( '', ( -0.707106781186548, 0.000000000000000, -0.707106781186547 ) );
#5964 = CARTESIAN_POINT( '', ( -7.00000000000000, -8.35000000000000, 4.00000000000000 ) );
#5965 = DIRECTION( '', ( -0.000000000000000, 1.00000000000000, 0.000000000000000 ) );
#5966 = DIRECTION( '', ( 1.00000000000000, 0.000000000000000, 0.000000000000000 ) );
#5967 = CARTESIAN_POINT( '', ( -7.00000000000000, -8.35000000000000, -4.00000000000000 ) );
#5968 = DIRECTION( '', ( -0.000000000000000, 1.00000000000000, 0.000000000000000 ) );
#5969 = DIRECTION( '', ( 1.00000000000000, 0.000000000000000, 0.000000000000000 ) );
#5970 = DIRECTION( '', ( -1.00000000000000, 0.000000000000000, 0.000000000000000 ) );
#5971 = DIRECTION( '', ( -0.173648177666931, 0.000000000000000, -0.984807753012208 ) );
#5972 = DIRECTION( '', ( -1.32421639387543E-016, 0.000000000000000, 1.00000000000000 ) );
#5973 = DIRECTION( '', ( 1.00000000000000, 0.000000000000000, 0.000000000000000 ) );
#5974 = DIRECTION( '', ( -5.70632722360792E-016, 0.000000000000000, -1.00000000000000 ) );
#5975 = DIRECTION( '', ( 0.000000000000000, -1.00000000000000, 0.000000000000000 ) );
#5976 = CARTESIAN_POINT( '', ( -7.00000000000000, 8.35000000000000, 4.00000000000000 ) );
#5977 = DIRECTION( '', ( -0.000000000000000, 1.00000000000000, 0.000000000000000 ) );
#5978 = DIRECTION( '', ( 1.00000000000000, 0.000000000000000, 0.000000000000000 ) );
#5979 = DIRECTION( '', ( -0.173648177666931, 0.000000000000000, 0.984807753012208 ) );
#5980 = DIRECTION( '', ( 1.00000000000000, 0.000000000000000, 0.000000000000000 ) );
#5981 = DIRECTION( '', ( 1.00000000000000, 0.000000000000000, 0.000000000000000 ) );
#5982 = DIRECTION( '', ( -5.70632722360792E-016, 0.000000000000000, -1.00000000000000 ) );
#5983 = DIRECTION( '', ( 1.00000000000000, 0.000000000000000, 0.000000000000000 ) );
#5984 = DIRECTION( '', ( 1.00000000000000, 0.000000000000000, 0.000000000000000 ) );
#5985 = DIRECTION( '', ( 1.00000000000000, 0.000000000000000, 0.000000000000000 ) );
#5986 = DIRECTION( '', ( -1.00000000000000, 0.000000000000000, 0.000000000000000 ) );
#5987 = DIRECTION( '', ( 0.000000000000000, 0.000000000000000, 1.00000000000000 ) );
#5988 = CARTESIAN_POINT( '', ( 3.76954981558864, 8.35000000000000, 5.50000000000000 ) );
#5989 = DIRECTION( '', ( 0.000000000000000, 1.00000000000000, 0.000000000000000 ) );
#5990 = DIRECTION( '', ( 0.000000000000000, 0.000000000000000, 1.00000000000000 ) );
#5991 = DIRECTION( '', ( -1.00000000000000, 0.000000000000000, 0.000000000000000 ) );
#5992 = CARTESIAN_POINT( '', ( -7.00000000000000, 8.35000000000000, -4.00000000000000 ) );
#5993 = DIRECTION( '', ( -0.000000000000000, 1.00000000000000, 0.000000000000000 ) );
#5994 = DIRECTION( '', ( 1.00000000000000, 0.000000000000000, 0.000000000000000 ) );
#5995 = DIRECTION( '', ( 0.000000000000000, -1.00000000000000, 0.000000000000000 ) );
#5996 = DIRECTION( '', ( 1.00000000000000, 0.000000000000000, 0.000000000000000 ) );
#5997 = DIRECTION( '', ( 0.000000000000000, -1.00000000000000, 0.000000000000000 ) );
#5998 = DIRECTION( '', ( 0.707106781186547, 0.000000000000000, -0.707106781186548 ) );
#5999 = DIRECTION( '', ( 1.00000000000000, 0.000000000000000, -3.61400724161835E-016 ) );
#6000 = DIRECTION( '', ( 0.000000000000000, 0.000000000000000, -1.00000000000000 ) );
#6001 = DIRECTION( '', ( -0.342020143325667, 0.000000000000000, 0.939692620785909 ) );
#6002 = DIRECTION( '', ( -0.342020143325667, 0.000000000000000, 0.939692620785909 ) );
#6003 = DIRECTION( '', ( -1.00000000000000, 0.000000000000000, 0.000000000000000 ) );
#6004 = DIRECTION( '', ( -0.173648177666931, 0.000000000000000, -0.984807753012208 ) );
#6005 = DIRECTION( '', ( 0.000000000000000, -1.00000000000000, 0.000000000000000 ) );
#6006 = DIRECTION( '', ( 0.000000000000000, 0.000000000000000, -1.00000000000000 ) );
#6007 = DIRECTION( '', ( 0.000000000000000, 0.395741497280961, 0.918361947888643 ) );
#6008 = DIRECTION( '', ( -1.00000000000000, 0.000000000000000, 0.000000000000000 ) );
#6009 = DIRECTION( '', ( 0.000000000000000, -1.00000000000000, 0.000000000000000 ) );
#6010 = CARTESIAN_POINT( '', ( 0.000000000000000, 11.2500000000000, -5.58000000000000 ) );
#6011 = DIRECTION( '', ( 0.000000000000000, 0.000000000000000, -1.00000000000000 ) );
#6012 = DIRECTION( '', ( -1.00000000000000, 0.000000000000000, 0.000000000000000 ) );
#6013 = DIRECTION( '', ( -0.173648177666931, 0.000000000000000, 0.984807753012208 ) );
#6014 = CARTESIAN_POINT( '', ( 10.0000000000000, 11.2500000000000, -7.10000000000000 ) );
#6015 = DIRECTION( '', ( 0.000000000000000, 0.000000000000000, 1.00000000000000 ) );
#6016 = DIRECTION( '', ( 1.00000000000000, 0.000000000000000, 0.000000000000000 ) );
#6017 = CARTESIAN_POINT( '', ( 10.0000000000000, 11.2500000000000, -5.58000000000000 ) );
#6018 = DIRECTION( '', ( 0.000000000000000, 0.000000000000000, -1.00000000000000 ) );
#6019 = DIRECTION( '', ( -1.00000000000000, 0.000000000000000, 0.000000000000000 ) );
#6020 = DIRECTION( '', ( 1.00000000000000, 0.000000000000000, -3.61400724161835E-016 ) );
#6021 = DIRECTION( '', ( 1.00000000000000, 0.000000000000000, 0.000000000000000 ) );
#6022 = CARTESIAN_POINT( '', ( 5.00000000000000, 11.2500000000000, -7.10000000000000 ) );
#6023 = DIRECTION( '', ( 0.000000000000000, 0.000000000000000, 1.00000000000000 ) );
#6024 = DIRECTION( '', ( -1.00000000000000, 0.000000000000000, 0.000000000000000 ) );
#6025 = DIRECTION( '', ( -1.00000000000000, 0.000000000000000, 0.000000000000000 ) );
#6026 = DIRECTION( '', ( 0.000000000000000, -1.00000000000000, 0.000000000000000 ) );
#6027 = DIRECTION( '', ( -1.00000000000000, 0.000000000000000, 0.000000000000000 ) );
#6028 = DIRECTION( '', ( -1.00000000000000, 0.000000000000000, 0.000000000000000 ) );
#6029 = DIRECTION( '', ( -6.12303176911189E-017, -1.00000000000000, 0.000000000000000 ) );
#6030 = CARTESIAN_POINT( '', ( -5.00000000000000, 11.2500000000000, -5.58000000000000 ) );
#6031 = DIRECTION( '', ( 0.000000000000000, 0.000000000000000, -1.00000000000000 ) );
#6032 = DIRECTION( '', ( -1.00000000000000, 0.000000000000000, 0.000000000000000 ) );
#6033 = DIRECTION( '', ( 0.000000000000000, 1.00000000000000, 0.000000000000000 ) );
#6034 = CARTESIAN_POINT( '', ( -5.00000000000000, 11.2500000000000, -7.10000000000000 ) );
#6035 = DIRECTION( '', ( 0.000000000000000, 0.000000000000000, 1.00000000000000 ) );
#6036 = DIRECTION( '', ( 1.00000000000000, 0.000000000000000, 0.000000000000000 ) );
#6037 = DIRECTION( '', ( 1.00000000000000, 0.000000000000000, 0.000000000000000 ) );
#6038 = DIRECTION( '', ( 0.707106781186547, 0.000000000000000, 0.707106781186548 ) );
#6039 = DIRECTION( '', ( 0.000000000000000, -1.00000000000000, 0.000000000000000 ) );
#6040 = DIRECTION( '', ( 0.000000000000000, -1.00000000000000, 0.000000000000000 ) );
#6041 = DIRECTION( '', ( 0.000000000000000, 0.000000000000000, 1.00000000000000 ) );
ENDSEC;
END-ISO-10303-21;
